R,T,cell,vantage,L,auc,auc_adj_lo,auc_hi,auc_lo,control,coverage_p50,dev_accuracy,dev_baseline,dev_baseline_hi,dev_baseline_lo,dev_baseline_random,dev_candidates_median,dev_ci_adj_hi,dev_ci_adj_lo,dev_ci_hi,dev_ci_lo,dev_contribution,dev_contribution_hi,dev_contribution_lo,dev_lift_random,dev_lift_random_hi,dev_lift_random_lo,dev_n_correct,dev_random,dev_signal_random,inv_L,inv_R,n,p_at_1,p_at_1_hi,p_at_1_lo,p_at_5,p_at_5_hi,p_at_5_lo,runs,runs_needed,shuffle_auc,shuffle_auc_hi,shuffle_auc_lo,signal,signal_auc,stable,sub_accuracy,sub_baseline,sub_baseline_hi,sub_baseline_lo,sub_baseline_random,sub_candidates_median,sub_ci_adj_hi,sub_ci_adj_lo,sub_ci_hi,sub_ci_lo,sub_contribution,sub_contribution_hi,sub_contribution_lo,sub_lift,sub_lift_hi,sub_lift_lo,sub_lift_random,sub_lift_random_hi,sub_lift_random_lo,sub_n_correct,sub_random,sub_signal_L,sub_signal_random
1.0,1.0,R1,baseline,1.0,0.8917465771327141,0.8865502460787821,0.8952419712105203,0.8882511830549079,False,1.0,0.8770832290676143,0.8770832290676143,0.8800882960442044,0.8741990554447103,0.7067964673042297,2.0,0.8814958856698027,0.8729771282893527,0.8798761076865714,0.8741834035794186,0.0,0.0,0.0,1.2409275978049212,1.2448790587845908,1.2368248247066995,35050,0.7067964566338021,True,1.0,1.0,39962,1.0,0.9999999999999999,0.9904877056657034,1.0,1.0,0.998081037434924,200,0,0.5117475442248626,0.5208513518611927,0.5026437365885325,True,True,True,0.8094189480006005,0.8094189480006005,0.8135788697694943,0.8054241867041213,0.5358574390411377,3.0,0.8161292972675667,0.8035814180875965,0.8134208382032041,0.8053911037287113,0.0,0.0,0.0,0.8094189480006005,0.8134208382032041,0.8053911037287113,1.5105117399518388,1.517979939390415,1.5029951058596727,32346,0.5358574359881559,False,True
1.0,1.0,R1,first_hop_cred,1.0,0.894780120879511,0.8893729888953381,0.8984173135293312,0.8911429282296908,False,1.0,0.8858165256994145,0.8770832290676143,0.8801651031253452,0.8739728785384637,0.7067964673042297,2.0,0.8908463839039584,0.8815544720502013,0.8889400579646102,0.8827452460661804,0.008733296631800211,0.010368860568040348,0.007049802498679871,1.253283767038414,1.2577030481990354,1.2489384147033706,35399,0.7067964566338021,True,1.0,1.0,39962,1.0,0.9999999999999999,0.9904877056657034,1.0,1.0,0.998081037434924,200,0,0.5061264918583791,0.5150933739152909,0.49715960980146734,True,True,True,0.8239077123267103,0.8094189480006005,0.8136653423315128,0.8053042263894348,0.5358574390411377,3.0,0.8299423414775213,0.8175152753384726,0.8282292929119937,0.819605119778976,0.014488764326109804,0.016649810549827466,0.012336879881060222,0.8239077123267103,0.8282292929119937,0.819605119778976,1.5375502083074968,1.5456150037083745,1.52952084777469,32925,0.5358574359881559,False,True
1.0,1.0,R1,first_hop_content,1.0,0.886320652272155,0.8813773390112843,0.889645849939019,0.8829954546052909,False,1.0,0.8790601071017466,0.8770832290676143,0.8799160816659678,0.8741125770340563,0.7067964673042297,2.0,0.8829210852213751,0.8749056248007084,0.881865828939542,0.8762819804844235,0.0019768780341324257,0.00343855824990231,0.0006891347967510971,1.2437245530182333,1.2476941850268004,1.2397939636791833,70258,0.7067964566338021,True,1.0,1.0,79924,1.0,1.0,0.9952151713411301,1.0,1.0000000000000002,0.9990395972289796,200,0,0.510939960568731,0.5167916078433582,0.5050883132941039,True,True,True,0.8140733697012161,0.8094189480006005,0.8136275829076915,0.8055296333126364,0.5358574390411377,3.0,0.8195188372877942,0.8080004262668213,0.8179574409876854,0.8103357931005694,0.004654421700615584,0.006243549584692676,0.0029708790739375966,0.8140733697012161,0.8179574409876854,0.8103357931005694,1.5191976727914802,1.5264460023388846,1.5122227269390365,65064,0.5358574359881559,False,True
1.0,1.0,R1,cred_processor,1.0,0.8892895973565549,0.8839451087308029,0.892884651962866,0.8856945427502437,False,1.0,0.8752564936689855,0.8770832290676143,0.879993200581124,0.8739307024208417,0.7067964673042297,2.0,0.8795250553919584,0.8708959821606942,0.8781151952116318,0.8723601550544889,-0.0018267353986286972,-0.0007940329815094258,-0.0028567149867033946,1.2383430695698354,1.2423876590917766,1.2342452298207642,34977,0.7067964566338021,True,1.0,1.0,39962,1.0,0.9999999999999999,0.9904877056657034,1.0,1.0,0.998081037434924,200,0,0.5003288763852812,0.50877810466798,0.4918796481025825,True,True,True,0.806466142835694,0.8094189480006005,0.8136625993169575,0.8052751830560848,0.5358574390411377,3.0,0.8127396929913538,0.8006281113802587,0.8105379054662193,0.802402800904348,-0.0029528051649066614,-0.0017864067262645992,-0.004206728855110184,0.806466142835694,0.8105379054662193,0.802402800904348,1.5050013094406687,1.5125999025683663,1.4974184307523233,32228,0.5358574359881559,False,True
1.0,1.0,R1,content_server,1.0,0.912672718241459,0.9087540661434559,0.9153086614087017,0.9100367750742163,False,1.0,0.8978654721985887,0.8770832290676143,0.880020789944917,0.8740113790363103,0.7067964673042297,2.0,0.9016894896209668,0.8940331043967031,0.9004818544535528,0.8950947700140038,0.020782243130974425,0.022826257384602516,0.018635415059157757,1.1976234781665402,1.201113356008407,1.1939277597209463,71761,0.7497059706721385,True,1.0,1.0,79924,1.0,1.0,0.9952151713411301,1.0,1.0000000000000002,0.9990395972289796,200,0,0.5023985564616062,0.5088798028327861,0.49591731009042644,True,True,True,0.8530103598418498,0.8094189480006005,0.813631290769783,0.8052283246388605,0.5358574390411377,2.0,0.8577318794425458,0.8484029270857328,0.8564812056878957,0.8496731941278592,0.043591411841249185,0.04646259758511261,0.04074582356301463,0.8530103598418498,0.8564812056878957,0.8496731941278592,1.3907326529974213,1.396391457249824,1.3852917984129933,68176,0.6133532264474928,False,True
1.0,1.0,R1,validator,1.0,0.9156811580082777,0.9107936583895118,0.9189688117480806,0.9123935042684747,False,1.0,0.8948501076022221,0.8770832290676143,0.880022620287481,0.87420893897938,0.7067964673042297,1.0,0.899289393184628,0.8906120918511157,0.897989340547714,0.8918176476444866,0.01776687853460788,0.02069712993393621,0.014679404985249592,1.189146049481245,1.1933177050734154,1.1851162820952705,35760,0.7525148891446874,True,1.0,1.0,39962,1.0,0.9999999999999999,0.9904877056657034,1.0,1.0,0.998081037434924,200,0,0.49499577475624157,0.5041016569401631,0.48588989257232007,True,True,True,0.7801161103047896,0.8094189480006005,0.8136121634098428,0.8050595626486876,0.5358574390411377,2.0,0.7860716241661433,0.7741002621989823,0.78441889739277,0.7757228603385508,-0.02930283769581102,-0.02462768819680254,-0.03422144068183513,0.7801161103047896,0.78441889739277,0.7757228603385508,1.4315567701500884,1.4394526255297526,1.423494910320436,31175,0.5449424895828616,False,True
1.0,1.0,R1,gatekeeper,1.0,0.8964239500985529,0.8921630811191271,0.8992900908510215,0.8935578093460843,False,1.0,0.8780841799709724,0.8770832290676143,0.8800719617105262,0.8739852648241558,0.7067964673042297,2.0,0.882179559004065,0.8739965077258383,0.8805438020558412,0.8753647683003158,0.0010009509033581904,0.002596680374431262,-0.0005377084176746672,1.2423437776597628,1.2458237358029927,1.2384962602519818,105270,0.7067964566338021,True,1.0,1.0,119886,1.0,0.9999999999999999,0.9968063465118165,1.0,0.9999999999999999,0.9993595264484617,200,0,0.5040241470066624,0.5087884479548179,0.49925984605850693,True,True,True,0.8120881504095557,0.8094189480006005,0.8136702202687334,0.805108526315225,0.5358574390411377,3.0,0.8181450019626226,0.8066963890923503,0.8159287793955587,0.8085517560573536,0.0026692024089551743,0.00476448327607124,0.0005553713388256181,0.8120881504095557,0.8159287793955587,0.8085517560573536,1.5154929200749307,1.5226601789913263,1.5088934140968515,97358,0.5358574359881559,False,True
2.0,2.0,R2,baseline,2.0,0.7740603696483599,0.7678009034425026,0.7782708983616191,0.7698498409351007,False,1.0,0.6959033744241065,0.6959033744241065,0.7005996739831969,0.6914926796936834,0.4115303158760071,3.0,0.7025358806341936,0.6892864640023277,0.7003509123864825,0.6915183111365333,0.0,0.0,0.0,1.6910135980912784,1.7018209133721227,1.6803580934331586,27944,0.41153032430348485,True,0.5,0.5,40155,1.0,1.0,0.9905345825637017,1.0,0.9999999999999999,0.9980905757738255,200,0,0.499496357503195,0.505382920853681,0.493609794152709,True,True,True,0.6299838127256879,0.6299838127256879,0.6353938647752245,0.6245836636253006,0.31754618883132935,4.0,0.6380027519369096,0.6217995273290073,0.6352399420637986,0.6246090470325637,0.0,0.0,0.0,1.2599676254513759,1.2704798841275973,1.2492180940651274,1.9839122835690133,2.000464612926158,1.9669863507680423,25297,0.317546202996617,True,True
2.0,2.0,R2,first_hop_cred,2.0,0.7762508256218367,0.7702172245866853,0.7803094225640301,0.7721922286796432,False,1.0,0.7180674884821318,0.6959033744241065,0.7003556298604073,0.691519156195357,0.4115303158760071,3.0,0.7244895976223106,0.7115453918463569,0.7222955583887466,0.7138333828017385,0.022164114058025153,0.024392140013206623,0.019874799539679446,1.7448713887547924,1.7551454066264303,1.7345827042269646,28834,0.41153032430348485,True,0.5,0.5,40155,1.0,1.0,0.9905345825637017,1.0,0.9999999999999999,0.9980905757738255,200,0,0.4985776340814366,0.505091391198111,0.4920638769647622,True,True,True,0.6631801768148425,0.6299838127256879,0.6354193008723968,0.6242354726993851,0.31754618883132935,4.0,0.6713823941713882,0.6548034165190884,0.668463958183861,0.6574568053949028,0.03319636408915452,0.03613251263961559,0.03038653174267607,1.326360353629685,1.336927916367722,1.3149136107898056,2.0884525481852725,2.1050919578811103,2.0704288043460153,26630,0.317546202996617,True,True
2.0,2.0,R2,first_hop_content,2.0,0.7669280209005785,0.7605886207879019,0.7711923184175596,0.7626637233835974,False,1.0,0.7015315651849084,0.6959033744241065,0.7003964864868442,0.6916039859668669,0.4115303158760071,3.0,0.707780157272174,0.6954639182419216,0.7053547632133926,0.6976234042688862,0.005628190760801893,0.007668446991111682,0.003689663433127552,1.704689846057519,1.713980043650989,1.6951931925055923,56340,0.41153032430348485,True,0.5,0.5,80310,1.0,0.9999999999999999,0.9952388926241978,1.0,1.0,0.9990443755406659,200,0,0.50342939323782,0.5076906395415517,0.4991681469340883,True,True,True,0.6416137467314158,0.6299838127256879,0.6356011247328207,0.6246935332814822,0.31754621863365173,4.0,0.6487053027645119,0.6338120326350344,0.6466627842963291,0.6365775616416569,0.011629934005727805,0.014204849572689249,0.009188310883087409,1.2832274934628316,1.2933255685926581,1.2731551232833138,2.0205366673468026,2.036436834054093,2.0046769749863413,51528,0.317546202996617,True,True
2.0,2.0,R2,cred_processor,2.0,0.7703984909634161,0.7642554419549165,0.7745307098118928,0.7662662721149394,False,1.0,0.6937616735151289,0.6959033744241065,0.7002946756341568,0.6913786913553094,0.4115303158760071,3.0,0.7007463013451617,0.6866404912109126,0.6984416034820351,0.6890384227913937,-0.0021417009089777115,-0.0005719386982562382,-0.003676047710789332,1.685809362139523,1.6971813794381925,1.674332077369004,27858,0.41153032430348485,True,0.5,0.5,40155,1.0,1.0,0.9905345825637017,1.0,0.9999999999999999,0.9980905757738255,200,0,0.5021021159639436,0.5079671318534209,0.49623710007446625,True,True,True,0.6275183663304694,0.6299838127256879,0.6355674801939444,0.6247561534108974,0.31754618883132935,4.0,0.6361133016128376,0.6197794885574313,0.6329322236205882,0.6221595292714254,-0.002465446395218528,-0.000922439857461788,-0.004020080370728114,1.2550367326609388,1.2658644472411764,1.2443190585428507,1.9761482279073408,1.9931972659340258,1.959272456733024,25198,0.317546202996617,True,True
2.0,2.0,R2,content_server,2.0,0.8063946021620678,0.8010107525457977,0.8100161335597392,0.8027730707643964,False,1.0,0.7381397086290624,0.6959033744241065,0.7002996256408958,0.6912015463690735,0.4115303158760071,3.0,0.7437408663840713,0.732317002422848,0.7417729687383836,0.7342607198350806,0.042236334204955796,0.04549417942575232,0.03878088970359112,1.580561146982634,1.5883409611540467,1.5722551597749606,59280,0.46701116881065063,True,0.5,0.5,80310,1.0,0.9999999999999999,0.9952388926241978,1.0,1.0,0.9990443755406659,200,0,0.4999619262181204,0.5046142895894876,0.4953095628467532,True,True,True,0.6942597434939609,0.6299838127256879,0.6350721566810805,0.6244677949365004,0.31754621863365173,4.0,0.7015553002431776,0.6872360521311682,0.6987936963747398,0.6895295729406157,0.06427593076827294,0.06799116589248673,0.0601801872153555,1.3885194869879218,1.3975873927494795,1.3790591458812314,1.7874928223956856,1.7991662750298336,1.7753141731335806,55756,0.38839861888982574,True,True
2.0,2.0,R2,validator,2.0,0.8114240653002992,0.8060939856688853,0.8150094274692052,0.8078387031313932,False,1.0,0.7348275432698295,0.6959033744241065,0.7001782244368783,0.6915100782476282,0.4115303158760071,2.0,0.7410509588985467,0.7282290502561983,0.7394340871669837,0.7302336257068388,0.03892416884572283,0.043396882199455006,0.0345102295234167,1.5661127474689267,1.575930516529414,1.556321888481515,29507,0.46920475199338046,True,0.5,0.5,40155,1.0,1.0,0.9905345825637017,1.0,0.9999999999999999,0.9980905757738255,200,0,0.4996516826974063,0.5060272518163555,0.493276113578457,True,True,True,0.6294608392479143,0.6299838127256879,0.6355791410628747,0.624542403533238,0.31754618883132935,4.0,0.637412749771502,0.6206663813113131,0.6352775027558805,0.6239661348497555,-0.0005229734777736272,0.005900339632375352,-0.006816203995731781,1.2589216784958286,1.270555005511761,1.247932269699511,1.8579216571960866,1.8750901678169931,1.8417034436636495,25276,0.3387983754911795,True,True
2.0,2.0,R2,gatekeeper,2.0,0.7810866149248966,0.7754193641300691,0.7848987805971921,0.7772744492526011,False,1.0,0.6998381272568795,0.6959033744241065,0.7004155446779307,0.6914914162833761,0.4115303158760071,3.0,0.7054157834477778,0.6936080353733483,0.7037910799259914,0.6958532252822062,0.003934752832773005,0.0061167470993617875,0.001807393610044571,1.7005748687933404,1.7101803642712308,1.6908917379537896,84306,0.41153032430348485,True,0.5,0.5,120465,1.0,1.0,0.9968221979874502,1.0,1.0,0.9993626082838014,200,0,0.5014655984219689,0.5048736174394347,0.4980575794045032,True,True,True,0.6354293778275848,0.6299838127256879,0.6355461813758675,0.6244982326907275,0.31754618883132935,4.0,0.6424420610442979,0.628079664190774,0.6402331745092604,0.6302991257360893,0.005445565101896817,0.008268795007840453,0.0025190363894525176,1.2708587556551696,1.2804663490185209,1.2605982514721785,2.001061174188735,2.0161890410513936,1.9849052509149485,76547,0.317546202996617,True,True
3.0,3.0,R3,baseline,3.0,0.7182030587873262,0.7110389185173432,0.7230221307849277,0.7133839867897246,False,1.0,0.5730052199850858,0.5730052199850858,0.5775314292201957,0.5688068684171741,0.28001782298088074,4.0,0.5798689980088975,0.5667860227791345,0.5776031750499263,0.5684051303277067,0.0,0.0,0.0,2.046316997179806,2.0627372203702627,2.0298891509296597,23052,0.28001781775491796,True,0.3333333333333333,0.3333333333333333,40230,1.0,1.0,0.9905345825637017,0.9920477137176938,0.9950991429180376,0.9871209574455784,200,0,0.5001213915328628,0.5058438497861903,0.4943989332795353,True,True,True,0.5117822520507084,0.5117822520507084,0.5168571625921383,0.5067625642400608,0.21916863322257996,6.0,0.5193143168979757,0.5047628680639696,0.5165792333621497,0.5071934139455477,0.0,0.0,0.0,1.535346756152125,1.5497377000864492,1.5215802418366433,2.3351070471928654,2.356994216630092,2.314169572016946,20589,0.21916864696457675,True,True
3.0,3.0,R3,first_hop_cred,3.0,0.7222839372103247,0.7153587413529765,0.726942279478396,0.7176255949422534,False,1.0,0.5987820034799901,0.5730052199850858,0.5774918025260161,0.568378436107469,0.28001782298088074,4.0,0.6051508379381897,0.5916856367333612,0.6032590214990515,0.5942796055426197,0.0257767834949043,0.028686176099837122,0.02288041108071385,2.1383710803862717,2.154359413039374,2.1222921109354385,24089,0.28001781775491796,True,0.3333333333333333,0.3333333333333333,40230,1.0,1.0,0.9905345825637017,0.9950298210735586,0.9972980439516379,0.9908749055050907,200,0,0.5070639733601117,0.5123507588292232,0.5017771878910001,True,True,True,0.5501367138951031,0.5117822520507084,0.5168372275749957,0.5070386715159172,0.21916863322257996,6.0,0.5572490560135622,0.5432693917661415,0.5546702016861205,0.5454676643600282,0.03835446184439473,0.041818601827482704,0.034870447813114734,1.6504101416853092,1.6640106050583614,1.6364029930800847,2.5101068127870465,2.530791741283001,2.488803357207337,22132,0.21916864696457675,True,True
3.0,3.0,R3,first_hop_content,3.0,0.7118247306284651,0.7050106244184542,0.7164083466923399,0.7072411145645903,False,1.0,0.5834203330847626,0.5730052199850858,0.5775470353408648,0.5684549812227802,0.28001782298088074,4.0,0.5891143733571239,0.5768433873922865,0.5875155054246302,0.5791546360360588,0.010415113099676859,0.012776052031600033,0.00801196016736832,2.0835114628148195,2.0981361476748797,2.0682777998897075,46942,0.28001781775491796,True,0.3333333333333333,0.3333333333333333,80460,1.0,1.0,0.9952506652832867,0.9893114591101169,0.9920548730581235,0.9856344748490563,200,0,0.5014904398657046,0.5054641783965809,0.4975167013348284,True,True,True,0.5319786229182202,0.5117822520507084,0.5167142804118875,0.5068393956108999,0.21916863322257996,6.0,0.5384851381163244,0.5261917681545396,0.5364886788614218,0.527620761438986,0.020196370867511807,0.02291195077596729,0.017353110101734483,1.5959358687546605,1.6094660365842655,1.582862284316958,2.427256956165822,2.447834972253728,2.4073733572131917,42803,0.21916864696457675,True,True
3.0,3.0,R3,cred_processor,3.0,0.715038496244318,0.7080844284031864,0.7197162597078604,0.7103607327807757,False,1.0,0.5707183693760874,0.5730052199850858,0.5774547048167334,0.5685639616090774,0.28001782298088074,4.0,0.577978409434391,0.5635905772400495,0.5751550733717334,0.566040499690514,-0.00228685060899826,-0.0006930314392323559,-0.003907743529198316,2.038150193269492,2.0539945564290147,2.0214445788800974,22960,0.28001781775491796,True,0.3333333333333333,0.3333333333333333,40230,1.0,1.0,0.9905345825637017,0.9940357852882704,0.996584915347298,0.9896037510783932,200,0,0.5036441173592603,0.5091339962755619,0.49815423844295864,True,True,True,0.508749689286602,0.5117822520507084,0.5166383148930672,0.5070599650941396,0.21916863322257996,6.0,0.5169165862921227,0.5013369977570907,0.5134163683559532,0.5038850875356959,-0.0030325627641063883,-0.0014434894864200135,-0.004705541468221182,1.5262490678598062,1.5402491050678595,1.5116552626070878,2.3212703839378492,2.342563023802097,2.2990746829638304,20467,0.21916864696457675,True,True
3.0,3.0,R3,content_server,3.0,0.7448071448749256,0.7395243409643008,0.7483607062842659,0.7412535834655853,False,1.0,0.6202585135471042,0.5730052199850858,0.5775515906691733,0.5685883316713645,0.28001782298088074,4.0,0.6269346262214679,0.6138977964397021,0.6242373129883846,0.6163445207369714,0.04725329356201839,0.05051960540336798,0.04379999016433733,1.9025979131080752,1.9148025912355298,1.890592024611854,49906,0.3260060937068162,True,0.3333333333333333,0.3333333333333333,80460,1.0,1.0,0.9952506652832867,0.9985085756897838,0.9993162932124862,0.9967497404313284,200,0,0.5003264870036574,0.5044956581808883,0.4961573158264267,True,True,True,0.576087496892866,0.5117822520507084,0.5164966247006864,0.5068203890509173,0.21916863322257996,5.0,0.582776146276836,0.5696317255663891,0.5804092461293111,0.5716037460258373,0.06430524484215759,0.06846414217908965,0.06022111689597027,1.728262490678598,1.7412277383879333,1.714811238077512,2.09425869541915,2.1099696090679663,2.077958855044183,46352,0.2750794341467764,True,True
3.0,3.0,R3,validator,3.0,0.7547811657588619,0.7482263798058955,0.7591903459599479,0.7503719855577758,False,1.0,0.617499378573204,0.5730052199850858,0.5776890243749399,0.5684535294303509,0.28001782298088074,3.0,0.6246750563970308,0.6098018804106469,0.6226662517607396,0.6125577286057314,0.04449415858811832,0.04982922596749505,0.039155495302022766,1.875247670343709,1.8909386446897487,1.8602406631940518,24842,0.3292895057750021,True,0.3333333333333333,0.3333333333333333,40230,1.0,1.0,0.9905345825637017,1.0,0.9999999999999999,0.9980943646119166,200,0,0.4999821539140626,0.5053017470495172,0.4946625607786079,True,True,True,0.5211782252050708,0.5117822520507084,0.5166742785632307,0.5069238088388315,0.21916863322257996,5.0,0.529806851146905,0.5125136414376726,0.5266996474095722,0.5153753414928978,0.009395973154362415,0.01519182341248171,0.003341535567366638,1.5635346756152124,1.5800989422287166,1.5461260244786934,2.196236366745592,2.2195035480191594,2.1717831113632218,20967,0.23730516127340093,True,True
3.0,3.0,R3,gatekeeper,3.0,0.7226406167540873,0.7163813328880376,0.7268510228135977,0.7184302106945769,False,1.0,0.5756980694340873,0.5730052199850858,0.5775550594515608,0.5685581524163865,0.28001782298088074,4.0,0.5814474316063151,0.5695857885473828,0.5799265169314936,0.5715327544469614,0.0026928494490015744,0.0053569016752333665,8.301284070490926e-05,2.0559337046828916,2.071034341961292,2.0410585263084515,69481,0.28001781775491796,True,0.3333333333333333,0.3333333333333333,120690,1.0,1.0,0.9968274469025569,0.9955253563142195,0.9969228518170355,0.993497324132402,200,0,0.5009906382694665,0.5043596001156229,0.49762167642331023,True,True,True,0.5125942497307151,0.5117822520507084,0.5166216013471592,0.5068876619243232,0.21916863322257996,6.0,0.5189673216153518,0.5059820769797387,0.5169830204819352,0.5081926072853025,0.0008119976800066285,0.003850198855433856,-0.0023878634472378727,1.5377827491921452,1.5509490614458057,1.5245778218559074,2.3388119460972145,2.3588365746743554,2.3187285878871142,61865,0.21916864696457675,True,True
4.0,4.0,R4,baseline,4.0,0.6874961803553223,0.6805723200665269,0.6921536242321322,0.6828387364785125,False,0.956337036850837,0.4888643104921824,0.4888643104921824,0.4934845272329804,0.484085109209109,0.21207809448242188,5.0,0.4955787560749253,0.48188941409585223,0.4935384280077925,0.4842335645572442,0.0,0.0,0.0,2.3051146285676807,2.327154234302102,2.283279530429591,19448,0.21207809122965218,True,0.25,0.25,39782,0.9949748743718593,0.998620845875846,0.9818653417770983,0.9366515837104072,0.9465376531467152,0.9250821098362901,200,0,0.49850612318501514,0.5039676306005856,0.4930446157694447,True,True,True,0.43240661605751346,0.43240661605751346,0.4374091110361746,0.4271779352375591,0.16724500060081482,8.0,0.4401525619698908,0.4242594567480909,0.43757995326852106,0.42719673674294817,0.0,0.0,0.0,1.7296264642300538,1.7503198130740842,1.7087869469717927,2.5854681342232957,2.6164008212126935,2.554316952787242,17202,0.16724499920685093,True,True
4.0,4.0,R4,first_hop_cred,4.0,0.6885270724833864,0.6815720722279447,0.6932054631501273,0.6838486818166455,False,1.0,0.5169926097229903,0.4888643104921824,0.4937952039433517,0.4842716166091915,0.21207809448242188,5.0,0.5235270060427732,0.5105627512224657,0.5215495339614401,0.5125247050101354,0.028128299230807903,0.030967449567135697,0.02527508171361561,2.437746429748637,2.4592334405569116,2.416679167746468,20567,0.21207809122965218,True,0.25,0.25,39782,0.992462311557789,0.9974332609231775,0.9780758394827977,0.9577677224736049,0.965759365320652,0.9480112670294072,200,0,0.5041493386661956,0.5096845622756727,0.49861411505671843,True,True,True,0.4751897843245689,0.43240661605751346,0.43768307144163554,0.42721966769421094,0.16724500060081482,8.0,0.48321114232007933,0.4681910386336888,0.4800148718635254,0.47036170293123564,0.04278316826705545,0.04646155063041699,0.03924381926635647,1.9007591372982755,1.9200594874541017,1.8814468117249425,2.8412794796742924,2.8701298941072455,2.812411164231498,18904,0.16724499920685093,True,True
4.0,4.0,R4,first_hop_content,4.0,0.6801121603762305,0.6735964556899346,0.6844950519466162,0.6757292688058447,False,1.0,0.5012191443366346,0.4888643104921824,0.49332167657589787,0.483887591413795,0.21207809448242188,5.0,0.5081132772110268,0.4939708120561247,0.5053052635407991,0.4970155228503432,0.012354833844452264,0.014906783240514275,0.009887210081938663,2.3633706877995304,2.382637737877512,2.3435495857615107,39879,0.21207809122965218,True,0.25,0.25,79564,0.9937185929648241,0.997314061837811,0.9853806851422938,0.9341377576671694,0.941434542441476,0.9260033090452015,200,0,0.5016606382726546,0.505768485995344,0.4975527905499652,True,True,True,0.45722940023126035,0.43240661605751346,0.4375663672880821,0.4274414862625927,0.16724500060081482,8.0,0.46450958177086155,0.45080992501109746,0.4617434556137536,0.4527915776429443,0.02482278417374692,0.027832950821530617,0.021746213095053923,1.8289176009250414,1.8469738224550143,1.8111663105717772,2.733889816733789,2.760880491515701,2.7073549570407507,36379,0.16724499920685093,True,True
4.0,4.0,R4,cred_processor,4.0,0.6846396559352272,0.6779651641897448,0.6891293581265209,0.6801499537439336,False,0.9511085415514554,0.48712985772459905,0.4888643104921824,0.4937607912370812,0.4840638221901468,0.21207809448242188,5.0,0.49373097073382394,0.48006091113803817,0.49145757029829146,0.4823702485840086,-0.0017344527675833292,-0.00014941846418337594,-0.003469505920447453,2.296936260130249,2.317342481954483,2.2744935405028057,19379,0.21207809122965218,True,0.25,0.25,39782,1.0,1.0000000000000002,0.990440362146883,0.930115635997989,0.9405108068982863,0.9180622584234882,200,0,0.5045446804300842,0.5101012643504436,0.4989880965097247,True,True,True,0.4312503142124579,0.43240661605751346,0.43767281969961574,0.4272854507125461,0.16724500060081482,8.0,0.43940741836941893,0.4227993603578618,0.4367329783622547,0.42607279612184257,-0.0011563018450555529,0.00043289481365189496,-0.0028006809514724267,1.7250012568498316,1.7469319134490189,1.7042911844873703,2.5785543140759715,2.6113365447901815,2.5475966285537175,17156,0.16724499920685093,True,True
4.0,4.0,R4,content_server,4.0,0.7083993716164664,0.7020210173533461,0.7126898722574119,0.7041088709755209,False,1.0,0.5373284399979891,0.4888643104921824,0.4936308460277202,0.48392298319604676,0.21207809448242188,5.0,0.5436127030334139,0.5311831069086789,0.5416341415470489,0.5330670451232062,0.04846412950580665,0.05252546716303662,0.04425643044423175,2.158109848303442,2.1754031390083157,2.140994509597728,42752,0.24898104256388978,True,0.25,0.25,79564,1.0,0.9999999999999999,0.9951972246770527,0.9710910005027652,0.9758605090067635,0.9654125272908819,200,0,0.5007267214516623,0.5048776346251735,0.49657580827815107,True,True,True,0.4945578402292494,0.43240661605751346,0.4374940260958458,0.42731029372621077,0.16724500060081482,6.0,0.5020867467270553,0.4875214490677392,0.49925745885763206,0.48993180501932265,0.062151224171735964,0.06637364845783822,0.05758241851170878,1.9782313609169977,1.9970298354305283,1.9597272200772906,2.3310600444192255,2.353211332534591,2.3092555860429553,39349,0.21216006057555956,True,True
4.0,4.0,R4,validator,4.0,0.7145504220036218,0.7077386281796911,0.719132482604512,0.7099683614027317,False,1.0,0.5349655623146147,0.4888643104921824,0.4936926299298791,0.4840881148321803,0.21207809448242188,4.0,0.5414598969064381,0.5281189677771737,0.5398087339469204,0.5304009104676048,0.04610125182243226,0.05120667088190179,0.04059169703722084,2.1252264234137654,2.1444666082988832,2.10709269780164,21282,0.2517216784154678,True,0.25,0.25,39782,1.0,1.0000000000000002,0.990440362146883,0.9899446958270488,0.9934813294447664,0.9845191990836604,200,0,0.4991061168301089,0.5048337644531171,0.4933784692071007,True,True,True,0.4424111407169071,0.43240661605751346,0.4373519855832872,0.4270629426681442,0.16724500060081482,6.0,0.44985171119998124,0.4350244888981524,0.447884110347431,0.43704191303412654,0.010004524659393695,0.01593007693357882,0.0035722335693901307,1.7696445628676285,1.791536441389724,1.7481676521365062,2.419734956164824,2.44966895806981,2.3903683631568384,17600,0.18283454540744817,True,True
4.0,4.0,R4,gatekeeper,4.0,0.6905801415265945,0.6844904607302162,0.6946764614050757,0.6864838216481134,False,0.9645819717460158,0.49076634323731,0.4888643104921824,0.49342068195181477,0.4839739970536192,0.21207810938358307,5.0,0.496783694164169,0.4847770433313937,0.49470206105376924,0.4868079554007844,0.001902032745127612,0.004644839097146182,-0.0008712621329271154,2.314083177530468,2.3326410483300375,2.2954184120491568,58571,0.21207809122965218,True,0.25,0.25,119346,0.9949706621961442,0.9976930320195923,0.9890709134437412,0.9487179487179487,0.9540314619522612,0.942827052368042,200,0,0.5044208402054635,0.5078417469090163,0.5009999335019107,True,True,True,0.43104083924052755,0.43240661605751346,0.43761618858718604,0.42720393252588257,0.167245015501976,8.0,0.43747128746735947,0.4241880313671471,0.435608773883492,0.42639184306317857,-0.0013657768169859066,0.0016764950842983583,-0.004503374800788285,1.7241633569621102,1.742435095533968,1.7055673722527143,2.577301810426094,2.6046146428852266,2.54950429062343,51443,0.16724499920685093,True,True
8.0,8.0,R8,baseline,8.0,0.631052078768221,0.6233141399485581,0.6362571254143945,0.6258470321220475,False,0.16360680340170086,0.31423211605802903,0.31423211605802903,0.31825636865864293,0.3103187468919649,0.10884128510951996,10.0,0.3197888600954822,0.30883838903261707,0.3181364986512082,0.31037004826158576,0.0,0.0,0.0,2.887067440508687,2.922939699530024,2.8515839567450816,12563,0.10884128013395589,True,0.125,0.125,39980,0.755,0.7945912704698848,0.710557459419624,0.6113056528264132,0.6324412811620268,0.5897430550170453,200,0,0.501095085503352,0.5071534857927975,0.4950366852139065,True,True,True,0.2569784892446223,0.2569784892446223,0.2614375712361532,0.2524288868829352,0.08586191385984421,15.0,0.26370130641242717,0.25079697059328143,0.26131409455991517,0.2527708255899664,0.0,0.0,0.0,2.0558279139569784,2.0905127564793213,2.022166604719731,2.9929278237493153,3.0434229209034713,2.943922813010807,10274,0.08586190659375773,True,True
8.0,8.0,R8,first_hop_cred,8.0,0.6270412756059903,0.61924225038632,0.6322874129830285,0.6217951382289522,False,0.23379189594797398,0.34464732366183093,0.31423211605802903,0.31813507405596697,0.3103921655792915,0.10884128510951996,10.0,0.3504016715677689,0.33875258781704554,0.34888194982181886,0.3402906604361065,0.0304152076038019,0.03301010144700981,0.027649753788648097,3.1665129557246834,3.2054193904411457,3.1264852822136544,13779,0.10884128013395589,True,0.125,0.125,39980,0.7825,0.8201383792901101,0.7394871744110122,0.6493246623311656,0.6699383946370095,0.6281381192931162,200,0,0.5031168504370735,0.509084972165962,0.49714872870818505,True,True,True,0.3199349674837419,0.2569784892446223,0.2616612884109476,0.25225561530548973,0.08586191385984421,15.0,0.32761893502610734,0.3126485074494693,0.3252800715982957,0.3145200647543472,0.06295647823911955,0.0667313617492771,0.05924583318725118,2.559479739869935,2.6022405727863656,2.5161605180347775,3.7261572701554893,3.788409604474634,3.663092018704523,12791,0.08586190659375773,True,True
8.0,8.0,R8,first_hop_content,8.0,0.6257049869480963,0.6190733531016682,0.630165860097324,0.6212441137988686,False,0.18878189094547274,0.33067783891945973,0.31423211605802903,0.31811805269206095,0.31064648280316376,0.10884128510951996,10.0,0.3357755815618311,0.32490079224255847,0.3344536084626988,0.3268669649193183,0.016445722861430714,0.01873621383758676,0.014168872381596937,3.038165652889047,3.0728562550079492,3.003152521883502,26441,0.10884128013395589,True,0.125,0.125,79960,0.775,0.8025829306342666,0.7447886874526116,0.6185592796398199,0.6334954115680853,0.6033955322024276,200,0,0.49727381405228444,0.5014101440554504,0.49313748404911856,True,True,True,0.30301400700350173,0.2569784892446223,0.261452658434958,0.25260051815178736,0.08586190640926361,15.0,0.3091204924385697,0.2972006098739755,0.30710560460048864,0.29893420894168476,0.046035517758879436,0.04905606528321114,0.043040053356977116,2.424112056028014,2.456844836803909,2.391473671533478,3.5290854701976913,3.5767387050174775,3.4815696599429775,24229,0.08586190659375773,True,True
8.0,8.0,R8,cred_processor,8.0,0.6292999982631978,0.6221997663493366,0.6340760812966261,0.6245239152297696,False,0.14794897448724362,0.31353176588294146,0.31423211605802903,0.31794564886307675,0.31054998080716767,0.10884128510951996,10.0,0.3193718732646793,0.30788226245506445,0.3174464391513634,0.3096823123128166,-0.0007003501750875437,0.00100391150797633,-0.0023462915730882656,2.8806328398293712,2.9165996463903006,2.8452652516735983,12535,0.10884128013395589,True,0.125,0.125,39980,0.745,0.785243299120611,0.7000956766555838,0.6078039019509754,0.6289806185251949,0.5862136486504903,200,0,0.4987985704156618,0.5051478830928752,0.4924492577384484,True,True,True,0.2553526763381691,0.2569784892446223,0.2613265172066723,0.2524878205297339,0.08586191385984421,15.0,0.26237356178627963,0.2486340537189703,0.2599756937411383,0.2508844248922478,-0.0016258129064532266,0.0001254809392414767,-0.0034832161914936156,2.042821410705353,2.0798055499291066,2.0070753991379826,2.973992617544945,3.027835090725075,2.921952642855562,10209,0.08586190659375773,True,True
8.0,8.0,R8,content_server,8.0,0.6409902895338477,0.6341375815570408,0.6455998716852661,0.6363807073824294,False,0.2788269134567284,0.34933716858429215,0.31423211605802903,0.3180283978517672,0.3103247987362618,0.10884128510951996,8.0,0.3551632917821442,0.3439070173166564,0.35328617892188957,0.34542588138136554,0.035105052526263135,0.03863393173868098,0.03132891668389025,2.7364159349641777,2.7673491873831293,2.705778174110719,27933,0.12766230605540796,True,0.125,0.125,79960,0.79,0.8168051920302777,0.7604230597704305,0.677088544272136,0.6914066886957794,0.6624304171892904,200,0,0.4998710501315168,0.5038315816497826,0.4959105186132509,True,True,True,0.3047023511755878,0.2569784892446223,0.26137513758438025,0.25271285647729547,0.08586190640926361,12.0,0.31114445551983183,0.2985432318603836,0.30892051603960907,0.30043217003283407,0.047723861930965485,0.05169726477187732,0.04362191204533974,2.4376188094047024,2.4713641283168726,2.4034573602626725,2.7777114624482766,2.816164873943406,2.738783862903361,24364,0.1096954652399436,True,True
8.0,8.0,R8,validator,8.0,0.6462059245186235,0.6383339127060089,0.6515011574790817,0.6409106915581653,False,0.2965232616308154,0.3485742871435718,0.31423211605802903,0.31802678678607943,0.3106500872892704,0.10884128510951996,8.0,0.35492021325642514,0.3424762602420767,0.3528764136976193,0.34433544878838274,0.03434217108554277,0.03918181686116024,0.02980156489720528,2.7030756467973505,2.7364371824773936,2.670204889684096,13936,0.12895469187352138,True,0.125,0.125,39980,0.8575,0.8883616854573682,0.8198370240936099,0.7053526763381691,0.7249281487187408,0.6849894692655695,200,0,0.5070168638263146,0.5126273224951856,0.5014064051574436,True,True,True,0.26173086543271634,0.2569784892446223,0.2612653893972694,0.25252110474352824,0.08586191385984421,12.0,0.26847881301198534,0.25533587339827635,0.266101549835574,0.2573701414233407,0.004752376188094047,0.010139626870757007,-0.0009094774249011026,2.0938469234617307,2.128812398684592,2.0589611313867255,2.870209782878934,2.9181398621617816,2.8223889319011475,10464,0.09118875804617665,True,True
8.0,8.0,R8,gatekeeper,8.0,0.6303203941981474,0.6236952106994523,0.6347769284191908,0.6258638599771041,False,0.15495247623811906,0.3132816408204102,0.31423211605802903,0.31791696970586913,0.3104875288846538,0.10884128510951996,10.0,0.31793845688678285,0.30830796487073237,0.3166794204038717,0.30969504243382956,-0.0009504752376188094,0.0013795001555698,-0.0030897059478204175,2.878334768158187,2.9095525154988993,2.8453822120860197,37575,0.10884128013395589,True,0.125,0.125,119940,0.7706422018348624,0.7935525204858808,0.7460032083599651,0.6104719026179757,0.6227393716561552,0.5980629956605766,200,0,0.5024035744048436,0.5058225518336522,0.498984596976035,True,True,True,0.2551025512756378,0.2569784892446223,0.26142558752029377,0.25239383201094845,0.08586190640926361,15.0,0.2605735192649054,0.24975383254004238,0.25900792188502825,0.2512473899932764,-0.0018759379689844923,0.0009769589238543487,-0.004659643485205815,2.0408204102051024,2.072063375080226,2.009979119946211,2.9710795088981183,3.016563830925442,2.9261799552392236,30597,0.08586190659375773,True,True
24.0,24.0,R24,baseline,24.0,0.580780237800582,0.5729753137052976,0.5860303431493818,0.5755301324517821,False,0.0,0.13525768236213842,0.13525768236213842,0.1371893886328367,0.13332337953896664,0.035849038511514664,28.0,0.13819147568982404,0.1323685206806483,0.13715792883368896,0.13333243310244206,0.0,0.0,0.0,3.7729793447503504,3.825986246553526,3.71927499640227,11246,0.035849038651731106,True,0.041666666666666664,0.041666666666666664,83145,0.2767749699157641,0.30816862751497043,0.24743561796167546,0.236949723358191,0.2501148547255474,0.22427030951479818,200,0,0.4999525183870312,0.505715834235956,0.49418920253810644,True,True,True,0.09197185639545373,0.09197185639545373,0.09397944871045329,0.08991326893403861,0.028685899451375008,44.0,0.0949340567258645,0.08921039545844182,0.09397132796745387,0.09008471369930086,0.0,0.0,0.0,2.2073245534908894,2.255311871218893,2.1620331287832206,3.2061695923707165,3.2758718383207444,3.1403831685015025,7647,0.028685898779124655,True,True
24.0,24.0,R24,first_hop_cred,24.0,0.5805673058040774,0.5727504557338425,0.5858254333481112,0.5753091782600437,False,0.000469060075771243,0.1531781826928859,0.13525768236213842,0.13716544230218938,0.1332700130446244,0.035849038511514664,28.0,0.1562282592763542,0.15016130661726462,0.15529403530977512,0.15110176318926574,0.01792050033074749,0.0193892304046817,0.016457151247155088,4.272867235883022,4.331888417383716,4.2149460312506655,12736,0.035849038651731106,True,0.041666666666666664,0.041666666666666664,83145,0.3381468110709988,0.3709909348549625,0.3067921973100449,0.2641327880683185,0.27774811203196015,0.2509529885969002,200,0,0.5015057246546757,0.5068371132210585,0.49617433608829287,True,True,True,0.1751638703469842,0.09197185639545373,0.09397298248037499,0.08992188801908076,0.028685899451375008,44.0,0.17955658992613696,0.17080589593249415,0.1780909433476946,0.1721689271839613,0.08319201395153046,0.0861390006722938,0.0803718594834012,4.20393288832762,4.27418264034467,4.132054252415071,6.106270948514073,6.2083096896826255,6.001866230848319,14564,0.028685898779124655,True,True
24.0,24.0,R24,first_hop_content,24.0,0.5787967113179705,0.5721206955543587,0.5832874386641067,0.5743059839718343,False,0.0002345300378856215,0.1458897107462866,0.13525768236213842,0.13719766116002158,0.13334360968358003,0.035849038511514664,28.0,0.14869050318290847,0.14316350948515322,0.14782215417232022,0.1439902864995833,0.010632028384148175,0.011773709544871407,0.009524099700236625,4.069557127140472,4.123462154965823,4.016573161094521,24260,0.035849038651731106,True,0.041666666666666664,0.041666666666666664,166290,0.3018641010222489,0.32436368940745386,0.28027777393468756,0.25162376713976425,0.2610648199872648,0.24241213128110536,200,0,0.49978060003695096,0.503548257208779,0.49601294286512293,True,True,True,0.16415899933850503,0.09197185639545373,0.09394109728153817,0.09003023342376726,0.028685899451375008,44.0,0.1670110922468494,0.16088501721491924,0.16626302200708942,0.1620731024774709,0.0721871429430513,0.07427748182707505,0.07006229704252305,3.9398159841241207,3.990312528170146,3.8897544594593016,5.722637474338683,5.795984406390034,5.649922413984636,27298,0.028685898779124655,True,True
24.0,24.0,R24,cred_processor,24.0,0.5811429563008177,0.5733393430251613,0.586392179906111,0.5758937326955244,False,0.0,0.13534187263214867,0.13525768236213842,0.13719335095776317,0.13328613385844137,0.035849038511514664,28.0,0.13832868968764678,0.13254752277260953,0.13729874993232524,0.13333535203643354,8.41902700102231e-05,0.0006839909998131756,-0.0005047383827188922,3.775327811352988,3.8299144160089007,3.719356419338596,11253,0.035849038651731106,True,0.041666666666666664,0.041666666666666664,83145,0.27918170878459686,0.3106447822523178,0.24975079211406775,0.23574693288429155,0.24889051907586301,0.2230912851472916,200,0,0.4999516656769765,0.5055793743947264,0.49432395695922654,True,True,True,0.0910577906067713,0.09197185639545373,0.09390387337270985,0.09001631343665083,0.028685899451375008,44.0,0.09417130271666534,0.08832272042830935,0.09296537394618515,0.08911002662380973,-0.0009140657886824223,0.00031332634205781334,-0.0020555090901125945,2.185386974562511,2.2311689747084436,2.1386406389714336,3.174304954078553,3.2408039455900908,3.106405251930158,7571,0.028685898779124655,True,True
24.0,24.0,R24,content_server,24.0,0.5809879876134895,0.5753816103775868,0.584759205725833,0.577216769501146,False,1.8040772145047808e-05,0.1492753623188406,0.13525768236213842,0.1371901979296931,0.1333131165385995,0.035849038511514664,24.0,0.1521291694170524,0.14652875756280181,0.1512345549482012,0.14742348994406715,0.014017679956702146,0.016009885024837835,0.012076798165626701,3.5396751978446894,3.5861323321649228,3.4957628829607486,24823,0.042172050816903894,True,0.041666666666666664,0.041666666666666664,166290,0.22609741431148528,0.24681988146352568,0.2066374373599808,0.2382727928794804,0.24754991599470894,0.22923741861060493,200,0,0.5024735677701451,0.5062637515893673,0.4986833839509228,True,True,True,0.11092068073846895,0.09197185639545373,0.0940039699628948,0.09002445118684312,0.028685899451375008,35.0,0.11332155634595265,0.10845085429463684,0.11258421144393532,0.10927856937448961,0.018948824343015213,0.021331152939894314,0.0165534282203274,2.6620963377232547,2.7020210746544477,2.622685664987751,3.012941145197518,3.058127670157789,2.9683364343303418,18445,0.0368147518962563,True,True
24.0,24.0,R24,validator,24.0,0.5958404210714257,0.5886928281239029,0.6006483622514694,0.5910324798913819,False,0.00022851644717060556,0.1510253172169102,0.13525768236213842,0.13732069804924582,0.1333943101818995,0.035849038511514664,24.0,0.1537662329549669,0.14807497092106475,0.15303321056573346,0.1490065904361371,0.015767634854771784,0.017928672483022705,0.013514144806905494,3.5541732657310137,3.6014262759701983,3.5066653055607726,12557,0.04249239019185737,True,0.041666666666666664,0.041666666666666664,83145,0.3489771359807461,0.3820122768439531,0.31733183532488285,0.26124609093095985,0.27481683316318517,0.248116203424417,200,0,0.5055883799668942,0.5108539964562466,0.5003227634775418,True,True,True,0.0935474171627879,0.09197185639545373,0.09387798304231351,0.09009239452739998,0.028685899451375008,34.0,0.09605609737704403,0.09109787101173432,0.09545460302648748,0.09166050961894437,0.0015755607673341753,0.00400464116734625,-0.0010155619021224361,2.2451380119069095,2.2909104726356997,2.199852230854665,3.0891904319936123,3.152170902228528,3.0268796070955335,7778,0.030282178849821498,True,True
24.0,24.0,R24,gatekeeper,24.0,0.5828644348533232,0.5759708317617431,0.5875015257489893,0.5782273439576571,False,0.0,0.1342353719405857,0.13525768236213842,0.13716204898347753,0.1333467400066959,0.035849038511514664,28.0,0.1368366569791347,0.13164988639322747,0.1359515501184506,0.13254598317714217,-0.0010223104215527092,-9.163118244722281e-05,-0.0019447284886143202,3.7444622502897618,3.7923346129083897,3.697337171710787,33483,0.035849038651731106,True,0.041666666666666664,0.041666666666666664,249435,0.2770649558941459,0.29496232953123425,0.2598532909425292,0.23869467607440667,0.24625578081601673,0.2312944893189383,200,0,0.5009974664606107,0.5043618624053916,0.49763307051582983,True,True,True,0.09094954597390102,0.09197185639545373,0.09395748145366606,0.08993723698863576,0.028685901314020157,44.0,0.09323226593218933,0.0888799915076103,0.09243779323949745,0.08938075485455012,-0.0010223104215527092,0.0005257779465720419,-0.002512575686004702,2.1827891033736244,2.218507037747939,2.145138116509203,3.1705315100702705,3.2224123061734575,3.115842928358738,22686,0.028685898779124655,True,True
40.0,40.0,R40,baseline,40.0,0.567933766025745,0.5615332374844677,0.572239182544787,0.5636283495067029,False,0.0,0.08972703130215211,0.08972703130215211,0.09094636173555036,0.08855920138447403,0.02153506688773632,47.0,0.09151568783593048,0.08798268266707124,0.09088886583405972,0.08843883160937945,0.0,0.0,0.0,4.166554314363454,4.2205051317620015,4.106735618594848,12366,0.021535068195999305,True,0.025,0.025,137818,0.17198838896952104,0.19281809220477922,0.15298240160042084,0.13974749673487158,0.14813477243253967,0.13176165018234345,200,0,0.5008541779913965,0.5057514628782491,0.495956893104544,True,True,True,0.05537738176435589,0.05537738176435589,0.05648984607841325,0.05434083657568228,0.017260028049349785,72.0,0.05688818494404799,0.05385874902818246,0.05648192885287331,0.05433389362605059,0.0,0.0,0.0,2.2150952705742357,2.2592771541149324,2.1733557450420236,3.2084179791522356,3.272412495048626,3.1479610561756832,7632,0.017260027254612356,True,True
40.0,40.0,R40,first_hop_cred,40.0,0.5706903539039895,0.5645054157274227,0.5748507501623475,0.5665299576456314,False,3.627973123975098e-05,0.10108984312644212,0.08972703130215211,0.09091049467340805,0.08851184280512002,0.02153506688773632,47.0,0.10284962194958921,0.09935181905946393,0.1023886200273109,0.09987040535311688,0.011362811824290006,0.012265207042850598,0.010448778928641333,4.69419656378066,4.754506421592491,4.637570888754854,13932,0.021535068195999305,True,0.025,0.025,137818,0.19666182873730043,0.21847901132008213,0.17653117985375333,0.16819039326657959,0.1772059317119526,0.15954459006405147,200,0,0.49955841515573,0.5044606825230092,0.49465614778845085,True,True,True,0.13739134220493696,0.05537738176435589,0.05649427616197789,0.05432053378304351,0.017260028049349785,72.0,0.13997749375159085,0.13479001986295758,0.13906972304567508,0.13561672560618132,0.08201396044058105,0.08379699326141361,0.08012843198805075,5.4956536881974785,5.5627889218270035,5.424669024247253,7.960088369398269,8.057329284257753,7.857271811082499,18935,0.017260027254612356,True,True
40.0,40.0,R40,first_hop_content,40.0,0.5689342291512504,0.5631110591599482,0.5728512763313476,0.5650171819711531,False,0.0,0.0965331088827294,0.08972703130215211,0.09097771946748111,0.08843700374305866,0.02153506688773632,47.0,0.09822119248787751,0.094713852183657,0.09764441826988056,0.09544184354250507,0.006806077580577283,0.007567768358479543,0.00604153345116062,4.482600565930082,4.534205203400309,4.431926691564221,26608,0.021535068195999305,True,0.025,0.025,275636,0.18142235123367198,0.19625005342321022,0.16748151369718695,0.15309824408648962,0.15920649734794864,0.1471833208896696,200,0,0.5008662674766926,0.5043133887746879,0.49741914617869726,True,True,True,0.12853545980931375,0.05537738176435589,0.05640788122981845,0.05435588131768843,0.017260028049349785,72.0,0.13064574236835735,0.12644782160585005,0.12997138372368747,0.12723208508968795,0.07315807804495784,0.07444402931581379,0.07190310742350053,5.14141839237255,5.1988553489474985,5.089283403587518,7.4470021346556985,7.53019574108468,7.371488075471492,35429,0.017260027254612356,True,True
40.0,40.0,R40,cred_processor,40.0,0.5667246542372941,0.5601844429531294,0.571124030557433,0.5623252779171553,False,0.0,0.08987215022711112,0.08972703130215211,0.09101281985146714,0.08843987902697052,0.02153506688773632,47.0,0.09180575190468626,0.08804848646259211,0.09114416457395093,0.08863784394237699,0.0001451189249590039,0.0004926405765393095,-0.0001960627915503764,4.173293040409651,4.232360155278418,4.1159769328635685,12386,0.021535068195999305,True,0.025,0.025,137818,0.1734397677793904,0.1943314410741922,0.15436374081151583,0.13916702945871426,0.1475403809893916,0.13119575388750943,200,0,0.4996002763263338,0.5050452246592068,0.49415532799346085,True,True,True,0.055203239054405086,0.05537738176435589,0.056408366842864724,0.054305367229395454,0.017260028049349785,72.0,0.056934823865806,0.05361257282672668,0.05633448272533359,0.05413001205300261,-0.00017414270995080467,0.0004630155917118784,-0.0007675125467743109,2.2081295621762034,2.2533793090133436,2.1652004821201043,3.1983286144379206,3.263869859201958,3.136148700955126,7608,0.017260027254612356,True,True
40.0,40.0,R40,content_server,40.0,0.5645461839000214,0.559146451191327,0.5681783993104358,0.5609139684896071,False,0.0,0.09911622574699967,0.08972703130215211,0.090938679403068,0.08848223773697421,0.02153506688773632,41.0,0.10080138639944397,0.09737124680809722,0.10026488388778207,0.09798790919069104,0.009389194444847553,0.010441616504816138,0.008266728100932739,3.911044726027418,3.9563698312728777,3.8665222829704717,27320,0.025342646962689022,True,0.025,0.025,275636,0.1269956458635704,0.13994816994522913,0.11508150089733155,0.14395588448701205,0.1499158912501188,0.13819430287077486,200,0,0.502453621739522,0.5061730106337525,0.49873423284529145,True,True,True,0.06707396711605161,0.05537738176435589,0.056434232843390844,0.05431937171448289,0.017260028049349785,57.0,0.06873420291949842,0.06562340777133709,0.06806662825129206,0.06607709282350738,0.011696585351695715,0.013099115878600824,0.010388223594460884,2.6829586846420646,2.7226651300516824,2.643083712940295,3.0264875732754826,3.071278074261964,2.9815069677108403,18488,0.022162313735674566,True,True
40.0,40.0,R40,validator,40.0,0.575233876550611,0.5691000388026223,0.5793598992993579,0.571107853801864,False,0.0,0.10167757477252609,0.08972703130215211,0.09096796849774136,0.08854531371673047,0.02153506688773632,40.0,0.103285059089436,0.09982769221698644,0.10296890148974396,0.10041147784211706,0.011950543470373972,0.013372420288208139,0.01054795381039382,3.9809276573280195,4.031486281043425,3.931356841950101,14013,0.025541176209359105,True,0.025,0.025,137818,0.1988388969521045,0.22073682136005152,0.1786154019345459,0.16746480917138296,0.17646554073902113,0.15883462136450535,200,0,0.5038928105013912,0.50895143010268,0.4988341909001025,True,True,True,0.05735099914379834,0.05537738176435589,0.056458768125430076,0.054340795534746536,0.017260028049349785,56.0,0.05923804513489338,0.05550648753158192,0.058676592020296216,0.05610401813183112,0.001973617379442453,0.0035632663794608944,0.0004952796418966973,2.2940399657519337,2.3470636808118486,2.244160725273245,3.138197748387669,3.2107330597581636,3.0699640111823974,7904,0.018275138707643235,True,True
40.0,40.0,R40,gatekeeper,40.0,0.5662266300514726,0.5605131532252678,0.5700698903931875,0.5623833697097577,False,0.0,0.09012368969704006,0.08972703130215211,0.09093619812486074,0.08845710240544695,0.02153506688773632,47.0,0.09185176179937406,0.08847130583814561,0.09125885855803838,0.08896271667079957,0.000396658394887944,0.0009112598461850049,-0.00016475019618628954,4.184973498889725,4.237686072198836,4.131062686271256,37262,0.021535068195999305,True,0.025,0.025,413454,0.17025392986698912,0.18201471538974648,0.15910525087805513,0.13998935809993712,0.14478610894030455,0.13532637682574114,200,0,0.5027400827047109,0.5061463098818151,0.4993338555276068,True,True,True,0.05599655584418097,0.05537738176435589,0.05645929992439589,0.05429902807809057,0.017260028049349785,72.0,0.057481756834231575,0.054468564072635596,0.05689053093652321,0.05509058900646544,0.0006191740798250833,0.0015112598518786863,-0.00024901810175327746,2.239862233767239,2.2756212374609284,2.2036235602586176,3.2442912759142453,3.296085811296763,3.191801970749711,23152,0.017260027254612356,True,True
50.0,50.0,R50,baseline,50.0,0.5634899001796996,0.5572430352453627,0.5676919524488316,0.5592878479105675,False,0.0,0.07541847668693889,0.07541847668693889,0.07649679944512397,0.07434990579219956,0.01724300906062126,58.0,0.07710057322618721,0.07402112777693383,0.0765057702968224,0.07438735133464434,0.0,0.0,0.0,4.373858181230228,4.4369152497351925,4.314058563734262,13021,0.01724300916078766,True,0.02,0.02,172650,0.13499420625724218,0.15192835559107012,0.1196811936106266,0.11712233549582947,0.12407691464649447,0.1105083852899106,200,0,0.4991049103414356,0.504257906022638,0.4939519146602332,True,True,True,0.04357949609035621,0.04357949609035621,0.044566613060066616,0.04257541639698343,0.013812481425702572,89.0,0.0449938432891822,0.04211421237385806,0.04450559196742568,0.04254454766608493,0.0,0.0,0.0,2.1789748045178103,2.225279598371284,2.1272273833042465,3.1550810096251762,3.2221287677905273,3.0801525131462464,7524,0.01381248087050971,True,True
50.0,50.0,R50,first_hop_cred,50.0,0.5673257960330227,0.5618224593736301,0.5710277022756702,0.5636238897903751,False,4.05444540978859e-05,0.0849058789458442,0.07541847668693889,0.07642954172204135,0.07439397293781713,0.01724300906062126,58.0,0.08647300178858716,0.08324585662769837,0.08601573748056714,0.08382372570580622,0.009487402258905299,0.010240314287614719,0.008722795782723003,4.924075499474228,4.988441209912223,4.861316544239263,14659,0.01724300916078766,True,0.02,0.02,172650,0.17149478563151796,0.19000234081442016,0.15444625346710686,0.13670064874884152,0.1441094461063213,0.12961506239611933,200,0,0.5030953841710968,0.5083738921224619,0.49781687621973175,True,True,True,0.12505068056762236,0.04357949609035621,0.04460575547901587,0.042612852656272966,0.013812481425702572,89.0,0.12758186174398942,0.12276539871072542,0.12666803650566785,0.1234646644776271,0.08147118447726615,0.08292378931320211,0.07995512388768249,6.252534028381119,6.333401825283393,6.173233223881355,9.053455475519346,9.170549280260726,8.938630622195461,21590,0.01381248087050971,True,True
50.0,50.0,R50,first_hop_content,50.0,0.5669693040578324,0.5612358150180847,0.5708260259307655,0.5631125821848993,False,1.4480162177816392e-05,0.08032725166521865,0.07541847668693889,0.07644645478465907,0.07435646730388067,0.01724300906062126,58.0,0.08177644549560377,0.07893125451399774,0.08128148487118977,0.07932330282782142,0.004908774978279757,0.005607410118657035,0.004258389636490591,4.658540218600064,4.71388051315498,4.600316689978371,27737,0.01724300916078766,True,0.02,0.02,345300,0.15030408340573415,0.16261214380444272,0.13877323103311773,0.12829423689545322,0.13336536224419865,0.12338848365760308,200,0,0.5015751109453338,0.5050506592701387,0.49809956262052896,True,True,True,0.11531711555169417,0.04357949609035621,0.04457575375337034,0.04254525022857961,0.013812481425702572,89.0,0.11717575967132272,0.11354052620927381,0.11649491569891897,0.11408128163347749,0.07173761946133797,0.07288310950725442,0.07060236654062245,5.765855777584709,5.824745784945948,5.704064081673875,8.34876200971989,8.43403272670886,8.259289746930715,39819,0.01381248087050971,True,True
50.0,50.0,R50,cred_processor,50.0,0.5632163574164639,0.5571863691214646,0.5672725241919877,0.5591601906409401,False,0.0,0.07529684332464523,0.07541847668693889,0.07647136022524398,0.0743017947986857,0.01724300906062126,58.0,0.07679696536757334,0.07380570166248701,0.07634301262942784,0.07422193382174552,-0.00012163336229365769,0.00020270270044733742,-0.0004274263216762643,4.366804113047613,4.427476197312447,4.304465254854337,13000,0.01724300916078766,True,0.02,0.02,172650,0.1332560834298957,0.15010646162939903,0.11803456161611522,0.11746987951807229,0.12443301550201946,0.11084706328467026,200,0,0.5060663352525958,0.5110044785376286,0.501128191967563,True,True,True,0.043608456414711845,0.04357949609035621,0.04453959184921807,0.04261443613265496,0.013812481425702572,89.0,0.04517928821283585,0.04230308890557209,0.04462375768793818,0.042631287861601294,2.8960324355632783e-05,0.000532085883485964,-0.0004867451683255986,2.1804228207355925,2.231187884396909,2.1315643930800645,3.157177687595422,3.230683763929185,3.086432355003009,7529,0.01381248087050971,True,True
50.0,50.0,R50,content_server,50.0,0.5586259158595271,0.5534688214738507,0.5620949167733047,0.5551569149457496,False,0.0,0.08276571097596293,0.07541847668693889,0.07644509555020242,0.0742914839867853,0.01724300906062126,51.0,0.08427576279000118,0.08115983511846646,0.08371290268682123,0.08177502131182149,0.007347234289024037,0.0083913736231393,0.006408843440956701,4.081882581748091,4.128596677483359,4.033023231223678,28579,0.020276357616469707,True,0.02,0.02,345300,0.0999131190269331,0.11036442155044623,0.09035101972333409,0.11479872574572836,0.11963969897080604,0.11012912879233111,200,0,0.4995549604940616,0.5029886263420501,0.4961212946460731,True,True,True,0.05472053286996814,0.04357949609035621,0.044541200116260164,0.042680332840873546,0.013812481425702572,71.0,0.056113412161673364,0.05330156504862295,0.055600383443436464,0.053785016789567014,0.011141036779611932,0.012429704403097012,0.009918963809780874,2.7360266434984073,2.7800191721718233,2.6892508394783508,3.087281935252357,3.136922292148095,3.0345009818573363,18895,0.01772450136320162,True,True
50.0,50.0,R50,validator,50.0,0.5724682978857131,0.5664664673575358,0.5765055238950745,0.5684310718763517,False,0.0,0.08458152331306111,0.07541847668693889,0.07649839758552887,0.0743396783155284,0.01724300906062126,49.0,0.08611186311434331,0.08314626019217726,0.08560397342562659,0.08358631425489954,0.009163046626122212,0.01043412411701997,0.007872999006896322,4.138039030094191,4.1880610479817175,4.089349744722336,14603,0.020440001338299568,True,0.02,0.02,172650,0.17381228273464658,0.19240899259461375,0.15666430296182315,0.1371640407784986,0.144582946685239,0.1300679336175812,200,0,0.4955747248691567,0.5006245276114805,0.4905249221268329,True,True,True,0.04590211410367796,0.04357949609035621,0.04453786130981927,0.042650688909720735,0.013812481425702572,69.0,0.047115183489059874,0.04465777276385256,0.04680927479580496,0.045061734218196155,0.0023226180133217493,0.0036956309286573182,0.001037567273777289,2.2951057051838983,2.340463739790248,2.2530867109098076,3.14339809014009,3.2055208756100884,3.0858484853212564,7925,0.014602704712349136,True,True
50.0,50.0,R50,gatekeeper,50.0,0.5629972196214377,0.5576024299708855,0.5666261100057948,0.5593683292370806,False,0.0,0.07492615117289314,0.07541847668693889,0.0764737383414304,0.07432609785793252,0.017243007197976112,58.0,0.07636834702277404,0.07352016041246474,0.07591290272669726,0.07395787709655749,-0.0004923255140457573,-1.5473379018484884e-05,-0.0009861844884468845,4.345306000491072,4.402532180945008,4.289151412431257,38808,0.01724300916078766,True,0.02,0.02,517950,0.13687258687258688,0.14650214638564837,0.12778121473090828,0.11746080778438489,0.12143894672437394,0.11359613634102417,200,0,0.501659621397425,0.504744602440447,0.498574640354403,True,True,True,0.043722367023844,0.04357949609035621,0.04450841694151382,0.04263005650613507,0.013812480494379997,89.0,0.044656709241102856,0.042654066932430644,0.044461579134094674,0.04300445084597741,0.0001428709334877884,0.0008598479059503873,-0.0005630202358421621,2.1861183511922,2.2230789567047338,2.1502225422988706,3.1654246209450534,3.21894231390555,3.113448717079777,22646,0.01381248087050971,True,True
100.0,100.0,R100,baseline,100.0,0.5504378877264422,0.5444771515204411,0.554447470991553,0.5464283044613314,False,2.9044353632432087e-06,0.0421665926035649,0.0421665926035649,0.04271154040740344,0.04159668175050568,0.008612980134785175,116.0,0.043067098782072835,0.041380071547556185,0.04271615014637747,0.041620348431691975,0.0,0.0,0.0,4.895703328203467,4.95950906931899,4.832282282177948,14518,0.008612979540784061,True,0.01,0.01,344301,0.068835318036596,0.07778143312330277,0.06085025752143708,0.06256171943072901,0.066277820561722,0.059040799972721485,200,0,0.5010160001613471,0.5057380800475891,0.496293920275105,True,True,True,0.021890729332764064,0.021890729332764064,0.022372846486702402,0.021403245756979362,0.006913300603628159,177.0,0.022592663628277814,0.02116725775407004,0.02236115814785512,0.02141794388343333,0.0,0.0,0.0,2.1890729332764063,2.236115814785512,2.141794388343333,3.1664655950750182,3.234512512803257,3.098077793261709,7537,0.006913300863528075,True,True
100.0,100.0,R100,first_hop_cred,100.0,0.5618403045250425,0.5568089387211348,0.5652247321243865,0.5584558769256985,False,1.4522176816216043e-05,0.0486463878989605,0.0421665926035649,0.04270202514556019,0.04161457236829166,0.008612980134785175,116.0,0.04951344423085371,0.04778208639140482,0.04922131403773616,0.04809877054539895,0.006479795295395599,0.00696063480825351,0.006022573267665539,5.648032445521413,5.714783578047999,5.584451967828591,16749,0.008612979540784061,True,0.01,0.01,344301,0.08219575951205345,0.09184253309493759,0.07348026043315825,0.07354051699099623,0.07753554491790367,0.06973577208011998,200,0,0.49976066693678006,0.5041410388439075,0.4953802950296526,True,True,True,0.08691522824505302,0.021890729332764064,0.02238370374722832,0.021424710365455322,0.006913300603628159,177.0,0.08842010025828656,0.08555252611745574,0.0878139315783134,0.08591745921673578,0.06502449891228895,0.06601102949914713,0.06408885713486456,8.691522824505302,8.781393157831339,8.591745921673578,12.572174994377061,12.70217126547841,12.427848999022068,29925,0.006913300863528075,True,True
100.0,100.0,R100,first_hop_content,100.0,0.5586638072590449,0.5538761881390838,0.5618842748052841,0.5554433397128056,False,0.0,0.04598882954159297,0.0421665926035649,0.04269647058485846,0.04161016488933493,0.008612980134785175,116.0,0.04676221703166074,0.045270572687974686,0.04653356767598699,0.04546588566028896,0.0038222369380280625,0.004180250054309217,0.0034475030565423786,5.339479714752287,5.4027259040430655,5.278763921938921,31668,0.008612979540784061,True,0.01,0.01,688602,0.07841998257333721,0.08500718863902842,0.07230288377680491,0.06944525123438862,0.07217873419885902,0.06680783413230047,200,0,0.49885368145966913,0.5020845229743595,0.4956228399449788,True,True,True,0.08179470869965524,0.021890729332764064,0.022347176161004886,0.02140668936349252,0.006913300603628159,177.0,0.08277423660332618,0.08075559269730895,0.08249320126594094,0.0810378052931059,0.05990397936689118,0.06068752522804253,0.059149949539914995,8.179470869965524,8.249320126594094,8.10378052931059,11.831498485936402,11.932534529365478,11.722013390250423,56324,0.006913300863528075,True,True
100.0,100.0,R100,cred_processor,100.0,0.5515426379076176,0.54568222935255,0.5554847341952296,0.5476005416200056,False,0.0,0.04211721720238977,0.0421665926035649,0.04271539048623799,0.04159379265430571,0.008612980134785175,116.0,0.042912206066152835,0.04130214984070065,0.04265925283717275,0.0415683465918417,-4.937540117513455e-05,7.263289226849918e-05,-0.00017750484304702066,4.889970654517047,4.952903073224921,4.826244668875369,14501,0.008612979540784061,True,0.01,0.01,344301,0.07173976183560848,0.08084520397615938,0.06358890033887524,0.06256171943072901,0.066277820561722,0.059040799972721485,200,0,0.5015847185043887,0.5064013703555814,0.49676806665319595,True,True,True,0.021943009169302443,0.021890729332764064,0.02235969115209447,0.021426229249245244,0.006913300603628159,177.0,0.022773550241114993,0.021213922795930647,0.022422382398026217,0.021451837312659247,5.227983653837776e-05,0.0003270719174927717,-0.00022379346001943188,2.1943009169302443,2.2422382398026217,2.1451837312659245,3.174027805597952,3.243368521152914,3.102980433822997,7555,0.006913300863528075,True,True
100.0,100.0,R100,content_server,100.0,0.5448024183747411,0.5400621918755492,0.5479910065267984,0.5416138302226837,False,0.0,0.04680933253170917,0.0421665926035649,0.0427168550157833,0.04160738804848443,0.008612980134785175,101.0,0.04754778440566453,0.04615872079960508,0.04729628181061909,0.04632049993727908,0.004642739928144269,0.0052408046152415,0.004072603575197815,4.6190824335367875,4.667133938195875,4.570845085816807,32233,0.01013390282707462,True,0.01,0.01,688602,0.040516990996224224,0.045435875034110854,0.036110480158344074,0.05521347661922742,0.0576759821193525,0.0528502123911289,200,0,0.5013658309975805,0.504698617716814,0.4980330442783469,True,True,True,0.02728281358462508,0.021890729332764064,0.022369611768708306,0.021424116395987052,0.006913300603628159,142.0,0.027871605557284938,0.02674414551300817,0.02768561382207755,0.026888326042734886,0.0053920842518610165,0.005946462939651203,0.004831525934501716,2.728281358462508,2.768561382207755,2.6888326042734887,3.072451114639007,3.1178124200153383,3.028025942578499,18787,0.008879820236889475,True,True
100.0,100.0,R100,validator,100.0,0.5591953222163383,0.5534282438462892,0.5630746384823141,0.5553160059503625,False,0.0,0.047507849236569165,0.0421665926035649,0.04270573780610336,0.041629778409076064,0.008612980134785175,98.0,0.04831958965707198,0.04652215282879275,0.048133755344371115,0.04689616250984519,0.005341256633004261,0.006044048272826907,0.004629312742142164,4.6514565701139325,4.712738550338135,4.591566798432129,16357,0.010213542472225105,True,0.01,0.01,344301,0.08335753703165844,0.09306160296435087,0.07458215603186286,0.07284345047923323,0.07682158092111564,0.06905591407922036,200,0,0.5026443164619467,0.5071328144387494,0.4981558184851441,True,True,True,0.023058312348787833,0.021890729332764064,0.022343110042900752,0.021412837962994348,0.006913300603628159,137.0,0.02375275484257059,0.022350164697167583,0.023535118125016734,0.022617061725503457,0.0011675830160237698,0.0018282295868956649,0.0005477510405150806,2.3058312348787835,2.353511812501673,2.261706172550346,3.1521149648494626,3.217295217412777,3.0917951690263763,7939,0.0073151876140053924,True,True
100.0,100.0,R100,gatekeeper,100.0,0.5508410896078694,0.5456415740907942,0.5543386257650573,0.5473435534506814,False,0.0,0.042201445827923824,0.0421665926035649,0.042701921367727005,0.041608588839112184,0.0086129792034626,116.0,0.042981790670802045,0.04152530060577836,0.04271062077209218,0.04170843087436561,3.48532243589185e-05,0.00026196041454506515,-0.00019667074725437383,4.899749921393883,4.9588670877307255,4.8425089920240065,43590,0.008612979540784061,True,0.01,0.01,1032903,0.0712556878691064,0.07637780759979823,0.0664523582071912,0.06298770452125085,0.06511562556397021,0.060924790347603536,200,0,0.4988392901601494,0.5015967788663218,0.4960818014539769,True,True,True,0.021925582557122982,0.021890729332764064,0.022369628753739414,0.021412430617390014,0.006913300603628159,177.0,0.022439191688187757,0.02141894663908899,0.02226037716735114,0.02154861686102157,3.48532243589185e-05,0.00044869540757231345,-0.0003765100326857167,2.192558255712298,2.226037716735114,2.154861686102157,3.171507068756974,3.219934674735242,3.1169794699235225,22647,0.006913300863528075,True,True
200.0,200.0,R200,baseline,200.0,0.5467496699646633,0.540891737002293,0.5506901010057843,0.5428092389235424,False,0.0,0.023270282459984713,0.023270282459984713,0.02351770008383447,0.023006292033558758,0.004307773895561695,232.0,0.023620758480193287,0.022921635564187665,0.02350029597360609,0.023017621925509154,0.0,0.0,0.0,5.401927745832992,5.455322730757841,5.343275516157332,16046,0.0043077737346515306,True,0.005,0.005,689549,0.03118201595358956,0.03555277582089814,0.027333356787062398,0.03381964788119616,0.03578026662624133,0.031962902043534636,200,0,0.5045964238058113,0.5093519499712672,0.49984089764035533,True,True,True,0.011172520009455456,0.011172520009455456,0.011417971868472878,0.01092863735519542,0.0034577897749841213,355.0,0.011526528865121078,0.01082784015430466,0.011411083435602716,0.010943003527528057,0.0,0.0,0.0,2.234504001891091,2.282216687120543,2.1886007055056114,3.23111625115938,3.300109295029905,3.1647396025575496,7704,0.003457789550421333,True,True
200.0,200.0,R200,first_hop_cred,200.0,0.5448866811712713,0.5394042030591313,0.5485745565829764,0.5411988057595661,False,0.0,0.027388916523698823,0.023270282459984713,0.023515184543613704,0.023032182876475946,0.004307773895561695,232.0,0.027782167932164377,0.026976186717717357,0.027671578343141042,0.027113808672580925,0.004118634063714109,0.004381927555824534,0.0038834335922077376,6.358021152175115,6.423637834214031,6.294158036778653,18886,0.0043077737346515306,True,0.005,0.005,689549,0.04118926758520667,0.04614111270545785,0.03674837855681074,0.039591611799170465,0.041701749723703184,0.03758406069033874,200,0,0.49566843115915066,0.49971071846612297,0.49162614385217834,True,True,True,0.05742884117009814,0.011172520009455456,0.011423783568809093,0.010931465976067044,0.0034577897749841213,355.0,0.05817688780641439,0.05669569614439655,0.057986638486926714,0.05690808612811256,0.04625632116064268,0.04681822559259354,0.045702967639511025,11.485768234019627,11.597327697385342,11.381617225622511,16.60854147792205,16.769857633429723,16.45793802609482,39600,0.003457789550421333,True,True
200.0,200.0,R200,first_hop_content,200.0,0.5456938237807482,0.5407779812518188,0.5490005428263035,0.5423871047351928,False,0.0,0.02582992651718732,0.023270282459984713,0.023518343525401917,0.02300264105833872,0.004307773429900408,232.0,0.026177924142227554,0.025465399439523136,0.0260707760013978,0.025599027944312826,0.002559644057202606,0.0027606621378447106,0.0023711828202560925,5.99611959871815,6.052030029266787,5.9425191574932175,35622,0.0043077737346515306,True,0.005,0.005,1379098,0.038575882822130377,0.0419206424955738,0.035488109319974995,0.037792763396417954,0.039242028830289086,0.03639499389920926,200,0,0.5000003506465946,0.503152787688813,0.49684791360437625,True,True,True,0.05378588033627777,0.011172520009455456,0.011417508109858737,0.010936194996726701,0.003457789309322834,355.0,0.054308155264330665,0.05324816308935984,0.054181290211319864,0.0534168625404279,0.042613360326822315,0.04303515442888275,0.042194811919275876,10.757176067255553,10.836258042263973,10.68337250808558,15.554989553868003,15.669342920166399,15.448268832300403,74176,0.003457789550421333,True,True
200.0,200.0,R200,cred_processor,200.0,0.5469888695497456,0.5412643755502359,0.5508395407669272,0.5431381983325639,False,0.0,0.023271732683246584,0.023270282459984713,0.02351501827572107,0.023020365292745655,0.004307773895561695,232.0,0.02366224647796932,0.02289294525349622,0.023518249651135394,0.023016952101817267,1.450223261871165e-06,6.236165096364804e-05,-5.8151854787591965e-05,5.40226439844086,5.459490469974245,5.343120024310929,16047,0.0043077737346515306,True,0.005,0.005,689549,0.031327048585931834,0.03570692338265509,0.027469112973918616,0.03384865272500508,0.03581005720329018,0.03199111469133134,200,0,0.5003302596229966,0.5053292406487512,0.495331278597242,True,True,True,0.01125228228885837,0.011172520009455456,0.011428706891494467,0.010937275822500366,0.0034577897749841213,355.0,0.011594320883332615,0.010905912669474004,0.011496249614602053,0.011012635488021847,7.976227940291408e-05,0.00021044242942567666,-5.520153403929831e-05,2.250456457771674,2.299249922920411,2.2025270976043694,3.2541836698787163,3.3247395328617473,3.1848773117727633,7759,0.003457789550421333,True,True
200.0,200.0,R200,content_server,200.0,0.5382844833492417,0.5342162339560865,0.5410210554976065,0.535547911200877,False,0.0,0.02595827127586292,0.023270282459984713,0.02351400263927204,0.023022332975965263,0.004307773429900408,202.0,0.02630576063341353,0.025667190298413137,0.026197603043481437,0.025732335948812534,0.0026879888158782045,0.003006278325936823,0.002381756603471265,5.121746721014445,5.168968536481584,5.077168116060978,35799,0.005068245793833683,True,0.005,0.005,1379098,0.02233340584439127,0.024935834063466875,0.019997009903678198,0.029453991733739394,0.030742400602907453,0.028218007849555343,200,0,0.4991557084911464,0.5020485551050318,0.49626286187726104,True,True,True,0.01389313884872576,0.011172520009455456,0.011411065520628556,0.010935487710801809,0.003457789309322834,286.0,0.014179672822239184,0.0135876242509897,0.014088245016777173,0.013692578363496133,0.0027206188392703058,0.0030074630393898748,0.00244136310221563,2.7786277697451522,2.8176490033554344,2.7385156726992266,3.128175826364255,3.1721058845835297,3.083017675391284,19160,0.004441290905592465,True,True
200.0,200.0,R200,validator,200.0,0.5545754037218037,0.5489932588433504,0.5583303215565397,0.5508204858870677,False,0.0,0.0263389548821041,0.023270282459984713,0.023526226054877624,0.023008852034641137,0.004307773895561695,196.0,0.026792170234117955,0.025913557639993083,0.026661842754823088,0.02602367714219136,0.003068672422119385,0.003416934791002965,0.0026841676452260873,5.154197478381879,5.2173825161640375,5.092501646511486,18162,0.005110195135630118,True,0.005,0.005,689549,0.04191443074691806,0.046905103302997186,0.037433906702337205,0.03854743742204948,0.040631484042825516,0.03656621027677634,200,0,0.49887033580241535,0.5029289451970801,0.4948117264077507,True,True,True,0.01208616066443429,0.011172520009455456,0.011425162504522385,0.01093795385101819,0.0034577897749841213,275.0,0.012443337716829402,0.01168723673875007,0.01233097580272424,0.011832709519524094,0.000913640654978834,0.0012570283882462124,0.0005989937595422147,2.417232132886858,2.466195160544848,2.3665419039048188,3.3076385298293336,3.3746374723865182,3.2382761578064923,8334,0.0036540149582360523,True,True
200.0,200.0,R200,gatekeeper,200.0,0.5472354105885584,0.5416052092795612,0.5510226543395957,0.5434481668375211,False,0.0,0.02321662419929548,0.023270282459984713,0.023533696210901237,0.023032276920448274,0.004307773895561695,232.0,0.023564762303134902,0.02286643166792761,0.023439840413781724,0.02297469440601982,-5.3658260689233106e-05,5.5145521325570754e-05,-0.00016460865771787952,5.389471599341916,5.441288669651506,5.333310387500729,48027,0.0043077737346515306,True,0.005,0.005,2068647,0.031228850430242677,0.03368753748172646,0.028944235767953914,0.03394500734782272,0.03506602564640573,0.03285860627741135,200,0,0.49918049713088225,0.5014960887452603,0.49686490551650425,True,True,True,0.011156567553574873,0.011172520009455456,0.011410303875568243,0.010927256488616541,0.0034577895421534777,355.0,0.011469304743273649,0.010854602443925953,0.011343675865261605,0.010970219861126534,-1.5952455880582815e-05,0.0001707502648498922,-0.00019625655022070216,2.2313135107149744,2.268735173052321,2.194043972225307,3.226502767415513,3.2806148841184894,3.1726106233937257,23079,0.003457789550421333,True,True
500.0,500.0,R500,baseline,500.0,0.5393195731893424,0.5339914128047403,0.5429036443465962,0.5357355020320886,False,0.0,0.010459055648342071,0.010459055648342071,0.010577453602181226,0.010342399122226289,0.0017227682983502746,581.0,0.010636895879115925,0.010271844858518247,0.010579825401219245,0.01034883901073949,0.0,0.0,0.0,6.07107491349354,6.1411770567131,6.007098443141294,18048,0.0017227683396058625,True,0.002,0.002,1725586,0.01628419100602689,0.018283114852878,0.014500584821925162,0.013896776735938062,0.014699814081812469,0.013137023674243537,200,0,0.5046923485760676,0.5088977006234138,0.5004869965287214,True,True,True,0.004553815341570922,0.004553815341570922,0.004655522333889336,0.004446598460701234,0.0013826495269313455,886.0,0.004714376229852531,0.004392508051929251,0.004660324855897786,0.004447640695243078,0.0,0.0,0.0,2.276907670785461,2.3301624279488933,2.223820347621539,3.293542904738982,3.3705758164594264,3.216752186001667,7858,0.001382649466936827,True,True
500.0,500.0,R500,first_hop_cred,500.0,0.5441870619107007,0.5386264055011043,0.5479275251877874,0.5404465986336139,False,0.0,0.01207242061537356,0.010459055648342071,0.010579396479194508,0.01034284830184372,0.0017227682983502746,581.0,0.012244523339878534,0.011904735048702693,0.012191330281005762,0.011951412346248821,0.0016133649670314896,0.001708518651341786,0.0015149813533388795,7.007570511851585,7.076592946788721,6.937329919229351,20832,0.0017227683396058625,True,0.002,0.002,1725586,0.018891979601298098,0.02103295775240096,0.016965158301296877,0.016608908309090276,0.017483446958986924,0.01577741244595459,200,0,0.49694855903127566,0.5007419894485335,0.4931551286140178,True,True,True,0.026488392928547173,0.004553815341570922,0.004657948081068284,0.004445279407286466,0.0013826495269313455,886.0,0.026897390001183956,0.026121801971415757,0.026759688296630668,0.02622146795787583,0.02193457758697625,0.022219259285513174,0.021666470043015897,13.244196464273587,13.379844148315334,13.110733978937915,19.157706679792486,19.353920814011577,18.96465343162345,45708,0.001382649466936827,True,True
500.0,500.0,R500,first_hop_content,500.0,0.5411709632935262,0.5363567921968918,0.5444092914458459,0.5379326351412065,False,0.0,0.011464221429705618,0.010459055648342071,0.010577449396125899,0.010340213097767339,0.0017227682983502746,581.0,0.011627077651917036,0.011304559549340388,0.011571924040292466,0.011355920889338964,0.0010051657813635484,0.0010906200133824358,0.0009200230174810352,6.6545345454447,6.71705172091792,6.591670294995663,39565,0.0017227683396058625,True,0.002,0.002,3451172,0.018920955030134447,0.020412843371100886,0.017536150582397464,0.01597134892993121,0.016573714465502477,0.01539053352781165,200,0,0.5018074111058628,0.5050524987573195,0.4985623234544061,True,True,True,0.025589567833767774,0.004553815341570922,0.004662746814518306,0.0044504666621987205,0.0013826495269313455,886.0,0.025857937571296397,0.025339823012341608,0.025763099429775334,0.02542366943475967,0.021035752492196854,0.02122413565949425,0.020842957749407417,12.794783916883887,12.881549714887667,12.711834717379835,18.507632227609978,18.63313880043064,18.387646357745474,88314,0.001382649466936827,True,True
500.0,500.0,R500,cred_processor,500.0,0.5395963314358039,0.5342945820552509,0.5431626368144372,0.5360300260571705,False,0.0,0.010439931710155274,0.010459055648342071,0.010578964252902978,0.010343434063665181,0.0017227682983502746,581.0,0.010609532923291325,0.010275398411458194,0.010560740276307568,0.010320026158599487,-1.9123938186795673e-05,-1.158613710059684e-06,-3.771161183763602e-05,6.059974211357829,6.130098884173638,5.990373703385168,18015,0.0017227683396058625,True,0.002,0.002,1725586,0.01634214186369958,0.018344347819327304,0.014555227775006847,0.013873596124201719,0.014675992222796733,0.01311448637386709,200,0,0.5028804555731812,0.507184109259464,0.49857680188689835,True,True,True,0.004522521624537983,0.004553815341570922,0.004656567670320705,0.004448777980961902,0.0013826495269313455,886.0,0.0046689464937417855,0.004364929095923312,0.00462809128681298,0.004417851958341559,-3.1293717032938375e-05,1.3327190564003105e-05,-7.481693559257368e-05,2.2612608122689912,2.31404564340649,2.20892597917078,3.2709097516649286,3.347262916222884,3.1952075084721456,7804,0.001382649466936827,True,True
500.0,500.0,R500,content_server,500.0,0.5298263336716734,0.525913778060296,0.5324581759409891,0.5271944914023577,False,0.0,0.011550568908185394,0.010459055648342071,0.010580648352382371,0.010343997472566254,0.0017227682983502746,507.0,0.01172150982624031,0.011404515713278036,0.01165518410438895,0.011445886445425855,0.0010915132598433228,0.0012267294269500196,0.0009539766913485659,5.699446208644254,5.751066928637223,5.647792297029252,39863,0.0020266124962574155,True,0.002,0.002,3451172,0.0077654149281409365,0.008747854561347058,0.006892542311629509,0.011659780133171843,0.01217726015196395,0.011164042209366676,200,0,0.5002521212509514,0.5032306358621096,0.49727360663979325,True,True,True,0.005494075635755042,0.004553815341570922,0.004663907105433848,0.004446154421925187,0.0013826495269313455,717.0,0.005614510624263473,0.005381835501429558,0.0055712862496039165,0.005415142466462033,0.0009402602941841207,0.001077741210886914,0.000797751630458326,2.747037817877521,2.7856431248019584,2.7075712332310164,3.092767059596508,3.1362310486266134,3.0483333964866945,18961,0.0017764272348632089,True,True
500.0,500.0,R500,validator,500.0,0.542958441986265,0.5377156827146764,0.5464850667372818,0.5394318172352481,False,0.0,0.011975062384604418,0.010459055648342071,0.010578940513243797,0.010335814074611406,0.0017227682983502746,490.0,0.012180838737509919,0.011775093924186476,0.01211472539435499,0.011833595186185054,0.001516006736262348,0.0016991651408277437,0.00134197720561506,5.862520197398597,5.930893721410033,5.793263413478275,20664,0.0020426475272389112,True,0.002,0.002,1725586,0.01923968474733426,0.021398798856818096,0.0172945727140657,0.016701630756035653,0.01757850111324842,0.01586779492926183,200,0,0.5022999883941952,0.5062148415287889,0.49838513525960154,True,True,True,0.004987870787083345,0.004553815341570922,0.0046660300152111854,0.004447243636335951,0.0013826495269313455,685.0,0.005127401492048322,0.004839706087365611,0.005085144418600533,0.004888209204479035,0.00043405544551242305,0.0005702898159865758,0.00028323593237284544,2.4939353935416726,2.5425722093002667,2.4441046022395176,3.4158182232043437,3.4824336303303913,3.3475674876610824,8607,0.001460227231414052,True,True
500.0,500.0,R500,gatekeeper,500.0,0.5391389229304137,0.5339063871158374,0.5426586707117523,0.535619175149075,False,0.0,0.010460407845991641,0.010459055648342071,0.01058036114032198,0.010344492412871978,0.0017227682983502746,581.0,0.010627868066537142,0.010300242467315658,0.010570021946150768,0.01034856168725635,1.3521976495714114e-06,3.7463570648510565e-05,-3.712384003299939e-05,6.071859811624347,6.135486532431281,6.006937467648093,54151,0.0017227683396058625,True,0.002,0.002,5176758,0.016264874053469325,0.01739095468357025,0.01521057949525943,0.014128528268646799,0.014590459082175216,0.013681019043531499,200,0,0.5010379162681401,0.5034888293483434,0.4985870031879368,True,True,True,0.004452980031131453,0.004553815341570922,0.0046614395301732255,0.00445311535760907,0.0013826494105160236,886.0,0.004549539596414263,0.004348390098516879,0.0045254356693665235,0.004378531567427734,-0.0001008353104394681,-2.779449489954597e-05,-0.00018188132005458277,2.2264900155657266,2.262717834683262,2.189265783713867,3.2206138559448116,3.2730173320012494,3.166769070636606,23052,0.001382649466936827,True,True
1.0,4.0,R1_T4,baseline,4.0,0.6879347961656336,0.6797902561420328,0.6934133495275113,0.6824562428037558,False,0.9535809018567639,0.48818877934037336,0.48818877934037336,0.49344303680054075,0.4831285098944493,0.211284801363945,5.0,0.49539491074248043,0.480019537728261,0.4933943955994836,0.48319520385428305,0.0,0.0,0.0,2.3105721542943556,2.335210065863101,2.286937820698821,19509,0.21128480165964145,True,0.25,1.0,39962,1.0,0.9999999999999999,0.9904877056657034,0.9354354354354354,0.9453978059801568,0.9238018962904978,200,0,0.4943026945903187,0.5000473499310781,0.4885580392495593,True,True,True,0.430308793353686,0.430308793353686,0.4357467484118677,0.42523357353943586,0.167374849319458,8.0,0.43821449868237355,0.4227069543078009,0.43540262274042396,0.42531190254335094,0.0,0.0,0.0,1.721235173414744,1.7416104909616958,1.7012476101734038,2.5709287629849413,2.601362425244171,2.541074271261305,17196,0.16737484116599244,True,True
1.0,4.0,R1_T4,first_hop_cred,4.0,0.6901751164558295,0.68203069128764,0.6956535925584026,0.6846966403532564,False,1.0,0.5192432811170612,0.48818877934037336,0.49343146802153226,0.48302760398493366,0.211284801363945,5.0,0.5271152898518691,0.5119182419317293,0.5245569391351862,0.5138799722590388,0.031054501776687855,0.03389351535171403,0.028364331432741415,2.4575514993904286,2.4827007669969308,2.432167236935706,20750,0.21128480165964145,True,0.25,1.0,39962,0.995,0.9986277470452896,0.9819550815637568,0.9584584584584585,0.966363857231201,0.9487935304468675,200,0,0.5029824369307335,0.5082002341429291,0.4977646397185379,True,True,True,0.4796306491166608,0.430308793353686,0.4352915417212966,0.4254181215586667,0.167374849319458,8.0,0.4875142648117879,0.4719626368012462,0.48503027334625487,0.4742720957444596,0.04932185576297483,0.05270308093416113,0.04569227195039631,1.9185225964666432,1.9401210933850195,1.8970883829778384,2.865607792517584,2.8978684607994976,2.833592506738242,19167,0.16737484116599244,True,True
1.0,4.0,R1_T4,first_hop_content,4.0,0.679930222365025,0.6722964913567796,0.6850651719825239,0.674795272747526,False,1.0,0.501113557879986,0.48818877934037336,0.49323326935143613,0.4830004758118171,0.211284801363945,5.0,0.5084070479109158,0.49256825484451977,0.5062061464106462,0.4957666402455825,0.012924778539612632,0.015167615596723399,0.01072235012692462,2.3717444602912305,2.3958474174876683,2.346437776647147,40051,0.21128480165964145,True,0.25,1.0,79924,0.9962453066332916,0.9987222613949303,0.9890194543416357,0.9326826826826827,0.9400435228165563,0.9244907432539672,200,0,0.5026028055545357,0.5065766357101896,0.49862897539888185,True,True,True,0.4567464090886342,0.430308793353686,0.43548120632876197,0.42538684482692407,0.167374849319458,8.0,0.46305224580675547,0.4506052281896419,0.4610801160649304,0.45249074286748675,0.0264376157349482,0.029298606730515993,0.023409841879446436,1.8269856363545367,1.8443204642597215,1.809962971469947,2.7288833011387905,2.754775525717503,2.7034573399160586,36505,0.16737484116599244,True,True
1.0,4.0,R1_T4,cred_processor,4.0,0.6852214114806384,0.6769659058391662,0.6907746076163355,0.6796682153449414,False,0.9373654972223613,0.48426004704469244,0.48818877934037336,0.493362343673016,0.4830437350706108,0.211284801363945,5.0,0.49218487109508235,0.4764565357957594,0.4897655082527551,0.47876490447156944,-0.003928732295680897,-0.002248461532956087,-0.005700587788337559,2.291977668250775,2.318034730400145,2.265969443665009,19352,0.21128480165964145,True,0.25,1.0,39962,1.0,0.9999999999999999,0.9904877056657034,0.9294294294294294,0.9398545716713311,0.9173561691886938,200,0,0.49931496021810196,0.5050503333462208,0.493579587089983,True,True,True,0.42923277113257596,0.430308793353686,0.4354116144704463,0.42525986409259003,0.167374849319458,8.0,0.4367837361409733,0.42233586252131394,0.43405989511042625,0.4241280876497964,-0.0010760222211100546,0.0006206842334788697,-0.00276266166021491,1.7169310845303039,1.736239580441705,1.6965123505991857,2.5644999460037625,2.593340146503568,2.5340014347148587,17153,0.16737484116599244,True,True
1.0,4.0,R1_T4,content_server,4.0,0.7096431889577998,0.7028433840729162,0.714217185009663,0.7050691929059365,False,1.0,0.5373604924678445,0.48818877934037336,0.4932060212069016,0.4830934924872515,0.211284801363945,5.0,0.5443012579216621,0.5313616323123851,0.5417936847038316,0.5329366803097901,0.049171713127471095,0.05297548304039533,0.04534459174551173,2.164252669170802,2.1821076255067604,2.1464354916797492,42948,0.24828916702860082,True,0.25,1.0,79924,1.0,1.0,0.9952151713411301,0.9732232232232232,0.9777921278619411,0.9677453487947155,200,0,0.5017225516737921,0.5057357677381294,0.49770933560945474,True,True,True,0.4949076622791652,0.430308793353686,0.43543112629947955,0.4253313346087706,0.167374849319458,6.0,0.5004651584423709,0.4890030931946018,0.49933226467535946,0.49079103536435625,0.06459886892547921,0.0687799446416567,0.0601200797014191,1.9796306491166609,1.9973290587014378,1.963164141457425,2.32852002155216,2.3493375922874753,2.3091514626815033,39555,0.21254172508650643,True,True
1.0,4.0,R1_T4,validator,4.0,0.9156811580082777,0.9107936583895118,0.9189688117480806,0.9123935042684747,False,1.0,0.8948501076022221,0.48818877934037336,0.4934383199808517,0.48290177547601953,0.211284801363945,1.0,0.8992709651280267,0.8904226264334517,0.8977440356798373,0.8917642491509103,0.40666132826184875,0.4121046167565583,0.40115522733470343,1.189146049481245,1.192991724987951,1.1850453220460455,35760,0.7525148891446874,True,0.25,1.0,39962,1.0,0.9999999999999999,0.9904877056657034,1.0,1.0,0.998081037434924,200,0,0.508418417191345,0.5161406144632736,0.5006962199194163,True,True,True,0.7801161103047896,0.430308793353686,0.4354737293645281,0.4252553314694513,0.167374849319458,2.0,0.7865451796269264,0.77376588014036,0.7845026384468337,0.7758439008552693,0.34980731695110356,0.3564698375857093,0.34322314273458066,3.1204644412191582,3.1380105537873346,3.1033756034210773,1.4315567701500884,1.4396062950557382,1.4237170264501788,31175,0.5449424895828616,True,True
1.0,4.0,R1_T4,gatekeeper,4.0,0.6897107705231669,0.6826540634013311,0.6944575759184491,0.6849639651278846,False,0.9632233955591145,0.4904242363578733,0.48818877934037336,0.4934076134312657,0.4829516752362,0.211284801363945,5.0,0.49774570998961254,0.48358459098678563,0.49535511055625076,0.4853015589761937,0.0022354570174999582,0.004797555313582262,-0.00023341206938617257,2.3197702282748,2.3430939025893327,2.295539300033306,58795,0.21141069506810553,True,0.25,1.0,119886,0.9974979149291076,0.9991487083935154,0.9926694495619451,0.9392726059392726,0.9450420067533636,0.9329405201531429,200,0,0.5031888018274351,0.50653730811089,0.4998402955439802,True,True,True,0.4292995011927998,0.430308793353686,0.43573989059337837,0.42530734173463386,0.1673748642206192,8.0,0.4354892743467317,0.42360468603992124,0.4333053400826006,0.4252364620277313,-0.0010092921608861752,0.0023910444879163264,-0.0042471625560429865,1.7171980047711992,1.7332213603304023,1.7009458481109252,2.562551065185923,2.586462499244198,2.538298194377991,51467,0.16752817417968313,True,True
1.0,8.0,R1_T8,baseline,8.0,0.624180720518718,0.6143436037445728,0.6307978123394973,0.6175636286979387,False,0.1270456934087383,0.30136129322856714,0.30136129322856714,0.3071580512675137,0.2959804673774532,0.10838677734136581,10.0,0.3096001305746424,0.29232748441187023,0.3071177760300864,0.2954410976698145,0.0,0.0,0.0,2.780424615137209,2.8335351732533067,2.725803607636099,12043,0.1083867879704034,True,0.125,1.0,39962,0.7375,0.7782132000551163,0.6922684601360929,0.6001001001001001,0.6213684282622366,0.5784475952482587,200,0,0.503188417834291,0.5097594480308014,0.4966173876377806,True,True,True,0.2515139382413293,0.2515139382413293,0.2558508366711878,0.24701669963642503,0.0851183608174324,15.0,0.257790834120273,0.24503852782635202,0.2558967889229847,0.2471238199833618,0.0,0.0,0.0,2.0121115059306343,2.0471743113838774,1.9769905598668944,2.954872707853357,3.006363953039911,2.903296080667512,10051,0.08511836654515247,True,True
1.0,8.0,R1_T8,first_hop_cred,8.0,0.6256442136258631,0.6163880549767755,0.6318705147967196,0.6194179124550065,False,0.199664681447375,0.3320154146439117,0.30136129322856714,0.3071312123051436,0.2960071141320026,0.10838677734136581,10.0,0.33886162859396496,0.32466565587083396,0.3374150256671168,0.3270928146222124,0.030654121415344578,0.033659841497899155,0.027587741146591824,3.063246183977455,3.1130641657104268,3.0178292091424455,13268,0.1083867879704034,True,0.125,1.0,39962,0.7675,0.8062335928788962,0.7236773296522552,0.6451451451451451,0.6658282777060582,0.6239049563841599,200,0,0.49967216016155036,0.5058155946530605,0.49352872567004025,True,True,True,0.316350533006356,0.2515139382413293,0.2559325142326456,0.24725311168937364,0.0851183608174324,15.0,0.32314958472039795,0.3100549399014591,0.3208097932684462,0.3115447967958724,0.06483659476502678,0.06882819784190755,0.060830455840709764,2.530804264050848,2.5664783461475698,2.492358374366979,3.7165954405215538,3.7689843718778047,3.6601359899288974,12642,0.08511836654515247,True,True
1.0,8.0,R1_T8,first_hop_content,8.0,0.6184419648948405,0.6091429215633766,0.624697113123987,0.612186816665694,False,0.1535834042340223,0.3188028627195836,0.30136129322856714,0.3071172344261272,0.2955153427195473,0.10838677734136581,10.0,0.3263965473906778,0.3119220386479394,0.3240005431852388,0.3135169560899224,0.017441569491016464,0.01965987662237827,0.015118470063818291,2.941344315938557,2.989299242576613,2.8925753955872633,25480,0.1083867879704034,True,0.125,1.0,79924,0.7321652065081352,0.761706181807151,0.7004024897417344,0.6068568568568569,0.6218917664850837,0.5916166959857744,200,0,0.49886469946738293,0.503305036045232,0.4944243628895338,True,True,True,0.29833341674590863,0.2515139382413293,0.2557581456611081,0.24702532610141315,0.0851183608174324,15.0,0.30413469599523935,0.29230707540712936,0.3024907832834312,0.29443562119516486,0.04681947850457935,0.0499202497395716,0.04371205923954674,2.386667333967269,2.4199262662674497,2.355484969561319,3.50492412924363,3.553766308743365,3.459131479443706,23844,0.08511836654515247,True,True
1.0,8.0,R1_T8,cred_processor,8.0,0.6265135583265987,0.6169393654433507,0.6329537902434155,0.620073326409782,False,0.12043941744657424,0.2983083929733247,0.30136129322856714,0.3073770631308056,0.29582331564185904,0.10838677734136581,10.0,0.3062116564818702,0.29045124796011185,0.3037941173358373,0.2923990611777401,-0.0030529002552424802,-0.001493737184568823,-0.004680212621372868,2.7522578956282215,2.8028703776957826,2.697737119560956,11921,0.1083867879704034,True,0.125,1.0,39962,0.74,0.7805583529527312,0.6948757457668063,0.5950950950950951,0.6164165785968566,0.573408643738114,200,0,0.4997775032288289,0.5060263050462375,0.4935287014114203,True,True,True,0.24996246434112407,0.2515139382413293,0.25596013096872855,0.2472659317240689,0.0851183608174324,15.0,0.256208671057284,0.24358033782246125,0.25439171936641414,0.24560226453313141,-0.001551473900205195,0.00010086364558556972,-0.003218638528530177,1.9996997147289926,2.035133754931313,1.9648181162650513,2.9366454560488693,2.988681875508828,2.885420321157685,9989,0.08511836654515247,True,True
1.0,8.0,R1_T8,content_server,8.0,0.6386808865179158,0.6306493809150053,0.6440834054931142,0.6332783675427174,False,0.25990941394324607,0.340711175616836,0.30136129322856714,0.3073216514878347,0.2958653508846813,0.10838677734136581,8.0,0.347781416621701,0.33392544358477066,0.3451164055038084,0.336092432825471,0.03934988238826886,0.04302501469525244,0.03544995305794904,2.678844564567487,2.7134807226477773,2.64252965943007,27231,0.1271858696556534,True,0.125,1.0,79924,0.7922403003754693,0.8189403270904017,0.7627436341315104,0.6674174174174174,0.6818582664511365,0.6526549920804888,200,0,0.5014641879362097,0.5054782941236758,0.49745008174874367,True,True,True,0.29815825033782095,0.2515139382413293,0.25575939135620285,0.24703547384398547,0.0851183608174324,12.0,0.3034393523354413,0.29276169425848675,0.30179946875023383,0.29462026150662035,0.04664431209649167,0.05072366021832706,0.04283560139242019,2.3852660027025676,2.4143957500018707,2.356962092052963,2.7412919837002043,2.7747696514606623,2.708763417375435,23830,0.10876559378230334,True,True
1.0,8.0,R1_T8,validator,8.0,0.9156811580082777,0.9107936583895118,0.9189688117480806,0.9123935042684747,False,1.0,0.8948501076022221,0.30136129322856714,0.30679083955336617,0.2958147293857582,0.10838677734136581,1.0,0.8992843286261287,0.8905452892519085,0.8978551801987461,0.8917714912375573,0.593488814373655,0.5998183655210619,0.5871639110915848,1.189146049481245,1.1931394224229281,1.1850549458910369,35760,0.7525148891446874,True,0.125,1.0,39962,1.0,0.9999999999999999,0.9904877056657034,1.0,1.0,0.998081037434924,200,0,0.49889150407231236,0.5076322767874685,0.49015073135715626,True,True,True,0.7801161103047896,0.2515139382413293,0.25591044276351116,0.24706273410039087,0.0851183608174324,2.0,0.7863695631195797,0.7733947147035831,0.7842625098305042,0.7756875312263495,0.5286021720634603,0.5349786882945453,0.5221499292925136,6.2409288824383164,6.274100078644033,6.205500249810796,1.4315567701500884,1.4391656455910335,1.4234300794201546,31175,0.5449424895828616,True,True
1.0,8.0,R1_T8,gatekeeper,8.0,0.6231019089109314,0.6151267271108181,0.628466540791429,0.6177372770304338,False,0.1285971673089435,0.30378859916921075,0.30136129322856714,0.30717817787336926,0.2955160503739765,0.1083867996931076,10.0,0.31091662994357605,0.2970838002709058,0.30858033050882394,0.2989262357695187,0.0024273059406436114,0.005089416228011831,-0.00019190130863413682,2.8012870659950617,2.8454724470860255,2.7564503744965165,36420,0.1084460792529666,True,0.125,1.0,119886,0.7431192660550459,0.7670460462652219,0.7176396084607074,0.5879212545879212,0.6003216926902287,0.5754081940092505,200,0,0.5012685300882379,0.504779605481761,0.4977574546947147,True,True,True,0.2508800026692024,0.2515139382413293,0.2560504779482089,0.24689393531752576,0.085118368268013,15.0,0.25611673707410587,0.24596798260875022,0.25436051927502945,0.24753509505421642,-0.0006339355721268539,0.00271563766509503,-0.003899966843751181,2.0070400213536193,2.0348841542002356,1.9802807604337314,2.9450818162608985,2.985939621019977,2.9058159262371452,30077,0.08518608932492132,True,True
1.0,24.0,R1_T24,baseline,24.0,0.5780290675950885,0.5635752989440014,0.5877516231483497,0.5683065120418274,False,0.0,0.1336269455983184,0.1336269455983184,0.13794784287569994,0.1296565902047986,0.035851508378982544,28.0,0.13968512784014725,0.1275859160415913,0.13798298387051217,0.129688348914289,0.0,0.0,0.0,3.727233515025669,3.8487357447455666,3.6173749120533945,5340,0.035851508916633607,True,0.041666666666666664,1.0,39962,0.29,0.3362985043346836,0.24769665928572088,0.24074074074074073,0.25997336070680377,0.22250313840101346,200,0,0.509373437512508,0.5175256821895081,0.5012211928355078,True,True,True,0.09168710274761023,0.09168710274761023,0.09445933637885617,0.08882525948420031,0.02857102081179619,43.0,0.0956174725406262,0.08727832134402871,0.09451238719176949,0.08899669233329162,0.0,0.0,0.0,2.2004904659426456,2.268297292602468,2.135920615998999,3.209094534836855,3.3079809059556915,3.114928822339379,3664,0.02857101956713514,True,True
1.0,24.0,R1_T24,first_hop_cred,24.0,0.5786073212282724,0.5644298385621741,0.5881440286541361,0.5690706138024088,False,0.0006255943145988689,0.14864120914869125,0.1336269455983184,0.1377605435948338,0.12947630467518748,0.035851508378982544,28.0,0.15484913657512447,0.14224360364458974,0.15270890932017772,0.14449212334196168,0.015014263550372855,0.017213873065852883,0.01280511365740303,4.146023797612823,4.25948346205666,4.030294057579355,5940,0.035851508916633607,True,0.041666666666666664,1.0,39962,0.325,0.3723760355854586,0.28095326743154514,0.2732732732732733,0.2932348904144827,0.2541818163342455,200,0,0.49880942060267197,0.5069357367588356,0.49068310444650837,True,True,True,0.17469095640858817,0.09168710274761023,0.09453461283657134,0.08895012223504878,0.02857102081179619,43.0,0.18005353911884392,0.1691558231199172,0.17827592495505137,0.17121413712926223,0.08300385366097793,0.08688551549422852,0.07925611541775313,4.192582953806117,4.278622198921233,4.109139291102293,6.114271001008757,6.239746696338403,5.992580584215746,6981,0.02857101956713514,True,True
1.0,24.0,R1_T24,first_hop_content,24.0,0.5785667091927146,0.5656349836032726,0.5872654384638119,0.5698679799216173,False,0.0006881537460587558,0.14271057504629397,0.1336269455983184,0.13788961000055494,0.12948904896707963,0.035851508378982544,28.0,0.1483675111943245,0.1371881542624848,0.14686684762935984,0.13874911593298223,0.009083629447975576,0.01061593440607195,0.0075612206061850895,3.9806016359908973,4.0965318355462506,3.870105335192975,11406,0.035851508916633607,True,0.041666666666666664,1.0,79924,0.311639549436796,0.3445916466509009,0.280489997186796,0.258008008008008,0.2718018853159073,0.2446789502594564,200,0,0.4988407733904895,0.5048141606633872,0.49286738611759173,True,True,True,0.16310494970221712,0.09168710274761023,0.09453734769800032,0.08896427225577315,0.02857102081179619,43.0,0.16753917676303562,0.15861911130630504,0.16599290683259477,0.1601326977268314,0.07141784695460687,0.07429734361962231,0.06852064739054,3.914518792853211,3.9838297639822744,3.8431847454439536,5.708754961262724,5.809834907800567,5.604724652914728,13036,0.02857101956713514,True,True
1.0,24.0,R1_T24,cred_processor,24.0,0.5795897718491432,0.5653422255136233,0.5891736087077977,0.5700059349904887,False,0.0,0.13320154146439117,0.1336269455983184,0.13757203404473853,0.1295391204250975,0.035851508378982544,28.0,0.13950420970611435,0.12723466236449796,0.13726736457540345,0.12901579480396363,-0.00042540413392723085,0.00045764824531493244,-0.001296244132939883,3.7153677903523668,3.828775098269772,3.5986154754034825,5323,0.035851508916633607,True,0.041666666666666664,1.0,39962,0.2875,0.33370982200191374,0.24533290309016223,0.24174174174174173,0.26099890138392595,0.22347575795899624,200,0,0.49581053656365814,0.5036181429310149,0.48800293019630137,True,True,True,0.09108653220559532,0.09168710274761023,0.09448411735236097,0.08902026025009711,0.02857102081179619,43.0,0.09550795429162977,0.0867484613663271,0.09398374489120359,0.08825554656778668,-0.0006005705420149142,0.0007213680147759634,-0.0020528239159306695,2.1860767729342876,2.255609877388886,2.1181331176268805,3.188074264958011,3.289478160566304,3.0889883492049353,3640,0.02857101956713514,True,True
1.0,24.0,R1_T24,content_server,24.0,0.5791049608993157,0.5683479056592602,0.586340863845159,0.5718690579534724,False,0.0,0.1466893548871428,0.1336269455983184,0.13757770205182246,0.12949418601746313,0.035851508378982544,25.0,0.1524694610304652,0.14099955475362017,0.15042666673436605,0.1426797195403291,0.013062409288824383,0.01574276989253742,0.010284910857873418,3.480330815863543,3.5690017463505583,3.3851987766734615,11724,0.04214810678873528,True,0.041666666666666664,1.0,79924,0.2390488110137672,0.2698260610107211,0.21076877447206832,0.24424424424424424,0.25780678361389003,0.23117296194766304,200,0,0.49901557799075713,0.5044393520542436,0.49359180392727064,True,True,True,0.10925379110154647,0.09168710274761023,0.09435724780479675,0.08906864276187389,0.02857102081179619,35.0,0.11250029741863038,0.10595725541227134,0.11142312306414635,0.1070706108500494,0.01756668835393624,0.02074732469620025,0.014560532495253471,2.622090986437115,2.6741549535395124,2.5696946604011854,2.9806454364482473,3.0398288235808257,2.9210842423884418,8732,0.03665440705075403,True,True
1.0,24.0,R1_T24,validator,24.0,0.9156811580082777,0.9107936583895118,0.9189688117480806,0.9123935042684747,False,1.0,0.8948501076022221,0.1336269455983184,0.1379857712242026,0.12923381639155612,0.035851508378982544,1.0,0.8994990935186015,0.890236356207235,0.8978706860537654,0.8918246098850297,0.7612231620039037,0.7663316979885229,0.7561646309507616,1.189146049481245,1.1931600278026262,1.18512553405911,35760,0.7525148891446874,True,0.041666666666666664,1.0,39962,1.0,0.9999999999999999,0.9904877056657034,1.0,1.0,0.998081037434924,200,0,0.5060007911434525,0.5140077314748154,0.4979938508120897,True,True,True,0.7801161103047896,0.09168710274761023,0.09453518232798201,0.08891532452500946,0.02857102081179619,2.0,0.7862784569799649,0.7739973972632012,0.7844181555274619,0.7758000721831619,0.6884290075571793,0.6934558585997708,0.6833544312908593,18.722786647314948,18.826035732659086,18.619201732395886,1.4315567701500884,1.4394512641653474,1.4236365983812629,31175,0.5449424895828616,True,True
1.0,24.0,R1_T24,gatekeeper,24.0,0.5708949906096467,0.5586151035898984,0.5791552503812941,0.5626347308379992,False,0.0,0.1330263750563035,0.1336269455983184,0.13780755777406126,0.129606878227799,0.035851508378982544,28.0,0.13826029563363273,0.1277348320336747,0.13690164163297844,0.12920161707000508,-0.0006005705420149142,0.0010991858487997541,-0.0024024577164087936,3.7085556644061155,3.816591697169759,3.601927727735166,15948,0.0358701303402456,True,0.041666666666666664,1.0,119886,0.25938281901584653,0.2849323507684471,0.2353701830619796,0.2165498832165499,0.22715702662984735,0.20630582440921283,200,0,0.49763846803425377,0.5025160068260474,0.49276092924246023,True,True,True,0.09073619938941994,0.09168710274761023,0.09450875597943152,0.08906904221274385,0.02857102081179619,43.0,0.09346054869104202,0.08806934477940301,0.09270249470307536,0.0889239791733909,-0.0009509033581902807,0.001965222707695386,-0.003916021653851682,2.1776687853460786,2.2248598728738087,2.1341755001613816,3.1735156206495576,3.2422871686611123,3.1101328781242445,10878,0.028591697737050364,True,True
1.0,40.0,R1_T40,baseline,40.0,0.5734620207498634,0.5561960707021494,0.5850762344937721,0.5618478070059547,False,7.507131775186428e-05,0.08795856063260098,0.08795856063260098,0.09154622028158214,0.08412954938737144,0.021468108519911766,47.0,0.09342037291233313,0.08241760015904527,0.09181025717616526,0.08410988321123988,0.0,0.0,0.0,4.097172896735716,4.276587686737329,3.917898739613654,3515,0.0214681105360916,True,0.025,1.0,39962,0.1875,0.2286560293976321,0.15228915456130324,0.13913913913913914,0.1550083032336905,0.12465493201097401,200,0,0.5037341542451341,0.5129740853887866,0.49449422310148156,True,True,True,0.05620339322356238,0.05620339322356238,0.05851007267372118,0.05404339545688402,0.01715673692524433,72.0,0.059424621985129336,0.05321514196909823,0.058447142932954145,0.05391588634700177,0.0,0.0,0.0,2.2481357289424952,2.3378857173181657,2.156635453880071,3.2758789134052813,3.4066584257866483,3.1425489645997544,2246,0.017156737080107416,True,True
1.0,40.0,R1_T40,first_hop_cred,40.0,0.5766879975000034,0.5597324698868738,0.5880934006950455,0.5652825943049614,False,0.00032530904359141186,0.09856864020819779,0.08795856063260098,0.09170206562244286,0.0840932733629482,0.021468108519911766,47.0,0.10354474471597427,0.09289681756773276,0.10259174995766901,0.09457621909276245,0.010610079575596816,0.012250981144801276,0.00885448298597872,4.591398019983496,4.778797360167983,4.405428178402729,3939,0.0214681105360916,True,0.025,1.0,39962,0.2025,0.24462602009448153,0.16603379503442495,0.16666666666666666,0.18364436651426713,0.1509682751957836,200,0,0.49556655775977154,0.5055477728811343,0.4855853426384088,True,True,True,0.1386066763425254,0.05620339322356238,0.05834739258302593,0.0540586302150447,0.01715673692524433,72.0,0.14323035528883551,0.13383904812733555,0.1418475678810408,0.13536944656664948,0.08240328311896301,0.08577331678933478,0.0790422037710676,5.544267053701017,5.673902715241632,5.4147778626659795,8.07884830870519,8.267747370536306,7.890162676888323,5539,0.017156737080107416,True,True
1.0,40.0,R1_T40,first_hop_content,40.0,0.5742668363832456,0.5594262541601361,0.5842495881893685,0.5642840845771228,False,0.0002877733847154797,0.09499024072869226,0.08795856063260098,0.0917054099476988,0.08428756905214731,0.021468110382556915,47.0,0.10057557494752448,0.08955072214949046,0.0988715567994288,0.09154646488913178,0.007031680096091287,0.008402098607863912,0.005676278164043269,4.424713603416438,4.6055080922565885,4.2643000526397685,7592,0.0214681105360916,True,0.025,1.0,79924,0.2002503128911139,0.22940365438681595,0.1739654731821436,0.1589089089089089,0.17057103112633232,0.14790195634959413,200,0,0.49763709934992995,0.5042957794065194,0.4909784192933405,True,True,True,0.12868475051298733,0.05620339322356238,0.05841140493220382,0.054048347666703446,0.01715673692524433,72.0,0.1325066744977806,0.12531380642086243,0.13137810446527487,0.1260626517516598,0.07248135728942495,0.07524274813607837,0.06961718891904885,5.147390020519493,5.255124178610995,5.042506070066391,7.500537538818637,7.6575227475860075,7.347705520172868,10285,0.017156737080107416,True,True
1.0,40.0,R1_T40,cred_processor,40.0,0.5718706014276465,0.5542021081992056,0.5837555921939138,0.5599856106613791,False,7.507131775186428e-05,0.08858415494719984,0.08795856063260098,0.0916267136152428,0.08416294266473268,0.021468108519911766,47.0,0.09430940385409955,0.0832672867573978,0.09226354656382967,0.0846471703366585,0.0006255943145988689,0.0011471450484113552,0.00012509366388846474,4.126313529002685,4.297702231815824,3.942925959615868,3540,0.0214681105360916,True,0.025,1.0,39962,0.19,0.2313237716448988,0.15457385084236502,0.14214214214214213,0.1581411263570486,0.12751658959293075,200,0,0.5050302604714912,0.5152707667272679,0.4947897542157146,True,True,True,0.05555277513637956,0.05620339322356238,0.05844715958025664,0.05411454886040815,0.01715673692524433,72.0,0.0590595087113056,0.05234979308862132,0.05782802093266417,0.053419396052155683,-0.0006506180871828237,0.00047998199346477695,-0.0018288612774263818,2.2221110054551825,2.313120837306567,2.1367758420862275,3.2379568957078027,3.3705721934570856,3.113610461169417,2220,0.017156737080107416,True,True
1.0,40.0,R1_T40,content_server,40.0,0.5742091194769527,0.561974779977813,0.5824387409901557,0.5659794979637498,False,0.0,0.09793053400730695,0.08795856063260098,0.0917416804641976,0.08407089232915754,0.021468110382556915,41.0,0.10237093486190228,0.09323377666366878,0.10112135073641038,0.09486156459215195,0.009971973374705971,0.01250159257495173,0.007402220488448193,3.8760973927859963,4.002390142334497,3.7546273684549263,7827,0.02526524080369355,True,0.025,1.0,79924,0.16020025031289112,0.18725005625870988,0.13640221152823173,0.1544044044044044,0.165939167200577,0.14353346354355678,200,0,0.508190911985565,0.5151546943091395,0.5012271296619905,True,True,True,0.06747660277263401,0.05620339322356238,0.0584629209856186,0.05407564050599891,0.01715673692524433,57.0,0.0700080358822908,0.06494355819612688,0.06918883493772007,0.0658559744647264,0.011273209549071617,0.014012138400551296,0.008601318200939836,2.6990641109053604,2.767553397508803,2.634238978589056,3.062642428883371,3.1403575873444627,2.989085005816715,5393,0.02203215175766887,True,True
1.0,40.0,R1_T40,validator,40.0,0.9156811580082777,0.9107936583895118,0.9189688117480806,0.9123935042684747,False,1.0,0.8948501076022221,0.08795856063260098,0.09160183247490859,0.08445054992092434,0.021468108519911766,1.0,0.8991066335391364,0.8904922177294817,0.8979419629341453,0.8916625027914341,0.8068915469696212,0.8113640386589114,0.8025725493858209,1.189146049481245,1.1932547460353258,1.1849101136123732,35760,0.7525148891446874,True,0.025,1.0,39962,1.0,0.9999999999999999,0.9904877056657034,1.0,1.0,0.998081037434924,200,0,0.5035761208043043,0.5123018850203177,0.4948503565882908,True,True,True,0.7801161103047896,0.05620339322356238,0.05845299908935388,0.05394812097846319,0.01715673692524433,2.0,0.7863270266696957,0.7736417072975492,0.784638108369528,0.7758040662750744,0.7239127170812272,0.7288335878891045,0.7188044562057773,31.204644412191584,31.385524334781117,31.032162651002974,1.4315567701500884,1.439854889953886,1.4236439277637,31175,0.5449424895828616,True,True
1.0,40.0,R1_T40,gatekeeper,40.0,0.5616744903884392,0.5478206952762528,0.5709934642736065,0.5523555165032719,False,0.0,0.08850074237191999,0.08795856063260098,0.09186408626579563,0.08416780082187265,0.021468112245202065,47.0,0.09349483416484344,0.0835355123313922,0.09173728760965368,0.08524768457361345,0.0005421817393190197,0.0021169485862160844,-0.0010046967219377735,4.120301407446668,4.270984232707693,3.968849812062983,10610,0.021479191355266287,True,0.025,1.0,119886,0.15262718932443703,0.17409026907332664,0.13338288635257545,0.1284617951284618,0.1371710975386853,0.12022841350545069,200,0,0.49407703359122246,0.4999797801231072,0.48817428705933774,True,True,True,0.05615334567839447,0.05620339322356238,0.05840504087047004,0.053998934871441966,0.01715673692524433,72.0,0.058253450558875285,0.054048164995746356,0.057727178252885036,0.054717707187155844,-5.004754516790951e-05,0.0021150161635288024,-0.0021383429153459185,2.246133827135779,2.3090871301154015,2.1887082874862336,3.2705525981631793,3.362217701166195,3.1869363658475662,6732,0.01716937550857049,True,True
1.0,50.0,R1_T50,baseline,50.0,0.5668077918956772,0.545784493963932,0.5809494449820354,0.552666138809319,False,0.0,0.07377008157749862,0.07377008157749862,0.07700583252311709,0.07061037038276945,0.01719425804913044,59.0,0.07880471062435766,0.06913654165292826,0.07704981974039991,0.07047570466232006,0.0,0.0,0.0,4.290390261196919,4.481136379033389,4.0987927689432935,2948,0.017194259050205492,True,0.02,1.0,39962,0.13,0.1665078455207386,0.10053125228664084,0.1111111111111111,0.12564447249234145,0.09807027616938437,200,0,0.5110256880322301,0.5213353062489059,0.5007160698155544,True,True,True,0.043341174115409636,0.043341174115409636,0.04540719424695531,0.04128657897362835,0.013733924366533756,90.0,0.046477849395582554,0.040193588006896895,0.04551270781909286,0.04115347602368233,0.0,0.0,0.0,2.167058705770482,2.275635390954643,2.0576738011841162,3.155774943226955,3.3138895257301515,2.9964833928219132,1732,0.013733924280129711,True,True
1.0,50.0,R1_T50,first_hop_cred,50.0,0.5712081235874721,0.5510488999149319,0.5847685434889037,0.5576477036860404,False,0.0,0.08310394875131374,0.07377008157749862,0.07721535683657815,0.07051243989632165,0.01719425804913044,59.0,0.08787428190989728,0.07823835907967867,0.08641544594026493,0.0796643549565392,0.009333867173815125,0.010860393195575184,0.007672250562742922,4.833238147026786,5.025831336374576,4.6331949939760335,3321,0.017194259050205492,True,0.02,1.0,39962,0.1625,0.20183339022958918,0.12958740844606098,0.12912912912912913,0.14454806108378931,0.1151335718098257,200,0,0.4973922782327691,0.5085625414301921,0.4862220150353462,True,True,True,0.12264150943396226,0.043341174115409636,0.04557663591279557,0.04125948350682333,0.013733924366533756,90.0,0.12739486403921702,0.11745873467750557,0.12618711553215864,0.11933860801591704,0.07930033531855263,0.08284399086378448,0.07590506064596361,6.132075471698113,6.309355776607932,5.966930400795852,8.92982274639452,9.187986838891096,8.689330564358546,4901,0.013733924280129711,True,True
1.0,50.0,R1_T50,first_hop_content,50.0,0.57149990724515,0.5530509950075978,0.5839098591723486,0.5590899553179514,False,0.0,0.07900005004754516,0.07377008157749862,0.07691964942037727,0.07049977947914651,0.01719425804913044,59.0,0.08357365431855625,0.07446422925268646,0.08229828676597359,0.07589114075278353,0.005229968470046544,0.006476948378091928,0.003871967746837268,4.594559720013118,4.786381694359201,4.413748829256852,6314,0.017194259050205492,True,0.02,1.0,79924,0.14017521902377972,0.16597307140676237,0.11782076648917023,0.12137137137137137,0.1318617012827194,0.11160831342826864,200,0,0.4995870881548033,0.5066565419996087,0.4925176343099979,True,True,True,0.11402081977878985,0.043341174115409636,0.04549119599063122,0.041203114858157606,0.013733924366533756,90.0,0.11798991769536873,0.11025492587111059,0.11652849975918302,0.11157457829818906,0.07067964566338021,0.0733222230806306,0.0680644498880589,5.701040988939492,5.826424987959151,5.578728914909453,8.302129635573683,8.484719835522673,8.12401292029952,9113,0.013733924280129711,True,True
1.0,50.0,R1_T50,cred_processor,50.0,0.5678133930712865,0.5465806988379852,0.58209589988401,0.5535308862585631,False,0.0,0.07336970121615535,0.07377008157749862,0.07684853963375617,0.07054636182881814,0.01719425804913044,59.0,0.07762572562178909,0.06819598848549778,0.07660809751450448,0.07012394832180671,-0.0004003803613432761,0.00012514776773496427,-0.000931462069623687,4.267104561000464,4.455446279529499,4.078334990594936,2932,0.017194259050205492,True,0.02,1.0,39962,0.13,0.1665078455207386,0.10053125228664084,0.11211211211211211,0.12669745549922137,0.09901545339760938,200,0,0.5002797361307653,0.510722453496365,0.48983701876516555,True,True,True,0.04324107902507382,0.043341174115409636,0.04552071436655154,0.04104592285638041,0.013733924366533756,90.0,0.046560300596853496,0.040133580683168704,0.04531304895470956,0.04104972157014938,-0.00010009509033581902,0.0009046248524636125,-0.0011479924789797294,2.162053951253691,2.2656524477354782,2.052486078507469,3.1484867793857845,3.2993518844623777,2.9889287819607584,1728,0.013733924280129711,True,True
1.0,50.0,R1_T50,content_server,50.0,0.5577282123812171,0.5438084707786828,0.5670915462137052,0.548364878548729,False,0.0,0.08128972523897703,0.07377008157749862,0.0767862065508859,0.07052206342460139,0.01719425804913044,51.0,0.08544632839503018,0.07679678665389958,0.08413227950023665,0.07864471214497326,0.0075196436614784045,0.009607424942609586,0.005348063807550812,4.018646951302925,4.159171746808654,3.887887820611732,6497,0.020228133056729776,True,0.02,1.0,79924,0.09762202753441802,0.12016800126382586,0.0789266731137127,0.11536536536536536,0.125641914160521,0.10582762490807687,200,0,0.5007612190068086,0.5078923932851573,0.49363004472845984,True,True,True,0.052700065061808715,0.043341174115409636,0.04563126281632051,0.04115239694862211,0.013733924366533756,71.0,0.05469488039629134,0.050756019354784014,0.05416183437616046,0.05130940002739655,0.009358890946399079,0.011826999820384923,0.006973345685464163,2.635003253090436,2.7080917188080234,2.5654700013698273,2.988014417615832,3.0708945389475364,2.9091658020017097,4212,0.017637152200844684,True,True
1.0,50.0,R1_T50,validator,50.0,0.9156811580082777,0.9107936583895118,0.9189688117480806,0.9123935042684747,False,1.0,0.8948501076022221,0.07377008157749862,0.07689615869633626,0.07052231768490554,0.01719425804913044,1.0,0.8986769073418692,0.8904955042505931,0.8978983822896477,0.8918266134422463,0.8210800260247235,0.8249366997388995,0.8170967904319121,1.189146049481245,1.193196832703475,1.1851281965409366,35760,0.7525148891446874,True,0.02,1.0,39962,1.0,0.9999999999999999,0.9904877056657034,1.0,1.0,0.998081037434924,200,0,0.49601514392847973,0.505100328372344,0.4869299594846154,True,True,True,0.7801161103047896,0.043341174115409636,0.04544183681671129,0.041103148617678234,0.013733924366533756,2.0,0.7869437884006372,0.7735729519625479,0.7845532809953633,0.7758994728571145,0.73677493618938,0.7417526424387095,0.7319919077168339,39.00580551523948,39.227664049768165,38.79497364285572,1.4315567701500884,1.4396992269696516,1.4238190041871097,31175,0.5449424895828616,True,True
1.0,50.0,R1_T50,gatekeeper,50.0,0.5511147483773466,0.5338903321756598,0.5627010237243508,0.5395284730303425,False,0.0,0.0733363361860434,0.07377008157749862,0.07694522866102811,0.07062665886020748,0.01719425804913044,59.0,0.0776601632075692,0.06884249347463375,0.07624813019632656,0.07061747922098466,-0.00043374539145521576,0.0010045306654404432,-0.0019438683674286032,4.262881651852743,4.432137901973035,4.104840412364606,8792,0.017203465208603625,True,0.02,1.0,119886,0.09924937447873228,0.11747465321218456,0.0835838130114552,0.0965965965965966,0.10433548207876861,0.08937444953538534,200,0,0.5017276810424074,0.5084592404586871,0.49499612162612777,True,True,True,0.04406686352034433,0.043341174115409636,0.045611202464320266,0.04110349313530983,0.013733923435211182,89.0,0.046185890043135405,0.04210487303223976,0.04550717015163358,0.042697136975782736,0.000725689404934688,0.002830143077883695,-0.0014277327187596281,2.203343176017216,2.275358507581679,2.134856848789137,3.2062614602751363,3.3110567480257482,3.1066015099154707,5283,0.013744001874557933,True,True
1.0,100.0,R1_T100,baseline,100.0,0.5584214629200938,0.5296439771691651,0.5777790927985506,0.539063833041637,False,0.0,0.040463440268254845,0.040463440268254845,0.04287242343516957,0.037916921806495266,0.008608746342360973,117.0,0.04420040713775453,0.036346402616169844,0.043022002883370616,0.03791133177146724,0.0,0.0,0.0,4.70027104984326,4.9974760751528535,4.403815740952463,1617,0.008608746142332405,True,0.01,1.0,39962,0.075,0.10504770626130436,0.05303774392284765,0.057057057057057055,0.0681034024108802,0.04771069355517816,200,0,0.4993911589221091,0.5139633446869217,0.4848189731572965,True,True,True,0.02277163305139883,0.02277163305139883,0.024161849732237138,0.02134259182577342,0.0068771555088460445,178.0,0.024762012920418543,0.020517177881660246,0.02415159773385293,0.0213876673852781,0.0,0.0,0.0,2.277163305139883,2.415159773385293,2.13876673852781,3.311199734112933,3.511858978854564,3.1099587104526254,910,0.006877154771667475,True,True
1.0,100.0,R1_T100,first_hop_cred,100.0,0.560733404856155,0.537096158784493,0.576633371405056,0.544833438307254,False,0.0,0.04749512036434613,0.040463440268254845,0.04291002795110916,0.03792408348690256,0.008608746342360973,117.0,0.05139018816119872,0.04332757309178411,0.050241575962921066,0.04470377810973144,0.007031680096091287,0.008439675657483981,0.005597573088423268,5.517077583551334,5.836108433476109,5.192832657697541,1898,0.008608746142332405,True,0.01,1.0,39962,0.095,0.12770834691750552,0.06999661149327467,0.07407407407407407,0.08639289363028524,0.0633899263325573,200,0,0.5072713761216758,0.5206647729008531,0.4938779793424986,True,True,True,0.0867824433211551,0.02277163305139883,0.02412768755885058,0.02134588554959769,0.0068771555088460445,178.0,0.09048761950326822,0.08292310521945499,0.0895753191787084,0.08412862544204228,0.06401081026975627,0.06682946062987687,0.06120064128682311,8.67824433211551,8.95753191787084,8.412862544204227,12.618945799894123,13.025055004976927,12.233056872390842,3468,0.006877154771667475,True,True
1.0,100.0,R1_T100,first_hop_content,100.0,0.5643314498050388,0.5405794545327616,0.5803086042143938,0.5483542953956838,False,0.0,0.044367148791351785,0.040463440268254845,0.0429666419361314,0.03808300265523419,0.008608746342360973,117.0,0.04786232347290128,0.04090006414203491,0.046815910618476,0.0418940115792506,0.003903708523096942,0.0049604681456009575,0.002841689561411581,5.1537294813680266,5.438179944494444,4.866447550734732,3546,0.008608746142332405,True,0.01,1.0,79924,0.07884856070087609,0.0996144287007352,0.062112967653982436,0.06281281281281281,0.07076347040212716,0.055701906795556956,200,0,0.4970512547966782,0.5065597233796227,0.4875427862137337,True,True,True,0.08264100895851058,0.02277163305139883,0.024182753712985172,0.021362701515265592,0.00687715457752347,178.0,0.08585158761179275,0.07954848883307371,0.08478985505367613,0.08058177735332818,0.059869375907111756,0.06214088800586606,0.05762507704012989,8.264100895851058,8.478985505367612,8.058177735332817,12.016744090008746,12.329205589932869,11.717313340875977,6605,0.006877154771667475,True,True
1.0,100.0,R1_T100,cred_processor,100.0,0.5585723372686755,0.5302371875591843,0.5776324228291138,0.5395122517082372,False,0.0,0.04053851158600671,0.040463440268254845,0.04291693010497122,0.037910723408257664,0.008608746342360973,117.0,0.04416992223597107,0.03667745529009479,0.04314794395251207,0.03800159986032802,7.507131775186428e-05,0.0003282530342246219,-0.00019894818713338526,4.708991404295658,5.0121055074835565,4.414301366543965,1620,0.008608746142332405,True,0.01,1.0,39962,0.075,0.10504770626130436,0.05303774392284765,0.05805805805805806,0.06918533733915508,0.04862691886200825,200,0,0.5080966074658805,0.5219251714096671,0.4942680435220939,True,True,True,0.022646514188479055,0.02277163305139883,0.024208036635295978,0.021317424356888784,0.0068771555088460445,178.0,0.024904516629698593,0.020684398761060954,0.0240723526483085,0.02130150911546655,-0.0001251188629197738,0.0005009885584737316,-0.0008076744215056541,2.2646514188479054,2.4072352648308497,2.130150911546655,3.293006328980444,3.5003360324944057,3.0974305250806013,905,0.006877154771667475,True,True
1.0,100.0,R1_T100,content_server,100.0,0.5487774525980995,0.5300521635863847,0.561373313723466,0.536181591472733,False,0.0,0.044830088584154944,0.040463440268254845,0.04288405036678905,0.037938015826679404,0.008608746342360973,101.0,0.048129546463348064,0.041485751144761336,0.04706433656290879,0.04268215112296727,0.0043666483159001054,0.00593425776141795,0.0027915688144346702,4.42922176484219,4.649965914320602,4.217005111851347,3583,0.01012143689440039,True,0.01,1.0,79924,0.0425531914893617,0.05887480727047634,0.03060918490678756,0.05755755755755756,0.0652127851613426,0.05075217584925013,200,0,0.5133182105205553,0.5232299631997216,0.5034064578413889,True,True,True,0.026237425554276564,0.02277163305139883,0.02425795303839163,0.021390606272920255,0.00687715457752347,143.0,0.027844866984391873,0.024762190021420966,0.027310331980585842,0.02514758066144761,0.003465792502877734,0.005122559003529963,0.001779366001132157,2.6237425554276563,2.7310331980585842,2.5147580661447613,2.9709525093884737,3.0924413358355873,2.8475456830405044,2097,0.008831317724320388,True,True
1.0,100.0,R1_T100,validator,100.0,0.9156811580082777,0.9107936583895118,0.9189688117480806,0.9123935042684747,False,1.0,0.8948501076022221,0.040463440268254845,0.043030141639996085,0.03795906635615359,0.008608746342360973,1.0,0.8992390602047311,0.8901134377153428,0.8979949330629192,0.891834495879966,0.8543866673339673,0.8579478327428133,0.8506977281688455,1.189146049481245,1.1933251368402626,1.1851386713339718,35760,0.7525148891446874,True,0.01,1.0,39962,1.0,0.9999999999999999,0.9904877056657034,1.0,1.0,0.998081037434924,200,0,0.5021565580255273,0.5103820756876365,0.493931040363418,True,True,True,0.7801161103047896,0.02277163305139883,0.024176173699795588,0.021418415050159217,0.0068771555088460445,2.0,0.7868325244867536,0.7741056445173756,0.7844241043186334,0.7758452442851073,0.7573444772533907,0.7621168297809886,0.7527317033601553,78.01161103047896,78.44241043186334,77.58452442851073,1.4315567701500884,1.4394621805304415,1.4237194917192002,31175,0.5449424895828616,True,True
1.0,100.0,R1_T100,gatekeeper,100.0,0.5349276998827281,0.5131001258828133,0.5496103619572404,0.5202450378082158,False,0.0,0.03983784595365597,0.040463440268254845,0.042904886925789976,0.038030026957853666,0.008608746342360973,117.0,0.04289611624748048,0.0366739596260213,0.04215052531397083,0.03766941316008756,-0.0006255943145988689,0.0005091008039140791,-0.0017336388315731441,4.625171899800187,4.893673856532979,4.373416962169142,4776,0.008613268180449036,True,0.01,1.0,119886,0.0475396163469558,0.06109640510887646,0.03687283095007166,0.047380714047380715,0.05305505560121513,0.042286153856683835,200,0,0.5032111599392147,0.511321315950323,0.49510100392810635,True,True,True,0.021937507298600337,0.02277163305139883,0.024245926755068297,0.02137814283225784,0.00687715457752347,178.0,0.023206065734607765,0.020684906124185286,0.02280931751383557,0.02105881398512495,-0.0008341257527984919,0.00060556017899542,-0.0022851736284234744,2.193750729860034,2.280931751383557,2.105881398512495,3.1875856363198203,3.3142622765531446,3.05990886125873,2630,0.006882170332505313,True,True
1.0,200.0,R1_T200,baseline,200.0,0.5450307616580276,0.5090667198524382,0.5692225418653544,0.5208389814507007,False,0.0,0.022121014964216004,0.022121014964216004,0.024159131779601686,0.020163434207937824,0.004305561538785696,233.0,0.025165092363575413,0.01895748147017788,0.02401408449631207,0.02012500065126488,0.0,0.0,0.0,5.137776535679774,5.577456552087111,4.674186799017583,884,0.004305561911966106,True,0.005,1.0,39962,0.0375,0.060943842444513396,0.022855029814710867,0.02902902902902903,0.03734261915584476,0.02252299022727492,200,0,0.5074161052532364,0.5249783175625948,0.489853892943878,True,True,True,0.011560982933787097,0.011560982933787097,0.012678300605989597,0.010427398412602484,0.0034408760257065296,355.0,0.013200349183294343,0.010024825391259543,0.012736293582120821,0.010433784607621545,0.0,0.0,0.0,2.3121965867574192,2.5472587164241642,2.086756921524309,3.3598951402629216,3.7014682191483668,3.032304640399125,462,0.003440876114033254,True,True
1.0,200.0,R1_T200,first_hop_cred,200.0,0.5401096980711962,0.5087594531469048,0.5611979350039108,0.5190214611384817,False,0.0,0.026475151393824132,0.022121014964216004,0.02403278319664066,0.020269452032099435,0.004305561538785696,233.0,0.02980160010756714,0.023456989868443235,0.028555160807912598,0.024389001117726232,0.0043541364296081275,0.005336234986343714,0.003315205781355553,6.149058342476471,6.632156589956704,5.6645338323770975,1058,0.004305561911966106,True,0.005,1.0,39962,0.0475,0.07299154940982647,0.030617076962711882,0.037037037037037035,0.046245880456205125,0.029605010807754177,200,0,0.5010279289585687,0.5189511979029034,0.48310466001423397,True,True,True,0.05715429658175267,0.011560982933787097,0.012690264637946213,0.010464355612357652,0.0034408760257065296,355.0,0.06055174521477945,0.05412802529053797,0.059502667211746255,0.054866369570536824,0.045593313647965567,0.04784061409085048,0.04335229720516141,11.430859316350533,11.900533442349252,10.973273914107365,16.610390693421024,17.292882754212172,15.945464978169387,2284,0.003440876114033254,True,True
1.0,200.0,R1_T200,first_hop_content,200.0,0.5397996195954186,0.5071362486063015,0.561771151495826,0.5178280876950111,False,0.0,0.024660927881487413,0.022121014964216004,0.024183675643692778,0.02020773388339869,0.004305562004446983,233.0,0.0274921651998436,0.021886425079479646,0.026566910649490457,0.022752103868060095,0.0025399129172714078,0.0034000852736543333,0.001700886997711569,5.727690922977848,6.17037013813578,5.284351806631088,1971,0.004305561911966106,True,0.005,1.0,79924,0.03879849812265332,0.05454451809857647,0.027466018474123246,0.03278278278278278,0.03876809292536363,0.027694906060369746,200,0,0.4939888423446922,0.5073688794957242,0.4806088051936603,True,True,True,0.05387618237325459,0.011560982933787097,0.012659190408564338,0.010464105981175096,0.0034408755600452423,355.0,0.05629086818071885,0.0514773047184774,0.05550426403507498,0.05221302903894485,0.042315199439467495,0.04421863896748946,0.04049066387662117,10.775236474650917,11.100852807014997,10.44260580778897,15.657693153649504,16.130852200318007,15.174341449260396,4306,0.003440876114033254,True,True
1.0,200.0,R1_T200,cred_processor,200.0,0.5459541336013145,0.510423507649648,0.5698543697955087,0.5220538974071203,False,0.0,0.022171062509383915,0.022121014964216004,0.023970655877201638,0.020049838932999414,0.004305561538785696,233.0,0.025015664340282222,0.019392337042811833,0.02416277340600706,0.020236977693655057,5.004754516790951e-05,0.0002000260035755526,-0.00010025930077520971,5.149400464493529,5.611990699484168,4.700194331757728,886,0.004305561911966106,True,0.005,1.0,39962,0.0375,0.060943842444513396,0.022855029814710867,0.02902902902902903,0.03734261915584476,0.02252299022727492,200,0,0.5126904836947944,0.5318146227899412,0.4935663445996477,True,True,True,0.01136079275311546,0.011560982933787097,0.012772551347358559,0.010419603544276148,0.0034408760257065296,355.0,0.01304689897796672,0.009832303512131553,0.01244150045327593,0.010315028118077453,-0.00020019018067163804,0.0001999853817075688,-0.0005999248663404561,2.272158550623092,2.488300090655186,2.0630056236154903,3.301715137834127,3.6157943619459503,2.9977911950996106,454,0.003440876114033254,True,True
1.0,200.0,R1_T200,content_server,200.0,0.532505041378031,0.5079267048726005,0.5490380472569387,0.5159720354991233,False,0.0,0.024735999199239276,0.022121014964216004,0.024134825699303974,0.02016775078696671,0.004305562004446983,202.0,0.027038317493903057,0.022619183151322393,0.02631391983323204,0.023128629802584653,0.002614984235023272,0.004062420807054986,0.0012842925604940327,4.884343400999346,5.195917886988992,4.566953994479647,1977,0.005064344819444563,True,0.005,1.0,79924,0.023779724655819776,0.03684113831868327,0.015275575835759725,0.03053053053053053,0.036332082651483605,0.025630737968353474,200,0,0.4927614719257996,0.5051817501979524,0.4803411936536468,True,True,True,0.013825634352635003,0.011560982933787097,0.012623731041840305,0.01042109645840078,0.0034408755600452423,286.0,0.014925543973368136,0.012611811097495996,0.014643949948421536,0.013054145891339533,0.0022646514188479055,0.0036453338253831908,0.0008602095199653111,2.7651268705270007,2.928789989684307,2.6108291782679065,3.1281333143657806,3.313282162625106,2.9535793882403434,1105,0.004419771462150138,True,True
1.0,200.0,R1_T200,validator,200.0,0.9156811580082777,0.9107936583895118,0.9189688117480806,0.9123935042684747,False,1.0,0.8948501076022221,0.022121014964216004,0.024097013030042524,0.020150062977482883,0.004305561538785696,1.0,0.899527505825876,0.8906139608416435,0.8980091185564817,0.8919828334213882,0.8727290926380061,0.8761623094371844,0.8693579270994175,1.189146049481245,1.1933439876215124,1.185335793734554,35760,0.7525148891446874,True,0.005,1.0,39962,1.0,0.9999999999999999,0.9904877056657034,1.0,1.0,0.998081037434924,200,0,0.5055103128157786,0.5147348919843229,0.4962857336472344,True,True,True,0.7801161103047896,0.011560982933787097,0.012723163572833913,0.010411781013386339,0.0034408760257065296,2.0,0.7859894250325739,0.7732561710813262,0.7845628857121507,0.7758116831166694,0.7685551273710024,0.7731139399445401,0.7642999636641826,156.02322206095792,156.91257714243014,155.16233662333389,1.4315567701500884,1.439716852163082,1.4236579050947775,31175,0.5449424895828616,True,True
1.0,200.0,R1_T200,gatekeeper,200.0,0.5136241492710578,0.48337184258503385,0.5339738407231236,0.4932744578189921,False,0.0,0.02206262616152011,0.022121014964216004,0.024127062694101333,0.020124622646934796,0.004305562470108271,233.0,0.024470986677150967,0.019650598862106336,0.023659885354833078,0.02040428336764389,-5.838880269589443e-05,0.0008580926925181475,-0.0010171193706346349,5.121548836875586,5.492331576147511,4.736586342159926,2645,0.004307803530577963,True,0.005,1.0,119886,0.020850708924103418,0.03059940766068127,0.014162483797135686,0.022022022022022022,0.026054765269636463,0.018601543280632817,200,0,0.49845413343967665,0.5100778631989241,0.4868304036804292,True,False,True,0.011218991375139716,0.011560982933787097,0.01273322608448898,0.010363722005422125,0.0034408762585371733,355.0,0.01202112315942671,0.010333317958482897,0.011798219806228319,0.010658438354133173,-0.0003419915586473817,0.0008195300517820519,-0.0015899880462987258,2.243798275027943,2.3596439612456637,2.1316876708266346,3.2581302075089957,3.426345119640909,3.095338859375965,1345,0.0034433833704016386,True,True
1.0,500.0,R1_T500,baseline,500.0,0.5543346168803854,0.5039880550939484,0.588201026098684,0.5204682076620869,False,0.0,0.009559081127070717,0.009559081127070717,0.011021692171636557,0.008135250065138013,0.0017225310439243913,581.0,0.011779298561210167,0.007467043167406558,0.010992117557794386,0.008174879400766624,0.0,0.0,0.0,5.549439323292881,6.381375846757263,4.745853352088162,382,0.0017225309747865894,True,0.002,1.0,39962,0.0125,0.028923736195967484,0.005350750779971611,0.011511511511511512,0.017214883189124404,0.007682922079658597,200,0,0.4842799658191112,0.5175961890999126,0.45096374253830984,True,True,True,0.004429207747359992,0.004429207747359992,0.005051935956325718,0.0038230076775902714,0.001376065076328814,887.0,0.005424678091170359,0.0035715072787356095,0.00505324841470912,0.003836725467566105,0.0,0.0,0.0,2.214603873679996,2.52662420735456,1.9183627337830524,3.2187489211561497,3.6722454242237257,2.788186209342192,177,0.0013760650040914202,True,True
1.0,500.0,R1_T500,first_hop_cred,500.0,0.5627829253334473,0.5161521118324748,0.594149877835684,0.5314159728312107,False,0.0,0.01088534107402032,0.009559081127070717,0.010961714860689586,0.00814255548034126,0.0017225310439243913,581.0,0.01346837615763734,0.008842868153736524,0.012327274021759317,0.009485710168594464,0.001326259946949602,0.0020181740793958985,0.0006273030571442411,6.319387711079589,7.156489028179355,5.506844467496257,435,0.0017225309747865894,True,0.002,1.0,39962,0.01,0.025426564652619582,0.003895483794990993,0.01701701701701702,0.02368477826930663,0.012202908292553619,200,0,0.5392529593477353,0.5669447378653542,0.5115611808301165,True,True,True,0.026350032530904358,0.004429207747359992,0.005028029813513281,0.003812344870258006,0.001376065076328814,887.0,0.028427745678603712,0.02427384299359342,0.02787407635456462,0.024917227664934528,0.021920824783544367,0.02348926451654125,0.020392749190696183,13.175016265452179,13.937038177282309,12.458613832467265,19.148828327556078,20.256365994111697,18.10759491074095,1053,0.0013760650040914202,True,True
1.0,500.0,R1_T500,first_hop_content,500.0,0.5419813471358713,0.49573032307690773,0.5730928282771356,0.510869865994607,False,0.0,0.010897852960312296,0.009559081127070717,0.01097318346964951,0.008142936851926883,0.0017225310439243913,581.0,0.013074372869503822,0.008852190594814527,0.0123565991063833,0.00942788397811469,0.0013387718332415796,0.0018476597729337994,0.0008121741981038878,6.326651375115313,7.173513444606826,5.473273988168917,871,0.0017225309747865894,True,0.002,1.0,79924,0.017521902377972465,0.029195294291133593,0.010465660522369092,0.012512512512512513,0.016457172755965577,0.009504220936701072,200,0,0.5000498219719559,0.5192908550422163,0.4808087889016956,True,False,True,0.02553675992192583,0.004429207747359992,0.0050864802370594745,0.003811142363747542,0.001376065076328814,887.0,0.027021123383745776,0.02400694406316817,0.02662216180454403,0.02444245740222426,0.02110755217456584,0.022368886545786514,0.0197901474316221,12.768379960962916,13.311080902272016,12.22122870111213,18.55781510756978,19.34658735262434,17.762574681828333,2041,0.0013760650040914202,True,True
1.0,500.0,R1_T500,cred_processor,500.0,0.5555534777980448,0.5050561120159758,0.589521327703584,0.5215856278925055,False,0.0,0.009534057354486763,0.009559081127070717,0.01100538957188671,0.00816995762034327,0.0017225310439243913,581.0,0.011655658670357557,0.007538095839845837,0.011036551571568708,0.008165695651683779,-2.5023772583954755e-05,5.018833172708654e-05,-0.00012509702838454806,5.534911995221433,6.40717161729766,4.74052180843683,381,0.0017225309747865894,True,0.002,1.0,39962,0.0125,0.028923736195967484,0.005350750779971611,0.011511511511511512,0.017214883189124404,0.007682922079658597,200,0,0.5215346303712491,0.5478880075624947,0.49518125318000367,True,True,True,0.0043541364296081275,0.004429207747359992,0.0050741256356790325,0.0038227575711467423,0.001376065076328814,887.0,0.005280944521955293,0.003460791333183406,0.005010876817870741,0.003739088442243105,-7.507131775186428e-05,9.991145421012925e-05,-0.00022667170381564036,2.1770682148040637,2.5054384089353703,1.8695442211215525,3.164193854695876,3.6414535672166823,2.7172324207982657,174,0.0013760650040914202,True,True
1.0,500.0,R1_T500,content_server,500.0,0.5375566736688273,0.49983348034750846,0.5629317749013594,0.5121815724362953,False,0.0,0.010822781642560432,0.009559081127070717,0.01107369235936096,0.008173715424206092,0.0017225310439243913,507.0,0.012710117978963096,0.008967794293403246,0.01199313121345199,0.009667243267758339,0.0012637005154897151,0.0021208504791656447,0.00035005929172448436,5.34244602137822,5.920165282020357,4.772038006424422,865,0.0020258101999069745,True,0.002,1.0,79924,0.006257822277847309,0.01456474557252124,0.002675842427288899,0.01126126126126126,0.015034262794115476,0.008427031806386555,200,0,0.5002578742867605,0.5185548039629506,0.48196094461057043,True,False,True,0.005717932035433662,0.004429207747359992,0.0050542444111905125,0.003827421173299307,0.001376065076328814,718.0,0.00654948639692406,0.004989038740350867,0.006282839352579426,0.005161442027307887,0.00128872428807367,0.0021141456923892137,0.0005034986865289129,2.8589660177168312,3.141419676289713,2.580721013653944,3.234837075455856,3.554425192693913,2.920010928651287,457,0.0017676105170236081,True,True
1.0,500.0,R1_T500,validator,500.0,0.9156811580082777,0.9107936583895118,0.9189688117480806,0.9123935042684747,False,1.0,0.8948501076022221,0.009559081127070717,0.011039931367400311,0.008219819652802447,0.0017225310439243913,1.0,0.8993243050004166,0.8907783805079235,0.8978587197757066,0.891823616403218,0.8852910264751513,0.8883581364644526,0.8823050138071291,1.189146049481245,1.1931441260866185,1.1851242138436218,35760,0.7525148891446874,True,0.002,1.0,39962,1.0,0.9999999999999999,0.9904877056657034,1.0,1.0,0.998081037434924,200,0,0.5031646969271052,0.5113132896912066,0.4950161041630038,True,True,True,0.7801161103047896,0.004429207747359992,0.005085054503458981,0.0037848736655375754,0.001376065076328814,2.0,0.7863109274191212,0.773366628543897,0.7844450501462309,0.775937161879947,0.7756869025574296,0.779934631237288,0.771199411360118,390.0580551523948,392.22252507311543,387.9685809399735,1.4315567701500884,1.4395006172976195,1.4238881656556188,31175,0.5449424895828616,True,True
1.0,500.0,R1_T500,gatekeeper,500.0,0.5131665992480394,0.4709876900421773,0.541538908078312,0.4847942904177669,False,0.0,0.009642493702350567,0.009559081127070717,0.011006169561009556,0.008235916614642045,0.0017225309275090694,581.0,0.011491242003124765,0.007994499603418349,0.010837235045672938,0.008467323899917131,8.34125752798492e-05,0.0006607148196517361,-0.0004974456210809984,5.594955156518032,6.28819120580861,4.913075287174023,1156,0.0017234264498290426,True,0.002,1.0,119886,0.0050041701417848205,0.01087461694533501,0.0022954136555603227,0.007841174507841175,0.010410728659020242,0.005902049778429803,200,0,0.48652401701164316,0.5034410021879121,0.4696070318353743,True,False,True,0.00408721618871261,0.004429207747359992,0.005048420574904887,0.0037753517290595247,0.001376065076328814,887.0,0.004695913760784901,0.003602219313684681,0.004405096295577259,0.0037571377124070147,-0.0003419915586473817,0.0003425103529150902,-0.0011021674832439932,2.043608094356305,2.2025481477886295,1.8785688562035074,2.968061123178148,3.1988998024783144,2.728364212643768,490,0.0013770660438205836,True,True
2.0,4.0,R2_T4,baseline,4.0,0.6831191594771858,0.6755607062587857,0.6882034723015158,0.6780348466528558,False,0.9624953305939484,0.4901506661685967,0.4901506661685967,0.4948492702991862,0.485386416863569,0.211541548371315,5.0,0.497480873472021,0.4829293075684966,0.4953249222359401,0.48512328004757,0.0,0.0,0.0,2.317041938711989,2.3415017000408573,2.293276461505618,19682,0.21154155994304727,True,0.25,0.5,40155,0.9950248756218906,0.9986345794928414,0.982043937572714,0.9223107569721115,0.933229035822032,0.9097797373415178,200,0,0.5051376538701793,0.5109185744182316,0.49935673332212693,True,True,True,0.4284646992902503,0.4284646992902503,0.4336956361140877,0.4235147769649703,0.16690397262573242,8.0,0.4357098621631797,0.42103353191888904,0.4330671452158368,0.42335274283845675,0.0,0.0,0.0,1.713858797161001,1.7322685808633471,1.693410971353827,2.567133039337655,2.5947084522407713,2.536504909821285,17205,0.16690397136597107,True,True
2.0,4.0,R2_T4,first_hop_cred,4.0,0.6821230278255567,0.6747905022227856,0.687055366874258,0.6771906887768554,False,1.0,0.5226497322873864,0.4901506661685967,0.4948421483043051,0.48540313944293795,0.211541548371315,5.0,0.5294373613499304,0.5153739189422374,0.5273615172521913,0.5178499875994063,0.032499066118789686,0.035335272955844,0.029745612204536524,2.4706716374224427,2.4929452037423347,2.4479822675923613,20987,0.21154155994304727,True,0.25,0.5,40155,0.9875621890547264,0.9946759270616672,0.9712184917566689,0.9417330677290837,0.9511602081395654,0.9306190156765537,200,0,0.5053890384324886,0.511009402886883,0.49976867397809416,True,True,True,0.4811854065496202,0.4284646992902503,0.43333003581028395,0.423537456025131,0.16690397262573242,8.0,0.4888500408036661,0.4743473370800613,0.48626718745243824,0.47601511498860993,0.05272070725936994,0.056510514340009504,0.04901365885736601,1.9247416261984809,1.945068749809753,1.9040604599544397,2.8830075318850437,2.9134548655298205,2.8520298893598492,19322,0.16690397136597107,True,True
2.0,4.0,R2_T4,first_hop_content,4.0,0.6774214780455567,0.6701570440029817,0.6823080142318562,0.6725349418592573,False,1.0,0.5023284771510397,0.4901506661685967,0.4946517155469624,0.485124907008002,0.211541548371315,5.0,0.509424832921109,0.4950515391550462,0.506701947861884,0.4980848549264992,0.012177810982443034,0.014687183951438447,0.00973519020543151,2.374608929263262,2.3952832152618235,2.3545484634820557,40342,0.21154155994304727,True,0.25,0.5,80310,0.9887920298879203,0.994092425656581,0.9788372514417941,0.9168326693227091,0.9249798319791481,0.9078888356777616,200,0,0.5023986493741124,0.5065637710905866,0.49823352765763823,True,True,True,0.45476279417258125,0.4284646992902503,0.4334808424960556,0.4235588894563677,0.16690397262573242,8.0,0.4610912023926476,0.4478082900125558,0.4593416969958488,0.4502787345971973,0.026298094882330966,0.029098374485208005,0.02361688792048406,1.819051176690325,1.8373667879833953,1.8011149383887892,2.7246972642455636,2.7521316193767986,2.6978311595106934,36522,0.16690397136597107,True,True
2.0,4.0,R2_T4,cred_processor,4.0,0.6815791667468799,0.6743319529530862,0.6864541194611133,0.6767042140326465,False,0.9558709998754825,0.4882829037479766,0.4901506661685967,0.49501901275122046,0.4853263817462346,0.211541548371315,5.0,0.4953622062133308,0.4810511452630879,0.49306129371691876,0.4833932919140377,-0.0018677624206200972,-0.00037126530433864897,-0.0035080283068788217,2.308212645682653,2.3308010674104147,2.2850984555667466,19607,0.21154155994304727,True,0.25,0.5,40155,0.9950248756218906,0.9986345794928414,0.982043937572714,0.9233067729083665,0.9341544974753991,0.9108425039267439,200,0,0.5039414260513028,0.5093652748926516,0.4985175772099539,True,True,True,0.42644751587598057,0.4284646992902503,0.43341835920754396,0.4236606046389585,0.16690397262573242,8.0,0.4340339995637147,0.4199147834327227,0.43133536838521797,0.4215046518407614,-0.002017183414269705,-0.00037223060752041633,-0.0037118165561214633,1.7057900635039223,1.7253414735408719,1.6860186073630457,2.555047147086196,2.584332564738241,2.525432129571838,17124,0.16690397136597107,True,True
2.0,4.0,R2_T4,content_server,4.0,0.7076238924097634,0.7014868847650699,0.7117520474395476,0.7034957373799793,False,1.0,0.5359980077200847,0.4901506661685967,0.49505254992983994,0.4852005530698223,0.211541548371315,5.0,0.5419967987962796,0.5299188080771993,0.540242242793258,0.5317611515177763,0.04584734155148799,0.04976261078036163,0.04199517601040922,2.1602003873343634,2.1773056715275003,2.143124841758667,43046,0.24812420683874317,True,0.25,0.5,80310,1.0,0.9999999999999999,0.9952388926241978,0.9651394422310757,0.970382636453857,0.9590072507523004,200,0,0.5056887741407252,0.5101261461129617,0.5012514021684887,True,True,True,0.4918441040966256,0.4284646992902503,0.43377971459640213,0.4237442427937526,0.16690397262573242,6.0,0.49827899662631225,0.486119412222332,0.4961108482351602,0.48769622139297186,0.0633794048063753,0.06770626507606872,0.05903479250103322,1.9673764163865024,1.9844433929406409,1.9507848855718875,2.3236670314945846,2.343824826625108,2.3040707850239888,39500,0.2116672042208522,True,True
2.0,4.0,R2_T4,validator,4.0,0.8114240653002992,0.8060939856688853,0.8150094274692052,0.8078387031313932,False,1.0,0.7348275432698295,0.4901506661685967,0.49483444901960216,0.48542807575770064,0.211541548371315,2.0,0.7419355063461031,0.7285159344599407,0.739421883144168,0.7299780546292917,0.24467687710123273,0.25014672853524683,0.23903604671583256,1.5661127474689267,1.575904506514034,1.5557771986068678,29507,0.46920475199338046,True,0.25,0.5,40155,1.0,1.0,0.9905345825637017,1.0,0.9999999999999999,0.9980905757738255,200,0,0.5036880582551984,0.5099746190793145,0.4974014974310822,True,True,True,0.6294608392479143,0.4284646992902503,0.4331728375983928,0.423686493272441,0.16690397262573242,4.0,0.6382213381101649,0.6206124376702832,0.6348470795970896,0.6237862522012142,0.20099613995766405,0.2075388278582576,0.194246253848249,2.517843356991657,2.5393883183883585,2.495145008804857,1.8579216571960866,1.8738197273723871,1.8411725005967574,25276,0.3387983754911795,True,True
2.0,4.0,R2_T4,gatekeeper,4.0,0.6856415804624121,0.6796413923528084,0.6896777016730038,0.6816054592518204,False,0.9670277674013199,0.4908562653052754,0.4901506661685967,0.4949533225714203,0.48552833514416754,0.2115415781736374,5.0,0.49690179640462634,0.4844602529583971,0.49537685865531805,0.4864429264454734,0.0007055991366787034,0.0033086042080138814,-0.0018755693197986375,2.3203015730273386,2.341670638887377,2.299439504388299,59131,0.21154847758209572,True,0.25,0.5,120465,0.991701244813278,0.9954860930335341,0.9847913381823403,0.9335879130001661,0.9396040538442336,0.9270190414681183,200,0,0.5000752082981668,0.5032579239167992,0.4968924926795342,True,True,True,0.4270701033495206,0.4284646992902503,0.433216390514866,0.4235556072314656,0.1669040024280548,8.0,0.43335625134379024,0.4210713214624482,0.4312716094048506,0.4230010446140912,-0.0013945959407296725,0.0019191394615912622,-0.004598946708641574,1.7082804133980825,1.7250864376194024,1.6920041784563649,2.558599203802144,2.5837706451267066,2.5342212612605346,51447,0.16691559299904551,True,True
2.0,8.0,R2_T8,baseline,8.0,0.629331656328577,0.6202206294905301,0.6354603322966611,0.6232029803604929,False,0.1401817955422737,0.30815589590337444,0.30815589590337444,0.3131684091770585,0.3029803658239053,0.10567515343427658,10.0,0.3152690707578561,0.30091720870322325,0.3131937535322801,0.30309852531219644,0.0,0.0,0.0,2.916067785880463,2.9637408453182426,2.8682100760061804,12374,0.10567514836090526,True,0.125,0.5,40155,0.7238805970149254,0.7653093146608098,0.678213632755773,0.5896414342629482,0.6109654332043246,0.5679751082690705,200,0,0.4944162124518593,0.5011297461245112,0.4877026787792074,True,True,True,0.253094259743494,0.253094259743494,0.25711464774818005,0.24875983367705926,0.0846233144402504,15.0,0.26013773750157904,0.2470201704108444,0.25724373140113244,0.24883278884282697,0.0,0.0,0.0,2.024754077947952,2.0579498512090595,1.9906623107426158,2.990833753383262,3.0398683695968023,2.9404756337574254,10163,0.08462331263220202,True,True
2.0,8.0,R2_T8,first_hop_cred,8.0,0.6276299403522687,0.6188704644227033,0.6335221400545414,0.621737740649996,False,0.23556219648860666,0.34254762794172583,0.30815589590337444,0.3131415999218978,0.303557470417648,0.10567515343427658,10.0,0.3493218163829018,0.3354003011960752,0.3473783166575887,0.33755959640515876,0.034391732038351386,0.037371488775906715,0.03157889968697431,3.2415154674952134,3.2872280952112867,3.194313910516729,13755,0.10567514836090526,True,0.125,0.5,40155,0.7512437810945274,0.790990707680406,0.7067405999759814,0.6225099601593626,0.6434598233936607,0.6010922499533126,200,0,0.5003065083771191,0.5062111188424399,0.4944018979117984,True,True,True,0.3194122774249782,0.253094259743494,0.2574359720413979,0.2487725922112706,0.0846233144402504,15.0,0.32533366462637403,0.3131691025998477,0.3238116774458401,0.31504063397212945,0.06631801768148425,0.07043599112805353,0.06222530177906623,2.5552982193998255,2.590493419566721,2.5203250717770356,3.774518717002235,3.8265067553337406,3.722858680106147,12826,0.08462331263220202,True,True
2.0,8.0,R2_T8,first_hop_content,8.0,0.6208407234217074,0.6126052080147029,0.626380472810758,0.6153009740326567,False,0.17351512887560702,0.3269580376042834,0.30815589590337444,0.31289205371795764,0.3032515549314866,0.10567515343427658,10.0,0.3337376512696618,0.31936718772828626,0.3319084244359843,0.32199192349736955,0.018802141700908978,0.021129796078027105,0.016462168577673263,3.0939917537437043,3.1408370802796477,3.0469976005871513,26258,0.10567514836090526,True,0.125,0.5,80310,0.7222914072229141,0.7521544724376594,0.6903116354911558,0.601593625498008,0.6166310136194154,0.5863620666697239,200,0,0.5044347889519444,0.5085208475495435,0.5003487303543452,True,True,True,0.29894160129498193,0.253094259743494,0.25734968151343773,0.24877935827188827,0.0846233144402504,15.0,0.304177781667284,0.2938523047099942,0.30251122734748476,0.2952290816931087,0.04584734155148799,0.04921837903770964,0.042496921519814365,2.3915328103598554,2.420089818779878,2.3618326535448695,3.532615209644069,3.574797747073412,3.488744088479043,24008,0.08462331263220202,True,True
2.0,8.0,R2_T8,cred_processor,8.0,0.6271671099373743,0.6177304068311639,0.6335148571861767,0.620819362688572,False,0.1420744614618354,0.30815589590337444,0.30815589590337444,0.31303672330748333,0.3030814036923112,0.10567515343427658,10.0,0.3153843149868705,0.30089818894841097,0.31320198957067813,0.3031946931763984,0.0,0.0014643134105554183,-0.0015633647220596246,2.916067785880463,2.9638187826433926,2.869120108929659,12374,0.10567514836090526,True,0.125,0.5,40155,0.7014925373134329,0.7441465542608611,0.6550240984140635,0.5866533864541833,0.6080064304263665,0.5649694263312487,200,0,0.501130325323187,0.5073083589062175,0.4949522917401565,True,True,True,0.25267090026148675,0.253094259743494,0.2574038219928758,0.24884738811362453,0.0846233144402504,15.0,0.2586697268081847,0.2467084259672942,0.2567971411448373,0.24858303653851963,-0.000423359482007222,0.001337739153786835,-0.0020967697203080585,2.021367202091894,2.0543771291586985,1.988664292308157,2.9858308827931297,3.0345909792134202,2.937524292140809,10146,0.08462331263220202,True,True
2.0,8.0,R2_T8,content_server,8.0,0.637966802886165,0.6306114344127458,0.642914507552252,0.6330190982200781,False,0.2690698543145312,0.34554849956418876,0.30815589590337444,0.3131937314365734,0.3031952433710922,0.10567515343427658,9.0,0.3514481475830695,0.33971869407515326,0.34971682996171316,0.34131993683685785,0.037392603660814344,0.041667232985716396,0.033237728640938824,2.772904740798002,2.8063541209431495,2.738972017466354,27751,0.1246160729866057,True,0.125,0.5,80310,0.7808219178082192,0.8080610913615258,0.7509086976465853,0.6598605577689243,0.6743538857823275,0.6450616964373477,200,0,0.5006237940161354,0.5046938648350917,0.49655372319717916,True,True,True,0.3021666044079193,0.253094259743494,0.25737975822000475,0.24903639800413094,0.0846233144402504,12.0,0.30752486459007283,0.29656586258259154,0.3058589170625221,0.29854703736868227,0.04907234466442535,0.05373239048091785,0.04482620906697811,2.4173328352633545,2.446871336500177,2.388376298949458,2.790429301406664,2.824526839887287,2.7570035495950647,24267,0.10828678019385626,True,True
2.0,8.0,R2_T8,validator,8.0,0.8114240653002992,0.8060939856688853,0.8150094274692052,0.8078387031313932,False,1.0,0.7348275432698295,0.30815589590337444,0.31309080621973173,0.3031581941915422,0.10567515343427658,2.0,0.7424185412925247,0.7279118567301572,0.7394828199534015,0.730105168884902,0.42667164736645496,0.4330343528863518,0.4202543548863331,1.5661127474689267,1.5760343790461742,1.5560481128614023,29507,0.46920475199338046,True,0.125,0.5,40155,1.0,1.0,0.9905345825637017,1.0,0.9999999999999999,0.9980905757738255,200,0,0.5018438190639836,0.5077644972231988,0.49592314090476836,True,True,True,0.6294608392479143,0.253094259743494,0.2572155661881282,0.24889352054944472,0.0846233144402504,4.0,0.6380398514351603,0.6211361713592426,0.6349186578192996,0.6238281981739905,0.3763665795044204,0.38303793928330715,0.36949768860136795,5.035686713983314,5.079349262554397,4.990625585391924,1.8579216571960866,1.8740309982266412,1.8412963086661305,25276,0.3387983754911795,True,True
2.0,8.0,R2_T8,gatekeeper,8.0,0.6262894444840591,0.6180395428613079,0.631838870988136,0.6207400179799822,False,0.13868758560577762,0.3091354335284107,0.30815589590337444,0.31301436244850656,0.30341406307142493,0.10567516088485718,10.0,0.31567829532635694,0.30294710271712466,0.3136661766781406,0.304726269872916,0.0009795376250363176,0.0034637116539885464,-0.0014821582287556116,2.9252086428731943,2.9680810139532645,2.883486723500564,37240,0.10567978946786243,True,0.125,0.5,120465,0.7377593360995851,0.7618106741181567,0.7121968938874939,0.5897393325585256,0.6021005951549977,0.5772636717476737,200,0,0.5000012559291633,0.5033376402367503,0.4966648716215763,True,True,True,0.251591748640684,0.253094259743494,0.2573207801048071,0.24877037746947844,0.084623321890831,15.0,0.25617683169768535,0.24695256473963337,0.254931654125925,0.24841994915399873,-0.0015025111028099448,0.001654092410865047,-0.004782900844127004,2.012733989125472,2.0394532330074,1.9873595932319899,2.9728936278207954,3.0123590863989986,2.9354145668673346,30308,0.08462857408897842,True,True
2.0,24.0,R2_T24,baseline,24.0,0.583404082615703,0.5687651637352057,0.5932511823923148,0.5735569828390912,False,0.0,0.13014568546880836,0.13014568546880836,0.13432780182449766,0.12607595511202144,0.03583681210875511,28.0,0.13591478675317478,0.12373839677327844,0.1344054845505382,0.1260960409019725,0.0,0.0,0.0,3.631620032550575,3.750486605991907,3.518617666927356,5226,0.03583681230478396,True,0.041666666666666664,0.5,40155,0.2512437810945274,0.2958616046584812,0.21133512043420455,0.20418326693227093,0.22237155924833774,0.18712465388945865,200,0,0.5020995682926943,0.5111647074792353,0.49303442910615336,True,True,True,0.09017556966753829,0.09017556966753829,0.09293753653767617,0.08733642736067282,0.028532162308692932,43.0,0.0940211147555958,0.08581674722596247,0.09278164998563106,0.08738667788355595,0.0,0.0,0.0,2.164213672020919,2.2267595996551455,2.097280269205343,3.1604882359495483,3.251826568689096,3.0627426968073044,3621,0.02853216431620275,True,True
2.0,24.0,R2_T24,first_hop_cred,24.0,0.5755050763179292,0.5619696432035234,0.5846098989817653,0.5664002536540932,False,2.4903498941601293e-05,0.14852446768771013,0.13014568546880836,0.1342589050353819,0.12608218402925053,0.03583681210875511,28.0,0.15490821088887743,0.1424443448044725,0.15274548339991068,0.14419889839028996,0.018378782218901754,0.020421375546687628,0.01637856787085461,4.1444664895008865,4.2622508414209666,4.023764646361709,5964,0.03583681230478396,True,0.041666666666666664,0.5,40155,0.26865671641791045,0.31402706272468744,0.22766589161151024,0.23854581673306774,0.25767513518216956,0.22041495218709495,200,0,0.5026400739162438,0.5107859705084901,0.4944941773239975,True,True,True,0.17561947453617233,0.09017556966753829,0.09290217859840894,0.08737151009682347,0.028532162308692932,43.0,0.18082646709289785,0.17090101680020484,0.17899453676272908,0.17201436334144862,0.08544390486863404,0.08921437939719123,0.08168849947905492,4.214867388868136,4.2958688823054985,4.128344720194767,6.155140303760347,6.273430041235332,6.0287877721132315,7052,0.02853216431620275,True,True
2.0,24.0,R2_T24,first_hop_content,24.0,0.5727398153714549,0.5603466220176438,0.5810762924366024,0.5644033383063074,False,0.0,0.14133980824305814,0.13014568546880836,0.13421395183427573,0.12593207711725926,0.03583680838346481,28.0,0.1475322074231578,0.13577777336870064,0.1452436668296013,0.13748629194227743,0.011194122774249781,0.012749105223554892,0.009572873588357067,3.943983829839416,4.052918144458187,3.836454279833477,11351,0.03583681230478396,True,0.041666666666666664,0.5,80310,0.28019925280199254,0.3122514185611971,0.25024007696017037,0.22211155378486055,0.2352294029619844,0.20952481860007582,200,0,0.5021904958090075,0.5075766680739733,0.49680432354404186,True,True,True,0.1616984186278172,0.09017556966753829,0.09281870591184029,0.08746063049388976,0.028532162308692932,43.0,0.16598301890010916,0.15741567504445808,0.1644019457442536,0.15889358155343095,0.07152284896027893,0.0744172520252098,0.06853749927056894,3.8807620470676127,3.9456466978620863,3.813445957282343,5.667232840657392,5.761986504854578,5.568928448347642,12986,0.02853216431620275,True,True
2.0,24.0,R2_T24,cred_processor,24.0,0.582231685829487,0.567839574848512,0.5919127663780335,0.5725506052809406,False,0.0,0.13027020296351638,0.13014568546880836,0.13417255657470356,0.12607979243431455,0.03583681210875511,28.0,0.1358447108419539,0.12456605928631505,0.1342516450146247,0.1261428111379008,0.00012451749470800648,0.000998258157325617,-0.0007949254030975311,3.6350946020421087,3.746193826416393,3.519922756105783,5231,0.03583681230478396,True,0.041666666666666664,0.5,40155,0.2537313432835821,0.29846199060614853,0.21366276723561042,0.20268924302788843,0.2208324093599138,0.18568146141999262,200,0,0.5027063846818066,0.5111655209385623,0.494247248425051,True,True,True,0.08957788569293985,0.09017556966753829,0.09291874666034215,0.08731768042406296,0.028532162308692932,43.0,0.09331721979445974,0.08549712503065061,0.09240760240389057,0.08680945899631279,-0.000597683974598431,0.0009703979276626694,-0.0019710210762082414,2.1498692566305566,2.2177824576933736,2.083427015911507,3.1395405094478117,3.2387168873626053,3.0425122340619537,3597,0.02853216431620275,True,True
2.0,24.0,R2_T24,content_server,24.0,0.5747935075741474,0.5637462416012858,0.58222462534873,0.5673623897995648,False,0.0,0.1477275557215789,0.13014568546880836,0.13427116006968795,0.12616075351819622,0.03583680838346481,25.0,0.15333792419496203,0.1422813880287471,0.151436171494386,0.14407171066965235,0.017581870252770516,0.020422894256866757,0.014736628903452061,3.5068522144660768,3.5948897330721787,3.420067401345252,11864,0.042125400982735914,True,0.041666666666666664,0.5,80310,0.22914072229140722,0.25945861655337477,0.20140200823924526,0.22609561752988047,0.2392910531320146,0.21342368138256085,200,0,0.5023542936644032,0.5077412831234394,0.496967304205367,True,True,True,0.11016062756817332,0.09017556966753829,0.09298454634167079,0.08743618612847874,0.028532162308692932,35.0,0.11377203870363765,0.10653923141480964,0.11237304220805198,0.10775351300567111,0.01998505790063504,0.02342748172182072,0.016588117914962654,2.6438550616361596,2.6969530129932475,2.586084312136107,3.0094687773537756,3.069909543971184,2.943709020176639,8847,0.03660467534906194,True,True
2.0,24.0,R2_T24,validator,24.0,0.8114240653002992,0.8060939856688853,0.8150094274692052,0.8078387031313932,False,1.0,0.7348275432698295,0.13014568546880836,0.13412538127180634,0.12623419375545375,0.03583681210875511,2.0,0.7419636301066084,0.7275427942981382,0.7394093600882023,0.7301650881145527,0.604681857801021,0.6106259684803443,0.5986368287002614,1.5661127474689267,1.5758778165542406,1.556175816661068,29507,0.46920475199338046,True,0.041666666666666664,0.5,40155,1.0,1.0,0.9905345825637017,1.0,0.9999999999999999,0.9980905757738255,200,0,0.5073716256049163,0.5138057662361519,0.5009374849736807,True,True,True,0.6294608392479143,0.09017556966753829,0.09283638416939709,0.08755389626624267,0.028532162308692932,4.0,0.6381336979747498,0.6209466347243032,0.6351840902615937,0.6236005187945003,0.539285269580376,0.5457764257203572,0.532806081786949,15.107060141949944,15.24441816627825,14.966412451068006,1.8579216571960866,1.874814450750312,1.8406242883851593,25276,0.3387983754911795,True,True
2.0,24.0,R2_T24,gatekeeper,24.0,0.5708546380942292,0.5585569551733363,0.5791268685595882,0.5625824076288702,False,0.0,0.13001286680778648,0.13014568546880836,0.13446740905295373,0.126142169317752,0.03583681210875511,28.0,0.13502044979526184,0.12513689199320777,0.13352089091909825,0.12647251469887907,-0.00013281866102187356,0.0016361669936334172,-0.0019915100953544953,3.6277393483108775,3.7256234840575617,3.5289531668528005,15662,0.03583853588277288,True,0.041666666666666664,0.5,120465,0.22489626556016598,0.24932281878434479,0.20221816273791296,0.1950855055620123,0.2052861324264301,0.1852735786434018,200,0,0.5032980698876895,0.5078982416463677,0.4986978981290115,True,True,True,0.09010916033702736,0.09017556966753829,0.0928645649622742,0.08731590530376138,0.02853216417133808,43.0,0.0932534199638024,0.08694441925421384,0.09216908982506326,0.08797348825905921,-6.640933051093678e-05,0.0023974785581406173,-0.002457861786437949,2.1626198480886565,2.212058155801518,2.111363718217421,3.157964975591014,3.2301572493961825,3.083118227531819,10855,0.028533932780607677,True,True
2.0,40.0,R2_T40,baseline,40.0,0.5682395833330068,0.550917228784523,0.5798917384543809,0.5565874282116328,False,0.0,0.0866392728178309,0.0866392728178309,0.09003410314474697,0.08334379890149524,0.02149287238717079,47.0,0.09158616719173969,0.08190008879329175,0.09006574613074612,0.08333110381764096,0.0,0.0,0.0,4.031069889096431,4.190493588629634,3.8771505403878233,3479,0.021492872910038083,True,0.025,0.5,40155,0.13930348258706468,0.17657824004347888,0.10885701134091537,0.1349601593625498,0.15060385748861455,0.12071049306694896,200,0,0.5004788793838394,0.5104053278523819,0.49055243091529693,True,True,True,0.0557340306313037,0.0557340306313037,0.05794147517615077,0.05346433542210855,0.017144344747066498,72.0,0.05897048526966372,0.05215402831613194,0.057978724711246016,0.05338085380622452,0.0,0.0,0.0,2.229361225252148,2.3191489884498404,2.1352341522489806,3.250869883121132,3.381799017415722,3.1136131374011864,2238,0.017144343709565496,True,True
2.0,40.0,R2_T40,first_hop_cred,40.0,0.5725436734566738,0.555782176031834,0.5838185591839054,0.5612687877294422,False,0.0,0.09622711991034741,0.0866392728178309,0.08999341298063093,0.08324890381284338,0.02149287238717079,47.0,0.10147869572678538,0.091234274775871,0.09963562210394511,0.09259298427847432,0.009587847092516498,0.011284278606887254,0.007813068561543807,4.477164142416962,4.635751698760153,4.308078527521068,3864,0.021492872910038083,True,0.025,0.5,40155,0.17661691542288557,0.2169050448990361,0.14245069772145533,0.15239043824701196,0.16877283240648336,0.13733551232446253,200,0,0.5020079024777458,0.512072253658304,0.49194355129718775,True,True,True,0.14092890051052173,0.0557340306313037,0.05803927675029014,0.053644437476879275,0.017144344747066498,72.0,0.14570194444135262,0.13588043178974624,0.14436781362658174,0.13757320661505001,0.08519486987921802,0.08890621387109668,0.08138140227349842,5.6371560204208695,5.77471254506327,5.502928264602001,8.220139708928725,8.420725579949341,8.024407871518148,5659,0.017144343709565496,True,True
2.0,40.0,R2_T40,first_hop_content,40.0,0.5676967260213852,0.5524771014115542,0.5779344466699535,0.5574590053728169,False,0.0,0.09193126634292118,0.0866392728178309,0.09000564547575829,0.08316569165550963,0.02149287238717079,47.0,0.09718847070259867,0.08707571828540564,0.09530349333431114,0.08867616515227124,0.005291993525090275,0.0066403848633615195,0.00397530641748866,4.2772907432019185,4.434190521351865,4.125840483188997,7383,0.021492872910038083,True,0.025,0.5,80310,0.1569115815691158,0.18369494824156912,0.1333951764957496,0.14467131474103587,0.15589047707269998,0.13413127397484476,200,0,0.50389603532607,0.5112461533053663,0.49654591734677367,True,True,True,0.1266840991159258,0.0557340306313037,0.05788866774669129,0.053437818080366795,0.017144344747066498,72.0,0.13087218062975586,0.12318900213250511,0.12914165276683426,0.12413662875361965,0.07095006848462208,0.07366842845662154,0.06815909638268236,5.067363964637032,5.165666110673371,4.965465150144786,7.3892650113660405,7.532609877319545,7.240675458714643,10174,0.017144343709565496,True,True
2.0,40.0,R2_T40,cred_processor,40.0,0.5703083213007093,0.5530620402992297,0.581909304350305,0.5587073382511136,False,0.0,0.08639023782841489,0.0866392728178309,0.08995615187297107,0.0831460559363769,0.02149287238717079,47.0,0.09121573308436837,0.0811122312527808,0.08987597977769203,0.08281445458739861,-0.00024903498941601296,0.00024982730761930936,-0.0007486641095993501,4.01948302537382,4.18166431979022,3.8531123751595233,3469,0.021492872910038083,True,0.025,0.5,40155,0.13432835820895522,0.1711461382842096,0.10443304760203838,0.13545816733067728,0.15112406031969358,0.12118440435516656,200,0,0.5133001676659904,0.5224198488475161,0.5041804864844647,True,True,True,0.05613248661436932,0.0557340306313037,0.0578974290528437,0.053515510943725635,0.017144344747066498,72.0,0.05928106908724844,0.05290245183020511,0.058372116243418405,0.05386122470365156,0.0003984559830656207,0.001496149285866443,-0.0007449686808139981,2.245299464574773,2.334884649736736,2.1544489881460622,3.274111133402606,3.4047448670111726,3.141632343360002,2254,0.017144343709565496,True,True
2.0,40.0,R2_T40,content_server,40.0,0.5574206779441457,0.5435436048606224,0.5667553101240426,0.5480860457642489,False,0.0,0.09762171585107708,0.0866392728178309,0.0900291619608189,0.08328920356380876,0.02149287238717079,41.0,0.10194383027498995,0.09325264724976265,0.1006015343205904,0.09461795901488448,0.010982443033246171,0.013037188747066417,0.008950380576930629,3.861808168069725,3.9796865233578695,3.742982837211992,7840,0.025278758447463752,True,0.025,0.5,80310,0.10834371108343711,0.13173575143248023,0.0886811060262738,0.13147410358565736,0.14227833341611934,0.12137421847621854,200,0,0.49984572521916176,0.5068716585210721,0.49281979191725145,True,True,True,0.06572033370688582,0.0557340306313037,0.05807540974826441,0.05348993605586429,0.017144344747066498,57.0,0.06837477448450024,0.06306430674709447,0.06758104153350954,0.06391483281018659,0.009986303075582119,0.012475465909424381,0.00749703740591973,2.6288133482754326,2.7032416613403814,2.556593312407464,2.985146062039925,3.0696630498267763,2.903136680958122,5278,0.0220157849368266,True,True
2.0,40.0,R2_T40,validator,40.0,0.8114240653002992,0.8060939856688853,0.8150094274692052,0.8078387031313932,False,1.0,0.7348275432698295,0.0866392728178309,0.09017096075188744,0.08326899560022544,0.02149287238717079,2.0,0.7420857533386636,0.7279253968108705,0.7394258312962892,0.7305827637856988,0.6481882704519986,0.6539897406278876,0.6422484610134994,1.5661127474689267,1.5759129210752774,1.5570659944978686,29507,0.46920475199338046,True,0.025,0.5,40155,1.0,1.0,0.9905345825637017,1.0,0.9999999999999999,0.9980905757738255,200,0,0.504970931078586,0.5110510704858657,0.4988907916713064,True,True,True,0.6294608392479143,0.0557340306313037,0.05794819667912487,0.05337425383469799,0.017144344747066498,4.0,0.6388203595968298,0.6210431650039783,0.6353318928574053,0.6237249415307335,0.5737268086166106,0.5800810330997238,0.5674818054637529,25.17843356991657,25.413275714296212,24.948997661229342,1.8579216571960866,1.8752507060764994,1.8409915355304647,25276,0.3387983754911795,True,True
2.0,40.0,R2_T40,gatekeeper,40.0,0.5538791789162576,0.5383700615274105,0.5643116314506196,0.5434467263818956,False,0.0,0.08637363549578715,0.0866392728178309,0.08983349123844003,0.08336047775460392,0.021492870524525642,47.0,0.09044202679528254,0.0820011136270397,0.08942627039418084,0.08317620566910104,-0.00026563732204374713,0.0011140569927299004,-0.001702876217909362,4.0185115025382725,4.160534567583892,3.869751890147941,10405,0.021493937603819145,True,0.025,0.5,120465,0.13775933609958507,0.15837298889169368,0.11944794152901675,0.1167192429022082,0.1250735447564712,0.10885354100705004,200,0,0.4990422065007921,0.505027760730092,0.49305665227149226,True,True,True,0.05412360436641348,0.0557340306313037,0.0579746735317464,0.053487924615739056,0.017144344747066498,72.0,0.05625822205717767,0.05192051070283038,0.05562084940421984,0.0526271612457912,-0.001610426264890217,0.00036708021075818655,-0.0036207298393952756,2.164944174656539,2.2248339761687936,2.105086449831648,3.156721851795265,3.244047634763044,3.0694428400935156,6520,0.01714550945805781,True,True
2.0,50.0,R2_T50,baseline,50.0,0.5566825752298961,0.5351016436071094,0.5711993294175932,0.5421658210421989,False,0.0,0.07204582243805255,0.07204582243805255,0.07478287912168602,0.0691070298277016,0.017215784639120102,58.0,0.07619452042338003,0.06778731196913412,0.07484513344874069,0.06912151794270399,0.0,0.0,0.0,4.184870331654079,4.347471759485293,4.015008503317962,2893,0.017215783698984116,True,0.02,0.5,40155,0.13432835820895522,0.1711461382842096,0.10443304760203838,0.10458167330677291,0.11872985863645653,0.09194353064201201,200,0,0.503826131319293,0.5143771828684192,0.4932750797701669,True,True,True,0.04435313161499191,0.04435313161499191,0.046519819396705624,0.0422788739721759,0.013722809962928295,90.0,0.04781690516779644,0.04131304903630146,0.04641895588875952,0.04217014016910909,0.0,0.0,0.0,2.2176565807495954,2.320947794437976,2.1085070084554545,3.2320737756488156,3.3826132351463314,3.072996182978478,1781,0.013722809160223559,True,True
2.0,50.0,R2_T50,first_hop_cred,50.0,0.565156745837453,0.546175794576464,0.5779245822089607,0.5523889094659453,False,0.0,0.08160876603162745,0.07204582243805255,0.0749908030817731,0.06939708935233133,0.017215784639120102,58.0,0.08608233202601903,0.07752090082128178,0.08455240088112165,0.0787043415180506,0.009562943593574897,0.011222246078677275,0.007857705915052925,4.740345688499972,4.911330344264896,4.571638613390273,3277,0.017215783698984116,True,0.02,0.5,40155,0.1417910447761194,0.17928894621123945,0.11107433792222796,0.12350597609561753,0.13861987130689757,0.10982985450484326,200,0,0.5046441678731426,0.5154287725193609,0.4938595632269242,True,True,True,0.1252895031751961,0.04435313161499191,0.046511218049540386,0.04220189825388765,0.013722809962928295,90.0,0.13007835462601489,0.12080261099851629,0.12849872930552328,0.12200874048416345,0.08093637156020421,0.08413251770430233,0.07740980511801564,6.264475158759805,6.424936465276164,6.100437024208173,9.130018621723295,9.363879348988185,8.890944926772981,5031,0.013722809160223559,True,True
2.0,50.0,R2_T50,first_hop_content,50.0,0.5630310967980504,0.5444043887726601,0.5755606458674284,0.5505015477286724,False,0.0,0.07645374175071598,0.07204582243805255,0.0747829790943583,0.06928835263797092,0.017215784639120102,58.0,0.08056226128002117,0.07253360937320485,0.07907351467084282,0.07378540648097923,0.00440791931266343,0.005743477445727659,0.0031013275585170825,4.440909753950233,4.593082490662848,4.285916213348639,6140,0.017215783698984116,True,0.02,0.5,80310,0.1519302615193026,0.17841089304490196,0.12876402479205115,0.11329681274900398,0.12347141628200603,0.10386129526448093,200,0,0.4980313141875408,0.5063699133044033,0.48969271507067835,True,True,True,0.11519113435437679,0.04435313161499191,0.046391163066557106,0.04223814741205978,0.013722808100283146,90.0,0.11861357119645105,0.11189463427709881,0.11751473027489663,0.11283555523205416,0.07083800273938488,0.07334293034596896,0.06822031991874478,5.75955671771884,5.875736513744831,5.641777761602708,8.394136580159234,8.563460214510641,8.222482285851154,9251,0.013722809160223559,True,True
2.0,50.0,R2_T50,cred_processor,50.0,0.5551173030510881,0.5338613727668515,0.5694154399601213,0.5408191661420548,False,0.0,0.07179678744863653,0.07204582243805255,0.07487996544583976,0.06915368607621829,0.017215784639120102,58.0,0.07592376192838987,0.06782622258204396,0.07434629372438632,0.068966904658435,-0.00024903498941601296,0.0002721040826564393,-0.0007700591420636862,4.170404827569551,4.318496039699513,4.006027600271526,2883,0.017215783698984116,True,0.02,0.5,40155,0.12935323383084577,0.16569923507759543,0.10002388531050627,0.10756972111553785,0.12187865684616475,0.09475941714808361,200,0,0.5036604984016777,0.5144590080410135,0.4928619887623419,True,True,True,0.04375544764039348,0.04435313161499191,0.0464004108092029,0.042322396170350295,0.013722809962928295,90.0,0.04676307369317494,0.04089757605091613,0.04588786100939563,0.04173930889448729,-0.000597683974598431,0.00039673823169573936,-0.0015754738400565972,2.187772382019674,2.2943930504697816,2.0869654447243646,3.1885197214008807,3.343911619962226,3.0416009147362737,1757,0.013722809160223559,True,True
2.0,50.0,R2_T50,content_server,50.0,0.5517845889719183,0.5361705527440945,0.562287616818862,0.5412815611249746,False,0.0,0.0808990163117918,0.07204582243805255,0.0749792736330488,0.06925168852418478,0.017215784639120102,51.0,0.08481110637496869,0.07724672090746193,0.0833710637554258,0.07825568317121144,0.00885319387373926,0.010987879765445888,0.0068642106892425146,3.9955173037618303,4.1176091262222245,3.86496586093475,6497,0.020247444864179252,True,0.02,0.5,80310,0.09090909090909091,0.11278853970995477,0.07292509359751968,0.10607569721115538,0.11597881415281532,0.09692546766723774,200,0,0.4969068176416532,0.5044484430619355,0.48936519222137087,True,True,True,0.053193873739260364,0.04435313161499191,0.0463592796910356,0.042248237934296266,0.013722808100283146,71.0,0.05547594305187195,0.05102971756785954,0.05473384894741089,0.051710371101552535,0.00884074212426846,0.011274237713655995,0.0063305018880511574,2.6596936869630183,2.7366924473705443,2.585518555077627,3.0186430045321715,3.106033432460446,2.934457278907595,4272,0.01762178358268779,True,True
2.0,50.0,R2_T50,validator,50.0,0.8114240653002992,0.8060939856688853,0.8150094274692052,0.8078387031313932,False,1.0,0.7348275432698295,0.07204582243805255,0.07487567213559099,0.06936449874651421,0.017215784639120102,2.0,0.7417406049082779,0.7277543001686264,0.7396345752882713,0.7300425027005257,0.6627817208317769,0.6682348312807773,0.6574407439323531,1.5661127474689267,1.5763578099880498,1.5559145545713169,29507,0.46920475199338046,True,0.02,0.5,40155,1.0,1.0,0.9905345825637017,1.0,0.9999999999999999,0.9980905757738255,200,0,0.5051119585600758,0.5116144376712843,0.49860947944886735,True,True,True,0.6294608392479143,0.04435313161499191,0.04641608867180926,0.04231183827283552,0.013722809962928295,4.0,0.6377155182953685,0.6204678250501572,0.6352689273847361,0.6236380525329576,0.5851077076329224,0.5909387458969703,0.5788514536671279,31.473041962395715,31.763446369236803,31.18190262664788,1.8579216571960866,1.875064856682806,1.8407350732683596,25276,0.3387983754911795,True,True
2.0,50.0,R2_T50,gatekeeper,50.0,0.5462143033100284,0.5291477680410354,0.5576943775564082,0.5347342290636486,False,0.0,0.07098327314987755,0.07204582243805255,0.07481183869905554,0.06915728119278215,0.017215782776474953,58.0,0.07463537945209046,0.06690151973253729,0.073467037241211,0.06828619667853743,-0.0010625492881749885,0.00019179338741820822,-0.002359457204402873,4.1229649206960115,4.267230911336228,3.9663089764668586,8551,0.017216560052103144,True,0.02,0.5,120465,0.11452282157676348,0.13374092977314925,0.09775465368714852,0.09181471027727046,0.09936984490200791,0.08477992349721973,200,0,0.49943134033576286,0.5059627238983351,0.49289995677319065,True,True,True,0.04322417299630598,0.04435313161499191,0.046418735864047024,0.042208919797682716,0.01372280903160572,90.0,0.04507023883188612,0.04136722731407958,0.04453014895945292,0.04197487962113268,-0.0011289586186859254,0.0010877998243990629,-0.003247579868695729,2.161208649815299,2.226507447972646,2.098743981056634,3.149597365877066,3.2447593590001707,3.058565638700012,5207,0.013723713851363785,True,True
2.0,100.0,R2_T100,baseline,100.0,0.5422372935386032,0.5150448071229626,0.5605287486040252,0.5239458384731811,False,7.471049682480388e-05,0.0403685717843357,0.0403685717843357,0.04267060268105843,0.03792052949273372,0.008604752831161022,117.0,0.04411409579721636,0.036799826748819944,0.04264808884950779,0.0380908886384391,0.0,0.0,0.0,4.691427243009385,4.956340961472986,4.426726653186958,1621,0.008604752816850823,True,0.01,0.5,40155,0.0845771144278607,0.11586453268994339,0.06115399821484173,0.06274900398406374,0.07421373153800652,0.05295407171954432,200,0,0.5028941008760716,0.5179211147438911,0.487867087008252,True,True,True,0.02211430706014195,0.02211430706014195,0.023502304680348682,0.02065050453568162,0.006870552897453308,178.0,0.024310642939786506,0.020012481994852272,0.0235539385740038,0.020707010055529423,0.0,0.0,0.0,2.211430706014195,2.35539385740038,2.0707010055529422,3.2187085056865934,3.4282449920037847,3.013878264953537,888,0.006870552900665565,True,True
2.0,100.0,R2_T100,first_hop_cred,100.0,0.546516075497831,0.5224585331232701,0.5626987609868512,0.5303333900088107,False,0.00017432449259120907,0.04649483252396962,0.0403685717843357,0.04272379824468832,0.03801222705585034,0.008604752831161022,117.0,0.05026131752919581,0.04317700673709284,0.04908989980073747,0.04411653276016343,0.006126260739633919,0.0075161785762215124,0.0047803633857329934,5.40338967470606,5.704975011554538,5.126995940402765,1867,0.008604752816850823,True,0.01,0.5,40155,0.09701492537313433,0.12987670622292846,0.0717819884272224,0.07121513944223108,0.0833018087435296,0.06076593454206411,200,0,0.5017021293918547,0.5146455387487957,0.48875872003491366,True,True,True,0.08975221018553106,0.02211430706014195,0.02346872808120724,0.020659107027212197,0.006870552897453308,178.0,0.09424860293059029,0.08596934288073498,0.09254812250429127,0.08700370487373206,0.06763790312538911,0.0705647350359143,0.06472121210018048,8.975221018553107,9.254812250429127,8.700370487373206,13.063316953259552,13.470258339081552,12.663275595375131,3604,0.006870552900665565,True,True
2.0,100.0,R2_T100,first_hop_content,100.0,0.5543596211470827,0.5305158321317417,0.5703985220661489,0.5383207202280165,False,8.716224629560453e-05,0.04305814967002864,0.0403685717843357,0.04268672115748171,0.03806181519108944,0.008604752831161022,117.0,0.04627535678856182,0.03988486024018952,0.045245360991991466,0.04080560916859237,0.00268957788569294,0.003779533272444715,0.0015980219275107555,5.003996115461584,5.258182536445063,4.742217474124544,3458,0.008604752816850823,True,0.01,0.5,80310,0.0821917808219178,0.10323664813757849,0.06512537309425612,0.06947211155378485,0.07775413277062525,0.06201293629819378,200,0,0.4932935739390114,0.502338455143925,0.4842486927340979,True,True,True,0.08149670028639024,0.02211430706014195,0.02359918263452004,0.020685306131798514,0.006870552431792021,178.0,0.08459124545101784,0.07864201034930206,0.0834610489290776,0.0793987528804349,0.05938239322624829,0.061653134986726914,0.05720317327754155,8.149670028639024,8.34610489290776,7.939875288043489,11.861738271238037,12.147646650241578,11.556384766754851,6545,0.006870552900665565,True,True
2.0,100.0,R2_T100,cred_processor,100.0,0.5426191650016866,0.5151612740509467,0.5610891486155365,0.5241491813878367,False,7.471049682480388e-05,0.04024405428962769,0.0403685717843357,0.04273149395339472,0.03807650257068623,0.008604752831161022,117.0,0.043485306971424394,0.03660906669490761,0.042477577668685894,0.03800729235497888,-0.00012451749470800648,0.00017707615196172475,-0.0004214816939011163,4.676956461877339,4.9365250313177365,4.417011524206552,1616,0.008604752816850823,True,0.01,0.5,40155,0.0845771144278607,0.11586453268994339,0.06115399821484173,0.06274900398406374,0.07421373153800652,0.05295407171954432,200,0,0.5031043437674938,0.5179160564603802,0.48829263107460746,True,True,True,0.022189017556966752,0.02211430706014195,0.023609952684107274,0.02070199728224883,0.006870552897453308,178.0,0.024563788604949264,0.020087749562820653,0.02367996323348624,0.020766290105115316,7.471049682480388e-05,0.0006479411796647613,-0.00047376703064037874,2.2189017556966752,2.367996323348624,2.0766290105115317,3.229582520908507,3.4465877165711527,3.0225063987359215,891,0.006870552900665565,True,True
2.0,100.0,R2_T100,content_server,100.0,0.5339220140071862,0.5124602418082785,0.5483586137281609,0.5194854142862115,False,0.0,0.04566056530942597,0.0403685717843357,0.04272134427187384,0.03808687837262864,0.008604752831161022,101.0,0.04877741091134169,0.0424445823265071,0.04785677976990616,0.043452587166094056,0.005291993525090275,0.006923517954267608,0.0036401742837577702,4.510670784159044,4.727628247026692,4.292551222219827,3667,0.010122788271265688,True,0.01,0.5,80310,0.043586550435865505,0.06001431044049987,0.031504857313501285,0.05677290836653386,0.06436255718283211,0.05003037684984448,200,0,0.5013458091448186,0.5103974082189712,0.4922942100706661,True,True,True,0.0269455858548126,0.02211430706014195,0.023497936629160235,0.02064201882303591,0.006870552431792021,143.0,0.028571500993836037,0.025362725604591633,0.028016428955469623,0.02591200954512041,0.004831278794670651,0.006565703984454493,0.0030474727750134218,2.69455858548126,2.801642895546962,2.591200954512041,3.0523235036076364,3.173625730340544,2.9352427587374312,2164,0.00882789318463943,True,True
2.0,100.0,R2_T100,validator,100.0,0.8114240653002992,0.8060939856688853,0.8150094274692052,0.8078387031313932,False,1.0,0.7348275432698295,0.0403685717843357,0.042614933256931234,0.03801544808154011,0.008604752831161022,2.0,0.7420106540468714,0.7274378385525023,0.7393221468092822,0.7299097061872963,0.6944589714854937,0.6999626867094393,0.6893795751579499,1.5661127474689267,1.5756919418832156,1.55563152991595,29507,0.46920475199338046,True,0.01,0.5,40155,1.0,1.0,0.9905345825637017,1.0,0.9999999999999999,0.9980905757738255,200,0,0.5055217194702517,0.5123222303235632,0.4987212086169402,True,True,True,0.6294608392479143,0.02211430706014195,0.02367492186095238,0.020630994274947783,0.006870552897453308,4.0,0.6373989938708657,0.621340074076028,0.6350634798186523,0.6239526170220554,0.6073465321877723,0.6133562619268557,0.6012254633692063,62.94608392479143,63.50634798186523,62.39526170220554,1.8579216571960866,1.8744584560004358,1.841663544335087,25276,0.3387983754911795,True,True
2.0,100.0,R2_T100,gatekeeper,100.0,0.5349585162009945,0.5104555030446698,0.5514408546405779,0.5184761777614112,False,0.0,0.039139999169883366,0.0403685717843357,0.042604661394895105,0.03800021538181086,0.008604752831161022,117.0,0.042040539186645895,0.035973474346972574,0.04123320610013066,0.03716970075883129,-0.0012285726144523306,-0.00023994229285087442,-0.0022788028399302876,4.548442570213261,4.791693252679502,4.3194750342162616,4715,0.008605143093638802,True,0.01,0.5,120465,0.06970954356846473,0.08549741290787495,0.05665642998591279,0.05213348829486967,0.05803843664302128,0.04679947275576523,200,0,0.498926636876473,0.5072043852314727,0.4906488885214733,True,True,True,0.021699248744448594,0.02211430706014195,0.023590386726536378,0.020665929371669327,0.006870552897453308,178.0,0.023139023532061726,0.020432521287989485,0.022568502322690986,0.02083018901555706,-0.0004150583156933549,0.0011024237970077109,-0.0021056559412910326,2.1699248744448596,2.2568502322690986,2.083018901555706,3.158098202192349,3.2846089489479886,3.031615668177789,2614,0.006870986066672973,True,True
2.0,200.0,R2_T200,baseline,200.0,0.550772693044907,0.513753068327279,0.5756745277543582,0.5258708583354557,False,0.0,0.02231353505167476,0.02231353505167476,0.02418859105266024,0.020542668872890118,0.004305450711399317,233.0,0.025005223537508055,0.019541126747771677,0.024024053837163464,0.02062594490032411,0.0,0.0,0.0,5.182624696295086,5.579916155520192,4.790658726969316,896,0.0043054506855621025,True,0.005,0.5,40155,0.03980099502487562,0.06366884419644472,0.02464509722502382,0.04083665338645418,0.05040585594264366,0.033020926065855064,200,0,0.5011738379825553,0.5188953767074708,0.48345229925763994,True,True,True,0.010135724069231727,0.010135724069231727,0.011134966448172084,0.009148666248846976,0.003437591018155217,356.0,0.011560052490166374,0.008783455414108764,0.01116695056943612,0.009189695715236272,0.0,0.0,0.0,2.0271448138463453,2.233390113887224,1.8379391430472545,2.9484961166725845,3.2484813284338774,2.6732951631970243,407,0.0034375911204081967,True,True
2.0,200.0,R2_T200,first_hop_cred,200.0,0.5510239753524669,0.5175254472128505,0.573557288888339,0.5284906618165949,False,0.0,0.025127630432075707,0.02231353505167476,0.02407610419450242,0.020522153575038327,0.004305450711399317,233.0,0.027682003611294886,0.022526471700693322,0.026983799394715697,0.02327898153603397,0.0028140953804009464,0.003781710999530696,0.0018723635579765367,5.836236962680515,6.267357674122982,5.4068628898938975,1009,0.0043054506855621025,True,0.005,0.5,40155,0.04477611940298507,0.06966202752793807,0.028507979391676767,0.046314741035856574,0.05640539425167046,0.0379566430690913,200,0,0.49684454885846524,0.514960504222012,0.47872859349491853,True,True,True,0.058423608516996635,0.010135724069231727,0.011128124987339174,0.009136487028165394,0.003437591018155217,356.0,0.061771106631121384,0.054810402977282804,0.06085530105546315,0.05608049903412529,0.04828788444776491,0.050807643147249226,0.04591135951857814,11.684721703399328,12.17106021109263,11.216099806825058,16.99550832853534,17.702891043143282,16.313894547023967,2346,0.0034375911204081967,True,True
2.0,200.0,R2_T200,first_hop_content,200.0,0.5548447071463934,0.5245103162127757,0.5752496138628337,0.5344398004299532,False,0.0,0.024318266716473663,0.02231353505167476,0.024108696578696943,0.020623188365585472,0.004305450711399317,233.0,0.02656833475420756,0.021685101648421395,0.026057238433287697,0.022750399683327326,0.0020047316647989043,0.002753175209082804,0.0012868884007188933,5.648251133852847,6.05215117680201,5.284092501539621,1953,0.0043054506855621025,True,0.005,0.5,80310,0.0448318804483188,0.06144115908585541,0.03255681039323715,0.041085657370517926,0.0476757647543762,0.035372649527771534,200,0,0.4981593821302648,0.5109881036936809,0.48533066056684876,True,True,True,0.05311916324243556,0.010135724069231727,0.011146779284183667,0.009218273548912062,0.003437591018155217,356.0,0.055389574628653834,0.050761986253167204,0.0547348816828521,0.051442965917574746,0.04298343917320384,0.04482739515472778,0.04100304123303264,10.623832648487113,10.94697633657042,10.28859318351495,15.452437879269343,15.92245260290078,14.964829764706325,4266,0.0034375911204081967,True,True
2.0,200.0,R2_T200,cred_processor,200.0,0.5530118232721125,0.5158291470938559,0.5780233371193908,0.5280003094248342,False,0.0,0.022189017556966752,0.02231353505167476,0.024065426453837184,0.020523502212620996,0.004305450711399317,233.0,0.024846770083669485,0.01945886061748633,0.02392146963924232,0.020389314474807938,-0.00012451749470800648,2.4842359719535267e-05,-0.0002739625399411071,5.153703799552368,5.556089567919236,4.735698063661828,891,0.0043054506855621025,True,0.005,0.5,40155,0.03980099502487562,0.06366884419644472,0.02464509722502382,0.04083665338645418,0.05040585594264366,0.033020926065855064,200,0,0.48770750210151864,0.5050233443107283,0.470391659892309,True,True,True,0.010160627568173328,0.010135724069231727,0.011123582772692722,0.009186717398200702,0.003437591018155217,356.0,0.011460841481426783,0.008828645263065312,0.011050559186944952,0.009277671981868869,2.4903498941601293e-05,0.0004257727813432261,-0.0003972806279670134,2.0321255136346656,2.2101118373889905,1.8555343963737738,2.9557405788757114,3.21462291467426,2.698887580547157,408,0.0034375911204081967,True,True
2.0,200.0,R2_T200,content_server,200.0,0.5495396589693289,0.5219542847360976,0.5680953962247414,0.5309839217139164,False,0.0,0.024318266716473663,0.02231353505167476,0.0240496261136999,0.020609680525061347,0.004305450711399317,203.0,0.026566359471847656,0.0219854917226367,0.02594387739245052,0.022728006679231062,0.0020047316647989043,0.0032633607354751017,0.0007643151514963707,4.800963695460324,5.121895196430773,4.487011192423948,1953,0.005065288608507586,True,0.005,0.5,80310,0.017434620174346202,0.029050942494876088,0.010413389032205627,0.027639442231075697,0.033178734004831234,0.023002949062577483,200,0,0.4864635204080349,0.49996194985456277,0.4729650909615071,True,True,True,0.01290001245174947,0.010135724069231727,0.011132298627036385,0.009169424371422388,0.003437591018155217,286.0,0.014097673536225047,0.011715252467465609,0.013668913896840018,0.01213192293109864,0.0027642883825177438,0.004083672611174036,0.0013965211162029754,2.580002490349894,2.7337827793680036,2.426384586219728,2.920680410227358,3.0947667063818174,2.746777941167217,1036,0.004416783296993894,True,True
2.0,200.0,R2_T200,validator,200.0,0.8114240653002992,0.8060939856688853,0.8150094274692052,0.8078387031313932,False,1.0,0.7348275432698295,0.02231353505167476,0.02415066151865491,0.020481684563598973,0.004305450711399317,2.0,0.7422496142222949,0.7280294397878451,0.7391966985365684,0.7299724246383203,0.7125140082181547,0.7174998273422802,0.7073737360968654,1.5661127474689267,1.5754245782809058,1.5557651996001498,29507,0.46920475199338046,True,0.005,0.5,40155,1.0,1.0,0.9905345825637017,1.0,0.9999999999999999,0.9980905757738255,200,0,0.5041878266505138,0.5105195170877925,0.497856136213235,True,True,True,0.6294608392479143,0.010135724069231727,0.011150880544523352,0.00919866655235554,0.003437591018155217,4.0,0.6381341688387079,0.6213007593143416,0.6352229091602521,0.6237247618847025,0.6193251151786826,0.62513600220448,0.6134699473866831,125.89216784958286,127.04458183205043,124.7449523769405,1.8579216571960866,1.8749290289226606,1.8409910052857998,25276,0.3387983754911795,True,True
2.0,200.0,R2_T200,gatekeeper,200.0,0.5430918513263451,0.5122260805518791,0.5638541990775249,0.5223295035751653,False,0.0,0.021765658074959532,0.02231353505167476,0.024056232204875645,0.020458283012390967,0.004305450711399317,233.0,0.024122496932591313,0.01954578869710555,0.02345480552804483,0.020151527948678638,-0.0005478769767152285,0.0002645559361633856,-0.0014173476389629427,5.055141589499524,5.44745132401255,4.680254861787211,2622,0.004305647564881443,True,0.005,0.5,120465,0.024896265560165973,0.03531813157690182,0.017493970750375867,0.03171177154242072,0.036444319111063696,0.027576190049002032,200,0,0.4965070058921367,0.507731699688028,0.4852823120962454,True,True,True,0.010700203378574689,0.010135724069231727,0.011135376102823826,0.009124479588316643,0.003437591018155217,356.0,0.011553485186210528,0.009867622438035064,0.011305025780046682,0.010154856472008788,0.0005644793093429627,0.0016201975607874866,-0.0005650880378411643,2.1400406757149377,2.2610051560093365,2.0309712944017577,3.1125111914600687,3.2884439683264177,2.9538788468344293,1289,0.003437803985390735,True,True
2.0,500.0,R2_T500,baseline,500.0,0.5464659889215221,0.486296375241353,0.5869400289968563,0.5059919488461879,False,0.0,0.010285145062881335,0.010285145062881335,0.011411498642654144,0.009136383800732832,0.001722173299640417,581.0,0.011978579926422985,0.008647950428660222,0.011453622178467805,0.0090733838053198,0.0,0.0,0.0,5.9721888472250635,6.650678645402813,5.268565609666075,413,0.0017221734486276763,True,0.002,0.5,40155,0.014925373134328358,0.03217569993944568,0.006857913991291445,0.01195219123505976,0.017723239786472753,0.00804492330282091,200,0,0.4944434885885633,0.5237599649196883,0.46512701225743824,True,False,True,0.0042335948200722204,0.0042335948200722204,0.004922079054812217,0.0035851463362978364,0.001375308958813548,887.0,0.005203972451887016,0.003356648260855218,0.004876188565348455,0.003599565077341155,0.0,0.0,0.0,2.1167974100361104,2.4380942826742276,1.7997825386705775,3.07828625112141,3.5455221523375546,2.617277315973056,170,0.001375309011151882,True,True
2.0,500.0,R2_T500,first_hop_cred,500.0,0.5700530770375287,0.5145085451812562,0.6074159828435434,0.5326901712315141,False,0.0,0.01095753953430457,0.010285145062881335,0.011473516668129997,0.009041257168726424,0.001722173299640417,581.0,0.012868478891442131,0.009294275739010809,0.012177977328066223,0.009747612897387074,0.000672394471423235,0.0012184592067518581,0.00010029815977479376,6.362622500675613,7.071283869676607,5.660064556885669,440,0.0017221734486276763,True,0.002,0.5,40155,0.012437810945273632,0.02878150824333118,0.005324072938332805,0.01693227091633466,0.02356729076580504,0.012142013516455007,200,0,0.5194362674968239,0.5458261953245597,0.49304633966908823,True,True,True,0.027966629311418256,0.0042335948200722204,0.004877092906105657,0.003600805064452516,0.001375308958813548,887.0,0.030347649465046637,0.02552736680911179,0.029715954890790253,0.026356451083405102,0.023733034491346033,0.02554190196861632,0.02203781123457025,13.983314655709128,14.857977445395127,13.17822554170255,20.334796823584373,21.60674775620195,19.1640212270044,1123,0.001375309011151882,True,True
2.0,500.0,R2_T500,first_hop_content,500.0,0.5627956956986258,0.5111938150372833,0.5975065149661614,0.5280848764310901,False,0.0,0.010708504544888557,0.010285145062881335,0.01151030392943057,0.009120588159403333,0.001722173299640417,581.0,0.012309178975884474,0.009296397705442022,0.011843305537321533,0.009624000420676218,0.000423359482007222,0.0009273212012359511,-6.189939481945352e-05,6.2180174438420766,6.8769528102752595,5.588287537672328,860,0.0017221734486276763,True,0.002,0.5,80310,0.014943960149439602,0.025937826339276875,0.008568901737622037,0.014691235059760957,0.018903092053658685,0.011406923918075414,200,0,0.5029422848946975,0.5226975078859979,0.4831870619033971,True,True,True,0.023957165981820447,0.0042335948200722204,0.004901589321388088,0.003632734740200237,0.001375308958813548,887.0,0.025462212411211462,0.02243516402743846,0.024984455345765086,0.022975320807183577,0.019723571161748225,0.020971771619199085,0.018468817544628213,11.978582990910223,12.492227672882542,11.48766040359179,17.419478668110568,18.16643033905486,16.705569890755484,1924,0.001375309011151882,True,True
2.0,500.0,R2_T500,cred_processor,500.0,0.5466580570588285,0.48649356587919657,0.587128651403347,0.50618746271431,False,0.0,0.010285145062881335,0.010285145062881335,0.011612866347171092,0.009073210621373728,0.001722173299640417,581.0,0.012112353365850941,0.008502123724849738,0.011487135535770387,0.009141456586153812,0.0,0.0,0.0,5.9721888472250635,6.670138565267033,5.3080928598906425,413,0.0017221734486276763,True,0.002,0.5,40155,0.014925373134328358,0.03217569993944568,0.006857913991291445,0.011454183266932271,0.017129447338273287,0.007644601631723736,200,0,0.507610711364329,0.5355851375319644,0.47963628519669366,True,False,True,0.004258498319013822,0.0042335948200722204,0.004877322887539409,0.0036162870208206943,0.001375308958813548,887.0,0.005188020059833251,0.003365377802706806,0.004932819920689292,0.0036311007786621707,2.4903498941601293e-05,0.00022507061756719477,-0.00017394880594090524,2.129249159506911,2.466409960344646,1.8155503893310854,3.096393817304477,3.5866993386146997,2.6402072183188587,171,0.001375309011151882,True,True
2.0,500.0,R2_T500,content_server,500.0,0.5274097300847346,0.48887769481895965,0.5533289116141511,0.501490548555318,False,0.0,0.010521728302826548,0.010285145062881335,0.011521341393638362,0.009112270681467888,0.001722173299640417,508.0,0.012134373567029346,0.009056698891162547,0.011565526143218891,0.009428280998115416,0.0002365832399452123,0.001117497107803888,-0.0006240948457883875,5.194464544398343,5.7097763560501456,4.654641324104386,845,0.002025565525165259,True,0.002,0.5,80310,0.0037359900373599006,0.010926142761424472,0.0012713697896518236,0.009213147410358566,0.012672667334941906,0.006691643327083702,200,0,0.5088351427091753,0.529800938334241,0.48786934708410956,True,False,True,0.0052421865272070725,0.0042335948200722204,0.004914679173735156,0.0035966664642686046,0.001375308958813548,718.0,0.00608352156587974,0.00449147567390816,0.005770600309780241,0.004723682041247671,0.0010085917071348525,0.0017965176866019848,0.00014872863684503124,2.6210932636035364,2.8853001548901207,2.3618410206238356,2.967119461600599,3.266205884777945,2.6736417794859535,421,0.0017667595103768418,True,True
2.0,500.0,R2_T500,validator,500.0,0.8114240653002992,0.8060939856688853,0.8150094274692052,0.8078387031313932,False,1.0,0.7348275432698295,0.010285145062881335,0.011512955892230146,0.009066790688405338,0.001722173299640417,2.0,0.7413875620313094,0.7278233661672171,0.7393663786058927,0.7299519848727116,0.7245423982069481,0.7293393648931442,0.7197314082193321,1.5661127474689267,1.5757862115947276,1.5557216370285392,29507,0.46920475199338046,True,0.002,0.5,40155,1.0,1.0,0.9905345825637017,1.0,0.9999999999999999,0.9980905757738255,200,0,0.5072360231754403,0.5132272447262487,0.5012448016246318,True,True,True,0.6294608392479143,0.0042335948200722204,0.00491363486652504,0.0036417159602674235,0.001375308958813548,4.0,0.6378079616659643,0.6211420133470902,0.6353114868752384,0.6236255357711978,0.6252272444278422,0.6310979549532076,0.6193366221778611,314.7304196239572,317.6557434376192,311.81276788559893,1.8579216571960866,1.8751904756160158,1.8406981286940487,25276,0.3387983754911795,True,True
2.0,500.0,R2_T500,gatekeeper,500.0,0.5303239531179905,0.4852773650119358,0.5606252514103948,0.5000226548255863,False,0.0,0.009778773917735442,0.010285145062881335,0.011486295906865326,0.009124485759316374,0.001722173416055739,581.0,0.011457224306149955,0.00815116713071229,0.010910614880407088,0.008741404880254055,-0.000506371145145893,4.994573039586317e-05,-0.0010382893650596392,5.67789022298606,6.335075754627506,5.075558318690635,1178,0.001722254840036813,True,0.002,0.5,120465,0.008298755186721992,0.015208661817659747,0.0045139069664660615,0.01079196413747302,0.013730890668381802,0.008476671905677286,200,0,0.4957782192077508,0.5144172297009355,0.47713920871456605,True,False,True,0.003959656331714606,0.0042335948200722204,0.004895590085914403,0.0035806622769070933,0.00137530907522887,887.0,0.004489810237075922,0.003451143085557167,0.0043027782635161,0.0036156339671225167,-0.00027393848835761427,0.0003999439215978201,-0.0009985373441994752,1.979828165857303,2.15138913175805,1.8078169835612583,2.8789227924595746,3.1283943292048693,2.628796583624896,477,0.0013753951103119787,True,True
3.0,4.0,R3_T4,baseline,4.0,0.685492295598032,0.6784281354900414,0.6902441143620541,0.68074047683401,False,0.9614466815809097,0.4911011682823763,0.4911011682823763,0.49619187393262626,0.4863533421191698,0.21120862662792206,5.0,0.4981507852665567,0.48327130988695677,0.49590122611534576,0.4863396979407735,0.0,0.0,0.0,2.325194724679358,2.3479213436984336,2.302650804128865,19757,0.2112086196781212,True,0.25,0.3333333333333333,40230,1.0,1.0,0.9905345825637017,0.9383697813121272,0.9480655255482534,0.9270032911393317,200,0,0.5000598674767868,0.50597685691293,0.49414287804064355,True,True,True,0.43017648521004226,0.43017648521004226,0.43481324821140144,0.42569520445774145,0.16654372215270996,8.0,0.43677191832530865,0.422948925492013,0.4348167199047701,0.425604232917078,0.0,0.0,0.0,1.720705940840169,1.7392668796190804,1.702416931668312,2.582964344034946,2.610826305756502,2.555510577846652,17306,0.16654371795858683,True,True
3.0,4.0,R3_T4,first_hop_cred,4.0,0.6879461172596782,0.6804642510614237,0.6929789126164191,0.6829133219029374,False,1.0,0.5190902311707681,0.4911011682823763,0.49603858078601165,0.48620905284729193,0.21120862662792206,5.0,0.5270594539208769,0.5122164958569767,0.5240526955140805,0.514239789606864,0.027989062888391748,0.031090126271179068,0.02491527636512091,2.457713288225897,2.481208846081798,2.4347481196106378,20883,0.2112086196781212,True,0.25,0.3333333333333333,40230,1.0,1.0,0.9905345825637017,0.9527833001988072,0.9612195920671781,0.9426213285704522,200,0,0.5013778892475587,0.5073664145614539,0.4953893639336634,True,True,True,0.4757394978871489,0.43017648521004226,0.4348248687879251,0.42561469030987,0.16654372215270996,8.0,0.4820547526090297,0.46888053128438856,0.48006566430123615,0.47117664488466765,0.045563012677106635,0.049174634350761505,0.04227028437489848,1.9029579915485957,1.9202626572049446,1.8847065795386706,2.8565442378646035,2.882520398761666,2.8291469090526222,19139,0.16654371795858683,True,True
3.0,4.0,R3_T4,first_hop_content,4.0,0.6788734389273218,0.672304982152739,0.6832918150222839,0.6744550628323597,False,1.0,0.5036291324881929,0.4911011682823763,0.4958032752050056,0.48620824866870777,0.21120862662792206,5.0,0.5106003178676559,0.49718155983462486,0.5079343125057757,0.49944191472464794,0.012527964205816556,0.014877566490805138,0.010275380992868085,2.384510316177986,2.404893859350343,2.3646852836110095,40522,0.2112086196781212,True,0.25,0.3333333333333333,80460,0.991304347826087,0.9957815630548782,0.9821603950060905,0.9286602038279891,0.9362116606866506,0.9202908947951534,200,0,0.5044655789817092,0.5087020855076101,0.5002290724558083,True,True,True,0.45608998260004974,0.43017648521004226,0.4350592185282818,0.42564716178381595,0.16654372215270996,8.0,0.4626544851836174,0.45042889517545726,0.4603000465045756,0.4520793512859073,0.025913497390007457,0.02860031859661437,0.023156800118978742,1.824359930400199,1.8412001860183025,1.8083174051436293,2.7385601101655612,2.763839141738357,2.7144785575059784,36697,0.16654371795858683,True,True
3.0,4.0,R3_T4,cred_processor,4.0,0.6838772173995028,0.6768164984616892,0.6886267214061061,0.6791277133928995,False,0.949415858811832,0.4885906040268456,0.4911011682823763,0.4959129933668608,0.4860897898386856,0.21120862662792206,5.0,0.4960169704654635,0.4812589075625067,0.4934570295383344,0.4836891370837278,-0.0025105642555306984,-0.0008478458554875074,-0.0040618339945360776,2.313308068446498,2.336348915543104,2.290101312251663,19656,0.2112086196781212,True,0.25,0.3333333333333333,40230,1.0,1.0,0.9905345825637017,0.929920477137177,0.94027521027445,0.9179272006493153,200,0,0.49887379541311677,0.5045898704698164,0.4931577203564172,True,True,True,0.42826249067859806,0.43017648521004226,0.43456153384720153,0.42537812067054726,0.16654372215270996,8.0,0.4350110850255386,0.420971781243111,0.4331343035621561,0.42349142169242043,-0.001913994531444196,-0.0001736408067902074,-0.0037436718957584427,1.7130499627143922,1.7325372142486244,1.6939656867696817,2.571471898958632,2.6007243555704713,2.542824351968213,17229,0.16654371795858683,True,True
3.0,4.0,R3_T4,content_server,4.0,0.7073966419240232,0.7014467769013057,0.7113989125161587,0.7033943713318876,False,1.0,0.5363907531692766,0.4911011682823763,0.4961054039710515,0.48599228491367985,0.21120862662792206,5.0,0.5423494250297562,0.5308900919676903,0.5405005703369427,0.5327087238156865,0.045289584886900325,0.04911842226068187,0.04169492332405936,2.163035891249353,2.179609036829528,2.1481878320734786,43158,0.24798051448857905,True,0.25,0.3333333333333333,80460,1.0,1.0,0.9952506652832867,0.9691772309221973,0.974086686690046,0.9633726194693654,200,0,0.5013478395177197,0.5051369700608959,0.49755870897454346,True,True,True,0.49142431021625654,0.43017648521004226,0.4348045741538782,0.4257476904803882,0.16654372215270996,6.0,0.4973280525078454,0.4856017704089476,0.495392949331534,0.48730122770960477,0.06124782500621427,0.0653304181198709,0.05720487085206074,1.9656972408650262,1.981571797326136,1.949204910838419,2.3281332513449633,2.3469347646091316,2.308600059188575,39540,0.21108083479859263,True,True
3.0,4.0,R3_T4,validator,4.0,0.7547811657588619,0.7482263798058955,0.7591903459599479,0.7503719855577758,False,1.0,0.617499378573204,0.4911011682823763,0.4960866014706302,0.4864621060852926,0.21120862662792206,3.0,0.6249857536387682,0.6093697465237836,0.6227397030530384,0.6123714526749162,0.12639821029082773,0.13239689440133168,0.12044860350431129,1.875247670343709,1.8911617046142546,1.8596749727376347,24842,0.3292895057750021,True,0.25,0.3333333333333333,40230,1.0,1.0,0.9905345825637017,1.0,0.9999999999999999,0.9980943646119166,200,0,0.5016065283566928,0.5072052888570172,0.4960077678563684,True,True,True,0.5211782252050708,0.43017648521004226,0.4348353261080196,0.4256151303022131,0.16654372215270996,5.0,0.529668671700941,0.5126996494466722,0.5270110154040841,0.5154112732187087,0.09100173999502859,0.09730605547667075,0.08443833979790473,2.0847129008202834,2.1080440616163365,2.061645092874835,2.196236366745592,2.2208156475657566,2.171934527057757,20967,0.23730516127340093,True,True
3.0,4.0,R3_T4,gatekeeper,4.0,0.6871518353004763,0.6804491255289766,0.6916605187922306,0.682643151808722,False,0.9682575192642306,0.49202087994034305,0.4911011682823763,0.49574472114221974,0.48641333402009973,0.21120862662792206,5.0,0.4981513110106362,0.48637455429578297,0.49618672054573076,0.48774291215868465,0.0009197116579666915,0.003481792036833242,-0.0015125789982283187,2.329549242309218,2.349273061402096,2.309294539692545,59382,0.2112086196781212,True,0.25,0.3333333333333333,120690,0.9933719966859983,0.9966377233844688,0.9869757722749721,0.9454756380510441,0.950926228721476,0.9394581970150081,200,0,0.5030471374018883,0.5061798768137415,0.4999143979900351,True,True,True,0.42809677686635184,0.43017648521004226,0.4348537634295963,0.4257260876184373,0.16654372215270996,8.0,0.43440211970204873,0.42218571848052855,0.43234518653541,0.4237985841798723,-0.0020797083436904468,0.0009714679229699292,-0.00513649149211821,1.7123871074654073,1.72938074614164,1.6951943367194893,2.5704726192963774,2.5959818530023746,2.5446644674716214,51667,0.16654399414825743,True,True
3.0,8.0,R3_T8,baseline,8.0,0.62621188587324,0.6171530109730845,0.6323054810173812,0.6201182907290987,False,0.14315187670892368,0.30713397961720107,0.30713397961720107,0.31192728308951884,0.302459020096735,0.10591132193803787,10.0,0.3140809009640032,0.2999954981385841,0.3119089197654867,0.30223269778929435,0.0,0.0,0.0,2.8999165013541623,2.9450008249651485,2.8536392771009265,12356,0.10591131829960619,True,0.125,0.3333333333333333,40230,0.753731343283582,0.7933146991503124,0.7093446412551481,0.5889662027833003,0.6102758302851444,0.5673175009927215,200,0,0.4990896810237941,0.5045470555569802,0.4936323064906079,True,True,True,0.25329356201839426,0.25329356201839426,0.25742107254843366,0.24910820383083554,0.08476251363754272,15.0,0.2589230818771361,0.24722298992953587,0.25747030683249633,0.24931759276755322,0.0,0.0,0.0,2.026348496147154,2.0597624546599707,1.9945407421404258,2.9882734953637264,3.037549346377945,2.941366327901623,10190,0.08476250999494406,True,True
3.0,8.0,R3_T8,first_hop_cred,8.0,0.6243284421053595,0.615186482039356,0.6304779257973329,0.6181789584133862,False,0.2221476510067114,0.3389758886403182,0.30713397961720107,0.3119951965013533,0.3023499120069895,0.10591132193803787,10.0,0.3464016116786121,0.3322550959123522,0.343618958880325,0.33411943023834595,0.03184190902311708,0.03482116317184483,0.02897931090169357,3.2005633966467077,3.2444026228460485,3.1547093889736644,13637,0.10591131829960619,True,0.125,0.3333333333333333,40230,0.7910447761194029,0.8279403371991981,0.7486394944423594,0.6302186878727635,0.6510455650736441,0.6088955119922826,200,0,0.49972658253348246,0.5059996641995966,0.4934535008673683,True,True,True,0.3156350981854338,0.25329356201839426,0.257541999010304,0.24924472957730218,0.08476251363754272,15.0,0.322095932108828,0.3093038911066115,0.31978882709579326,0.3107811623961982,0.062341536167039524,0.06619440177442698,0.0579588430386791,2.5250807854834703,2.558310616766346,2.4862492991695855,3.7237582771470654,3.7727625941571117,3.6664931514502785,12698,0.08476250999494406,True,True
3.0,8.0,R3_T8,first_hop_content,8.0,0.6201963804241574,0.6111643760003632,0.6262719007183772,0.6141208601299375,False,0.17602535421327367,0.324707929405916,0.30713397961720107,0.311872246938857,0.30224700813932903,0.10591132193803787,10.0,0.3310017471451525,0.3182323878950921,0.3290120706527275,0.3202262383272843,0.01757394978871489,0.019997513548673167,0.015240647897591898,3.0658473014882994,3.1064864070712908,3.0235317949816793,26126,0.10591131829960619,True,0.125,0.3333333333333333,80460,0.7527950310559006,0.7813478654582445,0.7218409802191438,0.6020382798906289,0.617059398247251,0.5868224799929813,200,0,0.5051958328204054,0.5095790665510022,0.5008125990898086,True,True,True,0.3003852846134725,0.25329356201839426,0.2573313367855504,0.24939888031071364,0.08476250618696213,15.0,0.3053406945142758,0.2959108518701439,0.3038198757460785,0.2968192925056112,0.0470917225950783,0.05006820900090788,0.04393031485070353,2.40308227690778,2.430559005968628,2.3745543400448894,3.5438460308854705,3.584366198738108,3.501775637877122,24169,0.08476250999494406,True,True
3.0,8.0,R3_T8,cred_processor,8.0,0.6260623470677769,0.616727333452058,0.6323416912762128,0.619783002859341,False,0.14802386278896346,0.3062639821029083,0.30713397961720107,0.31186574114374604,0.3024286256676778,0.10591132193803787,10.0,0.31349353533235774,0.29900273458408644,0.3112255733680191,0.3015416159568569,-0.0008699975142928163,0.0008008322388063526,-0.0024857051515217413,2.8917021053079184,2.9385487629151372,2.84711417814519,12321,0.10591131829960619,True,0.125,0.3333333333333333,40230,0.7388059701492538,0.7793435529299501,0.6937475909810716,0.5909542743538767,0.6122442703375723,0.5693176270023688,200,0,0.5059877605685265,0.5123923796498386,0.4995831414872143,True,True,True,0.25217499378573205,0.25329356201839426,0.25757532520440124,0.24902319246682034,0.08476251363754272,15.0,0.25856300574443913,0.24641765026435739,0.2564198355472656,0.24788758571923428,-0.0011185682326621924,0.0008197960006463054,-0.0029962661154298424,2.0173999502858564,2.051358684378125,1.9831006857538742,2.9750769980829244,3.025156234313503,2.9244955786941698,10145,0.08476250999494406,True,True
3.0,8.0,R3_T8,content_server,8.0,0.6405825068410901,0.6332217396132693,0.6455338430645137,0.6356311706176665,False,0.2712776534924186,0.34367387521749937,0.30713397961720107,0.31164344885059136,0.30218541161119855,0.10591132193803787,9.0,0.3502510652391793,0.3378554116535249,0.34799986887715884,0.339532847178826,0.036539895600298286,0.039834322639160404,0.033340766825823834,2.7518201557461253,2.786458681990656,2.718662661842582,27652,0.12488965694210348,True,0.125,0.3333333333333333,80460,0.808695652173913,0.834375542684416,0.7800835637078739,0.6790952025851354,0.6933438373072635,0.6645048673750443,200,0,0.5025877053513124,0.506674866237707,0.4985005444649178,True,True,True,0.2993288590604027,0.25329356201839426,0.2576205608875827,0.24895788224268034,0.08476250618696213,12.0,0.305077315769624,0.29389591753210625,0.3030956766582445,0.2953892663851057,0.04603529704200845,0.05012456434868737,0.04177010065968663,2.3946308724832215,2.424765413265956,2.3631141310808457,2.7624591134385903,2.797222482511932,2.726101230261967,24084,0.10835594185059666,True,True
3.0,8.0,R3_T8,validator,8.0,0.7547811657588619,0.7482263798058955,0.7591903459599479,0.7503719855577758,False,1.0,0.617499378573204,0.30713397961720107,0.3119097647987111,0.30225980977384,0.10591132193803787,3.0,0.6247898921668871,0.609869268998456,0.6228438694638098,0.6123714856367819,0.31036539895600296,0.3171705406678485,0.30363602017790386,1.875247670343709,1.8914780414817967,1.8596750728375926,24842,0.3292895057750021,True,0.125,0.3333333333333333,40230,1.0,1.0,0.9905345825637017,1.0,0.9999999999999999,0.9980943646119166,200,0,0.500774120410843,0.5069021406198656,0.4946461002018204,True,True,True,0.5211782252050708,0.25329356201839426,0.257453979060019,0.24905660640116456,0.08476251363754272,5.0,0.5294757384465603,0.5123808055575657,0.526918359467489,0.5155606678272557,0.2678846631866766,0.2745938557771413,0.26117300727935583,4.169425801640567,4.215346875739912,4.124485342618046,2.196236366745592,2.2204251969910707,2.1725640734517135,20967,0.23730516127340093,True,True
3.0,8.0,R3_T8,gatekeeper,8.0,0.6249879915100403,0.6169242698375593,0.6304121811327816,0.6195638018872989,False,0.1390587455464413,0.30636341039025605,0.30713397961720107,0.31173955411336685,0.30221055609627745,0.10591132938861847,10.0,0.3125307431171174,0.3005883930782055,0.31056238730374847,0.302098280023211,-0.0007705692269450658,0.0016466111088160162,-0.003130739164503765,2.8926408934274894,2.932287051939219,2.8523701231687366,36975,0.10591131829960619,True,0.125,0.3333333333333333,120690,0.7506213753106876,0.7742086160085792,0.7254439153717412,0.5954590652966523,0.6077783031762776,0.5830183594815403,200,0,0.5001212147350935,0.5036692393247495,0.49657319014543755,True,True,True,0.25092385450327287,0.25329356201839426,0.2572057167683601,0.24925187788803796,0.08476252108812332,15.0,0.2560432496577207,0.24617760459967727,0.2542309099064586,0.24753492554341683,-0.002369707515121385,0.0006422034667434755,-0.005543151782442644,2.007390836026183,2.0338472792516686,1.9802794043473346,2.960310872849086,2.9993263426478625,2.9203294877909185,30284,0.08476267030083118,True,True
3.0,24.0,R3_T24,baseline,24.0,0.573101241502512,0.5579010046440969,0.5833259206741656,0.5628765623308584,False,0.0,0.12866020382798907,0.12866020382798907,0.1327969866012267,0.1245097729777742,0.03586671128869057,28.0,0.1348973848335713,0.12269417335342186,0.13272561788864268,0.12458588953577511,0.0,0.0,0.0,3.5871761014918073,3.700523941205651,3.4735801143555194,5176,0.035866709686899076,True,0.041666666666666664,0.3333333333333333,40230,0.26119402985074625,0.3062524090189283,0.22065644707005,0.21520874751491054,0.2336998486556752,0.19780306295205016,200,0,0.49918243548549374,0.5071709880000467,0.4911938829709408,True,True,True,0.09043002734277902,0.09043002734277902,0.0930032299866915,0.0879304048010499,0.02854417823255062,43.0,0.09425792648913381,0.08662952595611212,0.0930289009205403,0.0878453784778978,0.0,0.0,0.0,2.1703206562266963,2.232693622092967,2.1082890834695474,3.1680727322175617,3.259120150405074,3.0775236543084183,3638,0.028544176534571083,True,True
3.0,24.0,R3_T24,first_hop_cred,24.0,0.5737887875343022,0.5599698245122012,0.5830843310644481,0.5644932440041562,False,2.485707183693761e-05,0.14528958488690033,0.12866020382798907,0.1327719277862921,0.12456809188006972,0.03586671128869057,28.0,0.15122080326431706,0.1401055534518667,0.1493378764195731,0.14131060211274526,0.01662938105891126,0.018842810178791827,0.01443626667117775,4.0508199986900335,4.163690445073675,3.939881950318999,5845,0.035866709686899076,True,0.041666666666666664,0.3333333333333333,40230,0.30597014925373134,0.3526773955361219,0.26293605003617304,0.24204771371769385,0.2612435724907357,0.2238349809550051,200,0,0.505152452111917,0.5125184690757959,0.497786435148038,True,True,True,0.17283122048222718,0.09043002734277902,0.09309610626701822,0.08791197493152146,0.02854417823255062,43.0,0.17854357089255957,0.16771281262778137,0.1764943719504635,0.16927799062102464,0.08240119313944817,0.08597364936787498,0.07884225586487273,4.147949291573452,4.235864926811124,4.062671774904591,6.054867978864404,6.183200686721635,5.930386200351752,6953,0.028544176534571083,True,True
3.0,24.0,R3_T24,first_hop_content,24.0,0.5715076355984481,0.5589362618217729,0.5799639685365945,0.5630513026603017,False,3.728560775540641e-05,0.1388888888888889,0.12866020382798907,0.13276082840972764,0.12443974355251824,0.03586671128869057,28.0,0.14464751985280952,0.1327807943029809,0.14249514539176883,0.13515388922370045,0.010228685060899826,0.011858133927536523,0.008592393846814953,3.8723621458820467,3.9729082103067177,3.76822659238987,11175,0.035866709686899076,True,0.041666666666666664,0.3333333333333333,80460,0.29440993788819875,0.3268115927666117,0.2639611150485834,0.22495650012428536,0.23811823665039517,0.2123195263878095,200,0,0.5004614768394139,0.5064485404976368,0.494474413181191,True,True,True,0.16308724832214766,0.09043002734277902,0.09300888573923159,0.08787144742004571,0.028544174507260323,43.0,0.16666432459704655,0.15941144848493577,0.16554000601606902,0.1605956573045244,0.07265722097936864,0.07545243908909233,0.07007257011694747,3.914093959731544,3.972960144385657,3.854295775308586,5.713503352413255,5.79943183211386,5.626214408743587,13122,0.028544176534571083,True,True
3.0,24.0,R3_T24,cred_processor,24.0,0.5753302664566304,0.5602868798498098,0.5854494378315643,0.5652110950816965,False,0.0,0.12774049217002237,0.12866020382798907,0.1326399760168442,0.12463113271602425,0.03586671128869057,28.0,0.13415152737004563,0.12185633082245885,0.13187722231207288,0.12371248200329803,-0.0009197116579666915,-7.451089448205378e-05,-0.001766183437578574,3.561533613903863,3.676869817814464,3.4492286324353336,5139,0.035866709686899076,True,0.041666666666666664,0.3333333333333333,40230,0.26865671641791045,0.31402706272468744,0.22766589161151024,0.21669980119284293,0.23523288645581264,0.1992464496984691,200,0,0.49875244720660655,0.506899825825148,0.4906050685880651,True,True,True,0.09062888391747452,0.09043002734277902,0.09304103224245137,0.0879324454950587,0.02854417823255062,43.0,0.09460479116951315,0.08675123838232245,0.09316383943162115,0.08802781917536016,0.00019885657469550087,0.001526649983851049,-0.001232744212787529,2.1750932140193884,2.2359321463589077,2.112667660208644,3.175039357247177,3.2638475073466005,3.083915175088196,3646,0.028544176534571083,True,True
3.0,24.0,R3_T24,content_server,24.0,0.5799845791312946,0.5685884483970955,0.5876503662924267,0.5723187919701626,False,1.2428535918468805e-05,0.14588615461098683,0.12866020382798907,0.13270838672244312,0.12464351033395094,0.03586671128869057,25.0,0.15071188088843032,0.14094059767594597,0.14938557040246886,0.14259224797810752,0.017225950782997764,0.019882972478284033,0.014578427067653105,3.4580329135669885,3.5409818062667044,3.3799553360128574,11738,0.04218761309027105,True,0.041666666666666664,0.3333333333333333,80460,0.23229813664596274,0.2627001528034195,0.20443893199521826,0.23639075316927666,0.24976713832819583,0.22351731508528458,200,0,0.5009711924856421,0.5065932747598005,0.4953491102114838,True,True,True,0.11165796669152374,0.09043002734277902,0.09302399010870402,0.08802753970476711,0.028544174507260323,35.0,0.11463361672719122,0.10864821342851398,0.1138586938060379,0.1095991184980895,0.02122793934874472,0.023969089015481494,0.01836298885599944,2.67979120059657,2.7326086513449095,2.630378843954148,3.0476946884772227,3.1077633475834947,2.991498602434875,8984,0.03663686100634756,True,True
3.0,24.0,R3_T24,validator,24.0,0.7547811657588619,0.7482263798058955,0.7591903459599479,0.7503719855577758,False,1.0,0.617499378573204,0.12866020382798907,0.1327607674092175,0.12468202166727937,0.03586671128869057,3.0,0.6252219082168746,0.6094164247794343,0.6223989457420462,0.6124847766408411,0.488839174745215,0.4952678636698783,0.4820865624557358,1.875247670343709,1.8901268787087335,1.8600191196476863,24842,0.3292895057750021,True,0.041666666666666664,0.3333333333333333,40230,1.0,1.0,0.9905345825637017,1.0,0.9999999999999999,0.9980943646119166,200,0,0.4999198221033511,0.5052698787178076,0.4945697654888946,True,True,True,0.5211782252050708,0.09043002734277902,0.0932007286548523,0.08784033073876407,0.02854417823255062,5.0,0.5300031630411783,0.5116595356812295,0.5271780826346467,0.5156154923752689,0.43074819786229185,0.4368614088767774,0.42433329293858796,12.5082774049217,12.65227398323152,12.374771817006454,2.196236366745592,2.221519666094751,2.1727951031845647,20967,0.23730516127340093,True,True
3.0,24.0,R3_T24,gatekeeper,24.0,0.5691737255786031,0.5572793446893834,0.57717466856854,0.5611727825886662,False,0.0,0.12799734857900405,0.12866020382798907,0.1329380857771748,0.12447087631985562,0.03586670756340027,28.0,0.1331550054011539,0.12258080516711783,0.13167990482154196,0.12462329799029535,-0.0006628552489850029,0.0009630190737401296,-0.0023492373550250177,3.56869097935154,3.671364240865142,3.4746191565093003,15448,0.035866750390996925,True,0.041666666666666664,0.3333333333333333,120690,0.23860811930405965,0.2634594516963746,0.21541534615324143,0.19821014252568778,0.20845940899869897,0.18834489186955333,200,0,0.501498929052088,0.5062295197462852,0.4967683383578909,True,True,True,0.09030574198359433,0.09043002734277902,0.09308892874464375,0.08766075383778356,0.028544176369905472,43.0,0.09291647968894347,0.0878109665274884,0.09212989904003434,0.08852475314758265,-0.00012428535918468804,0.0025195927932000536,-0.0028304719172358864,2.167337807606264,2.2111175769608242,2.1245940755419834,3.1637084397928033,3.227614687039133,3.10131451790143,10899,0.028544268127788857,True,True
3.0,40.0,R3_T40,baseline,40.0,0.5521582100910158,0.533952877928871,0.5644043140369727,0.539912106145059,False,0.0,0.08501118568232663,0.08501118568232663,0.08859282727769946,0.08133901360398127,0.021494273096323013,47.0,0.09060248416136668,0.0798594313072083,0.08846167966825748,0.081483482683345,0.0,0.0,0.0,3.955062140544915,4.115592993283864,3.790939214104429,3420,0.021494273076228854,True,0.025,0.3333333333333333,40230,0.1890547263681592,0.2302057334884987,0.1537901728773584,0.1341948310139165,0.14978806915854811,0.11999577541961223,200,0,0.5042579565367281,0.5140025490498443,0.4945133640236119,True,True,True,0.05582898334576187,0.05582898334576187,0.0581896500080501,0.05364204499384803,0.017152534797787666,72.0,0.05889694131865966,0.05277355423585151,0.0580450740307863,0.05359440221713411,0.0,0.0,0.0,2.233159333830475,2.321802961231452,2.1437760886853643,3.2548531382704704,3.384052154418976,3.1245761215068084,2246,0.01715253529854428,True,True
3.0,40.0,R3_T40,first_hop_cred,40.0,0.5584328561802203,0.5418952615058167,0.5695571301893462,0.5473085821710945,False,7.457121551081282e-05,0.09594829729057917,0.08501118568232663,0.08851086497755847,0.0812953163118025,0.021494273096323013,47.0,0.10157828152740384,0.09050674036389963,0.09970007194573827,0.09235940176329173,0.010937111608252548,0.012411489704536104,0.00942306177451432,4.463900544591629,4.638448185344751,4.296930695713301,3860,0.021494273076228854,True,0.025,0.3333333333333333,40230,0.21393034825870647,0.2566265643842483,0.17664966947234023,0.15208747514910537,0.1684407323525637,0.13706020678427358,200,0,0.5069392976047845,0.515738625057861,0.49813997015170797,True,True,True,0.1348993288590604,0.05582898334576187,0.05795453049488326,0.053608609859445676,0.017152534797787666,72.0,0.1403473732706927,0.13008427265546968,0.13835030910235444,0.1314723069710955,0.07907034551329853,0.08257575209103268,0.07556624902289434,5.395973154362416,5.534012364094178,5.2588922788438195,7.864687436061372,8.06588103124884,7.664890623035385,5427,0.01715253529854428,True,True
3.0,40.0,R3_T40,first_hop_content,40.0,0.5569415800746794,0.5416991941378418,0.5671946114890161,0.5466885486603428,False,1.2428535918468805e-05,0.0916728809346259,0.08501118568232663,0.08849678125372663,0.08140089223969876,0.021494273096323013,47.0,0.09630741415898773,0.08696602383347814,0.09494101917482169,0.08840168748943315,0.006661695252299279,0.00804614469690408,0.005294721716751582,4.2649909866460955,4.4170379169426175,4.112801915929838,7376,0.021494273076228854,True,0.025,0.3333333333333333,80460,0.18385093167701863,0.2120898762198502,0.1586149826258728,0.14367387521749939,0.15485276685994243,0.13317482764097616,200,0,0.5028230875778278,0.5102137946949425,0.49543238046071303,True,True,True,0.1292070594084017,0.05582898334576187,0.05800358134138266,0.05368080017959953,0.017152534797787666,72.0,0.13248108939746128,0.12573128660003388,0.13163857728541625,0.12673174233542617,0.07337807606263982,0.07596703136519856,0.0708186052968965,5.168282376336068,5.26554309141665,5.069269693417047,7.53282574030717,7.674584252077785,7.388513717046936,10396,0.01715253529854428,True,True
3.0,40.0,R3_T40,cred_processor,40.0,0.5541953685774386,0.5360805521519558,0.5663805856848563,0.5420101514700209,False,0.0,0.08466318667660949,0.08501118568232663,0.08867385748169611,0.08148256160145788,0.021494273096323013,47.0,0.08995661510940968,0.07933002709795953,0.08837429447123882,0.08102405751115344,-0.0003479990057171265,0.0001988083996899447,-0.0009436123354038448,3.9388718276888826,4.111527482591376,3.769564908001486,3406,0.021494273076228854,True,0.025,0.3333333333333333,40230,0.1890547263681592,0.2302057334884987,0.1537901728773584,0.13618290258449303,0.15186467177932644,0.12188773886090909,200,0,0.503674985256239,0.5138935331034283,0.4934564374090496,True,True,True,0.055058414118816804,0.05582898334576187,0.058094000770650314,0.05361153251476759,0.017152534797787666,72.0,0.058333294662978485,0.052132158789234224,0.05724831924484175,0.053051703799389324,-0.0007705692269450658,0.00037095163341695995,-0.0018112330509621368,2.202336564752672,2.28993276979367,2.122068151975573,3.209928629238242,3.3376010163174166,3.0929365761976757,2215,0.01715253529854428,True,True
3.0,40.0,R3_T40,content_server,40.0,0.5649698878147272,0.5516721677254645,0.5739148090612597,0.5560249665681948,False,0.0,0.09582401193139448,0.08501118568232663,0.08864124564078055,0.08142535291794854,0.021494273096323013,41.0,0.09981810924893429,0.09166261671340427,0.09857650582128824,0.09293001761697274,0.01081282624906786,0.013335749878980065,0.008196119282795872,3.7894306148303554,3.898279998228794,3.6749854936840367,7710,0.02528717943967007,True,0.025,0.3333333333333333,80460,0.14037267080745341,0.16608088694288814,0.11808043579124473,0.14466815809097688,0.15587716530734239,0.134137097921861,200,0,0.5049242417354174,0.5119248617871255,0.4979236216837093,True,True,True,0.06646781009197117,0.05582898334576187,0.0580042130318776,0.05360520936138131,0.017152534797787666,57.0,0.06889443347168103,0.06399301455996843,0.0681496343376591,0.06480966213526988,0.010638826746209296,0.013120766031851729,0.008138337312991328,2.6587124036788468,2.7259853735063637,2.5923864854107954,3.0185551937485484,3.094933207478337,2.9432524100434962,5348,0.02201974316375812,True,True
3.0,40.0,R3_T40,validator,40.0,0.7547811657588619,0.7482263798058955,0.7591903459599479,0.7503719855577758,False,1.0,0.617499378573204,0.08501118568232663,0.08854867856322421,0.08151067553773245,0.021494273096323013,3.0,0.6245082396066565,0.610663961274364,0.6224857925545566,0.6122128249783697,0.5324881928908775,0.5388156615401734,0.5264490177714367,1.875247670343709,1.8903906187034412,1.859193245583369,24842,0.3292895057750021,True,0.025,0.3333333333333333,40230,1.0,1.0,0.9905345825637017,1.0,0.9999999999999999,0.9980943646119166,200,0,0.5066640808589777,0.5127757465376853,0.5005524151802702,True,True,True,0.5211782252050708,0.05582898334576187,0.05796703347898158,0.053508069857709284,0.017152534797787666,5.0,0.52975870276835,0.5128788462561666,0.5267446404206091,0.5155810695184616,0.465349241859309,0.4716741896464625,0.45907206194460565,20.847129008202835,21.069785616824362,20.623242780738465,2.196236366745592,2.219693147818824,2.172650045838898,20967,0.23730516127340093,True,True
3.0,40.0,R3_T40,gatekeeper,40.0,0.5487656035761661,0.5344937552238075,0.5583657875699156,0.5391654195824166,False,0.0,0.08401690280884912,0.08501118568232663,0.08873102334130334,0.08120534181281906,0.021494273096323013,47.0,0.08838446322649243,0.0794449873125938,0.08706697665827269,0.08101897775348851,-0.0009942828734775043,0.0006117861807007857,-0.0025098544148048035,3.908795056776075,4.0506964264629985,3.769319853034758,10140,0.02149432282544514,True,0.025,0.3333333333333333,120690,0.15658657829328915,0.1781743018231122,0.13717784939294445,0.12031819688432217,0.12876939589260786,0.11235012815416096,200,0,0.5010356885110043,0.5065683388380435,0.4955030381839652,True,True,True,0.05380727483635761,0.05582898334576187,0.05809133278799203,0.053555399867550084,0.017152536660432816,72.0,0.05606613071712666,0.05154808653458283,0.0552948469454409,0.05233368671722285,-0.002021708509404259,0.000251140229029765,-0.004264441629917661,2.1522909934543044,2.211793877817636,2.093347468688914,3.136975207386942,3.2237009677899096,3.0510647164787086,6494,0.01715259805358116,True,True
3.0,50.0,R3_T50,baseline,50.0,0.5506120737155363,0.5319335571438689,0.5631764726210693,0.5380476748100034,False,0.0,0.07193636589609743,0.07193636589609743,0.07519191712067294,0.06872360019034786,0.017200767993927002,59.0,0.07656137751096953,0.0669723502881932,0.0751956508681229,0.06870292189227235,0.0,0.0,0.0,4.182160253143052,4.371645110959742,3.9941777101676,2894,0.017200767436406705,True,0.02,0.3333333333333333,40230,0.14427860696517414,0.1819961919628964,0.11329512491964416,0.11829025844930417,0.13313440154345882,0.10490091453809977,200,0,0.5007699694986739,0.5126491376345849,0.488890801362763,True,True,True,0.043176733780760625,0.043176733780760625,0.04516866357589071,0.041104586725567355,0.013727374374866486,89.5,0.045987809079545,0.040179489344332055,0.04523248264405887,0.04111603560200847,0.0,0.0,0.0,2.158836689038031,2.2616241322029436,2.0558017801004236,3.1453016143178214,3.2950570416550606,2.9951856434997817,1737,0.01372737469253013,True,True
3.0,50.0,R3_T50,first_hop_cred,50.0,0.5617882461575122,0.5447553600642676,0.5732456857548649,0.5503308065601595,False,2.485707183693761e-05,0.08128262490678598,0.07193636589609743,0.0754537212274499,0.06871796063534359,0.017200767993927002,59.0,0.08661100366340894,0.07621348735597706,0.08493942860240523,0.07768825076390587,0.009346259010688541,0.011024638157579852,0.007656920252891133,4.72552316094602,4.938118541305582,4.516557243804884,3270,0.017200767436406705,True,0.02,0.3333333333333333,40230,0.17412935323383086,0.2142370901439001,0.1401906197275182,0.13021868787276342,0.1456315925544616,0.11621511989954833,200,0,0.5033964274130559,0.5137912347063277,0.49300162011978405,True,True,True,0.1227939348744718,0.043176733780760625,0.045355928578617824,0.04111467791718808,0.013727374374866486,89.5,0.1271764583806199,0.11838515804174157,0.12575475427489,0.11968919290314839,0.07961720109371116,0.08294801273024256,0.07610503601964047,6.13969674372359,6.2877377137445,5.984459645157419,8.945187089654599,9.160874318038433,8.719015513452716,4940,0.01372737469253013,True,True
3.0,50.0,R3_T50,first_hop_content,50.0,0.5606763615552387,0.5441732260351261,0.5717774560704899,0.5495752670399875,False,1.2428535918468805e-05,0.07708177976634352,0.07193636589609743,0.07498928089602214,0.06869036821980946,0.017200766131281853,59.0,0.08154071142330627,0.07255715103819851,0.08020417717107872,0.07412704318756451,0.005145413870246085,0.006459586216768536,0.0038474252052445425,4.481298875257984,4.66282550866426,4.30951952938269,6202,0.017200767436406705,True,0.02,0.3333333333333333,80460,0.1565217391304348,0.18324647842757558,0.13305958629086223,0.12229679343773303,0.13278274509889398,0.11253147174390037,200,0,0.49949783097147665,0.5067794330665155,0.49221622887643784,True,True,True,0.11672880934625901,0.043176733780760625,0.04507852792993862,0.04110221853611756,0.01372737530618906,89.5,0.12013336564339618,0.11345068646651252,0.11917161260482943,0.11454304134831521,0.07355207556549838,0.07605824738499639,0.07114940568779378,5.836440467312951,5.958580630241472,5.72715206741576,8.503360035023887,8.681311268474206,8.344133085450403,9392,0.01372737469253013,True,True
3.0,50.0,R3_T50,cred_processor,50.0,0.5517202212153701,0.5330567410196231,0.5642745056653771,0.5391659367653632,False,0.0,0.07161322396221725,0.07193636589609743,0.07527024297843875,0.0685160899524292,0.017200767993927002,59.0,0.07628653577528942,0.06668514288448782,0.07481294884942424,0.06828165655878661,-0.00032314193388018893,0.00012457156949403453,-0.0007690168344019954,4.163373769628588,4.349395986313789,3.969686632368705,2881,0.017200767436406705,True,0.02,0.3333333333333333,40230,0.14925373134328357,0.18740059119614774,0.11774679118453904,0.12127236580516898,0.1362627767345157,0.1077253884401557,200,0,0.5034453856258633,0.5149281809016031,0.49196259035012346,True,True,True,0.042953020134228186,0.043176733780760625,0.045151358088614514,0.041147198569185056,0.013727374374866486,89.5,0.04625682447654023,0.03985547381397791,0.045159416973930326,0.040785183410233156,-0.00022371364653243848,0.000816077729148421,-0.0011741065729846067,2.1476510067114094,2.2579708486965164,2.0392591705116576,3.1290047147617708,3.289734416479811,2.971084007230222,1728,0.01372737469253013,True,True
3.0,50.0,R3_T50,content_server,50.0,0.5558394003546687,0.541931840081854,0.5651945402235083,0.5464842604858291,False,0.0,0.08145662440964455,0.07193636589609743,0.07527193466717047,0.0687238554917656,0.017200766131281853,51.0,0.08561147374650802,0.07725428385310379,0.0842257433992409,0.07855814377490114,0.009520258513547104,0.011700229220806792,0.007509065729785484,4.027311999289845,4.1642205222625,3.884007683347319,6554,0.020226052618721416,True,0.02,0.3333333333333333,80460,0.08198757763975155,0.10298345920809199,0.06496225789047697,0.11160825254784987,0.12171141532408082,0.10224611268965146,200,0,0.5032902963583602,0.5108386363363459,0.4957419563803746,True,True,True,0.05345513298533433,0.043176733780760625,0.045211920960944285,0.04111526427002038,0.01372737530618906,72.0,0.055861460434460886,0.051000437264168794,0.055138356588659614,0.05171942090902514,0.0102783992045737,0.01264184809614364,0.008000146218585698,2.6727566492667165,2.7569178294329806,2.585971045451257,3.033194579703182,3.128705420756284,2.934705395077436,4301,0.01762337745920846,True,True
3.0,50.0,R3_T50,validator,50.0,0.7547811657588619,0.7482263798058955,0.7591903459599479,0.7503719855577758,False,1.0,0.617499378573204,0.07193636589609743,0.07523282512056081,0.06887512433111435,0.017200767993927002,3.0,0.6240510332269834,0.6101736258452929,0.6226398233794763,0.6122994405573642,0.5455630126771066,0.5515559654054389,0.539976627443895,1.875247670343709,1.890858385887692,1.859456283358565,24842,0.3292895057750021,True,0.02,0.3333333333333333,40230,1.0,1.0,0.9905345825637017,1.0,0.9999999999999999,0.9980943646119166,200,0,0.5053984279162633,0.5113836874705224,0.4994131683620042,True,True,True,0.5211782252050708,0.043176733780760625,0.045072832471247895,0.041202165460488896,0.013727374374866486,5.0,0.5291323989863742,0.5124067397230331,0.5267788367226984,0.5155836274445763,0.4780014914243102,0.48424789302232085,0.4717600149156964,26.05891126025354,26.33894183613492,25.779181372228816,2.196236366745592,2.2198372504666803,2.172660824896972,20967,0.23730516127340093,True,True
3.0,50.0,R3_T50,gatekeeper,50.0,0.5459922473627796,0.5292214282495675,0.5572734034707845,0.5347110912547748,False,0.0,0.07096694009445688,0.07193636589609743,0.07504985568117854,0.0686054100376573,0.017200766131281853,59.0,0.07556194624695527,0.06649421667994183,0.07381910202422927,0.0680347267618658,-0.0009694258016405667,0.00033082096687637525,-0.0022518740959070528,4.125788314026245,4.291603781677845,3.95531891678671,8565,0.017200819502346733,True,0.02,0.3333333333333333,120690,0.11101905550952776,0.12999105242972903,0.09451518398990565,0.10457408021213126,0.11254828236104407,0.0971030421154249,200,0,0.5008033196208937,0.5069912104377297,0.49461542880405784,True,True,True,0.04344187588035463,0.043176733780760625,0.045198478670722755,0.04120711726138812,0.013727374374866486,89.0,0.04543623465407837,0.04144831491869914,0.04476367452981055,0.042116587781581484,0.0002651420995940012,0.0024442806960107417,-0.0018991992085489614,2.1720937940177314,2.2381837264905275,2.1058293890790742,3.1646038219534596,3.2608926900824895,3.068060758432956,5243,0.013727429506022225,True,True
3.0,100.0,R3_T100,baseline,100.0,0.5459768455825355,0.5176405082945011,0.5650377299864199,0.526915961178651,False,0.0,0.04001988565746955,0.04001988565746955,0.0426055128458595,0.03744791114037313,0.008605430833995342,117.0,0.04396476918166647,0.036645564725819715,0.042655022027865794,0.037436657174228005,0.0,0.0,0.0,4.650538539045551,4.9567563866190625,4.350352683461211,1610,0.008605430386495192,True,0.01,0.3333333333333333,40230,0.05970149253731343,0.08729411458116254,0.04044408883289116,0.060139165009940355,0.07138957302079109,0.05056518574506745,200,0,0.4961533222254745,0.5110279254477726,0.4812787190031763,True,True,True,0.021874223216505097,0.021874223216505097,0.023384119303116718,0.02040958201782144,0.006874645594507456,178.0,0.024032554335041745,0.0196372826801836,0.023381564626433232,0.020287097319182806,0.0,0.0,0.0,2.1874223216505095,2.3381564626433233,2.0287097319182807,3.1818692299558182,3.401130193136885,2.951002652122538,880,0.006874645573290525,True,True
3.0,100.0,R3_T100,first_hop_cred,100.0,0.5483273280509336,0.5227241191370611,0.5655497305271319,0.5311049255747354,False,2.485707183693761e-05,0.047054436987322895,0.04001988565746955,0.04265400161548225,0.03741271952388196,0.008605430833995342,117.0,0.051083548761771555,0.043036527057428345,0.0498038391993551,0.04423677264643351,0.007034551329853343,0.008344754467748178,0.005733686295010207,5.467993449946105,5.787489638811562,5.140564813104043,1893,0.008605430386495192,True,0.01,0.3333333333333333,40230,0.07462686567164178,0.10453507185688599,0.05277132805160656,0.07405566600397614,0.0863273335907709,0.06340738760961416,200,0,0.4955234007038615,0.5087362830000194,0.4823105184077036,True,True,True,0.08501118568232663,0.021874223216505097,0.02340371770135001,0.020366947698422646,0.006874645594507456,178.0,0.08930689643549326,0.08082734084149994,0.08783893006740884,0.08218993358933939,0.06313696246582153,0.06596856165253939,0.0602513585127051,8.501118568232663,8.783893006740884,8.21899335893394,12.365900870964657,12.777230350417184,11.95551577359347,3420,0.006874645573290525,True,True
3.0,100.0,R3_T100,first_hop_content,100.0,0.5509815399252556,0.5252099491170584,0.5683172071396168,0.5336458727108944,False,1.2428535918468805e-05,0.04364901814566244,0.04001988565746955,0.042733606270040914,0.0373655335598063,0.008605429902672768,117.0,0.047362352044744815,0.040237038069732424,0.04606549464299705,0.04128274738063793,0.003629132488192891,0.004702736320330114,0.0025950252439999426,5.072264394139123,5.353072719673529,4.797290260510899,3512,0.008605430386495192,True,0.01,0.3333333333333333,80460,0.06832298136645963,0.08788092697810096,0.052865393056825395,0.07059408401690281,0.07892570773697506,0.06308173523500736,200,0,0.49922840275946495,0.5095713407170445,0.4888854648018855,True,True,True,0.08310961968680089,0.021874223216505097,0.023358119141180207,0.020380899514276945,0.006874644663184881,178.0,0.08591770486804973,0.08038256368411455,0.08503839061459287,0.08132457991913476,0.0612353964702958,0.06333559257735,0.05917617070290933,8.31096196868009,8.503839061459287,8.132457991913476,12.089295193587814,12.369858156031388,11.829639659548157,6687,0.006874645573290525,True,True
3.0,100.0,R3_T100,cred_processor,100.0,0.5485277919819675,0.5205243741676889,0.5673647328485996,0.5296908511153355,False,0.0,0.03959731543624161,0.04001988565746955,0.04264614725528452,0.037479238914104734,0.008605430833995342,117.0,0.043327257015920155,0.035810779408754566,0.04229605099338051,0.03697174124178074,-0.00042257022122793933,-0.00012446371732788744,-0.0007441505177896506,4.601433473726438,4.9150419088575985,4.296326805432277,1593,0.008605430386495192,True,0.01,0.3333333333333333,40230,0.05970149253731343,0.08729411458116254,0.04044408883289116,0.06063618290258449,0.07192548026812119,0.05102142001325616,200,0,0.49884888790820275,0.5136249597592053,0.4840728160572002,True,True,True,0.021600795426298783,0.021874223216505097,0.023418598271574137,0.020420822874655544,0.006874645594507456,178.0,0.023841321237259728,0.019311701928001555,0.02319011170714231,0.020036243669819334,-0.0002734277902063137,0.00042188884419005725,-0.0009915071908729036,2.1600795426298784,2.319011170714231,2.0036243669819336,3.1420958645813704,3.373281060079792,2.914512967426924,869,0.006874645573290525,True,True
3.0,100.0,R3_T100,content_server,100.0,0.5444349059299317,0.5242392672922649,0.5580198209322578,0.5308499909276057,False,0.0,0.045786726323639074,0.04001988565746955,0.04266075495234893,0.037608566756836756,0.008605429902672768,101.0,0.04913886583744567,0.04295583132665392,0.04772027102433631,0.04375091169196292,0.005766840666169525,0.007578821528593159,0.00400373693928306,4.52356562700141,4.7145929628393315,4.322434385914139,3684,0.01012182205345615,True,0.01,0.3333333333333333,80460,0.04596273291925466,0.06271051084515968,0.03352770490380602,0.0613969674372359,0.06924164761746653,0.05438910961788107,200,0,0.5100737323388812,0.5190781714480799,0.5010692932296825,True,True,True,0.02857320407655978,0.021874223216505097,0.023350006966919433,0.02040806157785369,0.006874644663184881,143.0,0.030556253209191073,0.026831126576852903,0.029747711595451257,0.027363412415603947,0.006698980860054686,0.008658197714690983,0.0048295251569399475,2.857320407655978,2.9747711595451256,2.7363412415603947,3.2365804773217466,3.3696207935539135,3.0995434106706012,2299,0.008828207509984105,True,True
3.0,100.0,R3_T100,validator,100.0,0.7547811657588619,0.7482263798058955,0.7591903459599479,0.7503719855577758,False,1.0,0.617499378573204,0.04001988565746955,0.04259778004818805,0.03756983001330747,0.008605430833995342,3.0,0.6256336912163638,0.6099227041131575,0.6228774714573001,0.6123801744617721,0.5774794929157345,0.5833529489588121,0.5716556232522118,1.875247670343709,1.891580085406371,1.8597014594209418,24842,0.3292895057750021,True,0.01,0.3333333333333333,40230,1.0,1.0,0.9905345825637017,1.0,0.9999999999999999,0.9980943646119166,200,0,0.4978605206009335,0.5043854369940297,0.49133560420783734,True,True,True,0.5211782252050708,0.021874223216505097,0.023379785022535446,0.020458927577120232,0.006874645594507456,5.0,0.5302240848637818,0.5134307520181731,0.5267763916797875,0.5154793738153478,0.4993040019885657,0.5054170850281713,0.49332589875392824,52.11782252050708,52.677639167978754,51.54793738153478,2.196236366745592,2.2198269470965477,2.1722215018385564,20967,0.23730516127340093,True,True
3.0,100.0,R3_T100,gatekeeper,100.0,0.5359640587332188,0.5120016393691096,0.5520827582282859,0.5198453592381518,False,0.0,0.03903388847460436,0.04001988565746955,0.04252141137103385,0.037441754618742294,0.008605429902672768,117.0,0.042179331066540635,0.035670860108726804,0.04123855815810953,0.036700475613402485,-0.000985997182865192,9.0770132182103e-05,-0.002105808851120578,4.535948434721428,4.792142946484694,4.264793271120096,4711,0.008605452428826299,True,0.01,0.3333333333333333,120690,0.043910521955260975,0.056988701147172645,0.033726278935913394,0.04855817036791515,0.05427461964890616,0.04341616319849596,200,0,0.5024651281622509,0.5111384579264016,0.49379179839810017,True,True,True,0.021062225536498468,0.021874223216505097,0.023386835332437385,0.020425834703564728,0.0068746451288461685,178.0,0.022516360663095914,0.019865738411586873,0.021956239232490987,0.020200471105664697,-0.0008119976800066285,0.0007297511537854844,-0.002454420905655786,2.1062225536498467,2.195623923249099,2.0200471105664697,3.063743143190565,3.193787725909001,2.938391041913048,2542,0.006874670803690281,True,True
3.0,200.0,R3_T200,baseline,200.0,0.5604302082319454,0.5233739680705871,0.5853566728973874,0.5355037435665035,False,0.0,0.021327367636092467,0.021327367636092467,0.02335003785446694,0.01929548171825836,0.004304575268179178,233.0,0.024199485391724306,0.0187297565943271,0.023251713230158892,0.019454453567356794,0.0,0.0,0.0,4.9545809951633775,5.401627544515904,4.519482552220606,858,0.004304575433707124,True,0.005,0.3333333333333333,40230,0.03731343283582089,0.06064523121302092,0.022740677459374477,0.030318091451292245,0.038751349511232595,0.023674918323497718,200,0,0.5009176856365214,0.5213378215808174,0.48049754969222536,True,True,True,0.011135968182948049,0.011135968182948049,0.01207471799289835,0.010161554627267796,0.0034397838171571493,355.0,0.012567105582265441,0.009858063271396487,0.0121150295824022,0.010137890502834418,0.0,0.0,0.0,2.2271936365896097,2.4230059164804403,2.027578100566884,3.2374036463295823,3.522032417937146,2.9472465384933924,448,0.0034397836660168993,True,True
3.0,200.0,R3_T200,first_hop_cred,200.0,0.5461746942743957,0.5132413139662327,0.568327852203813,0.5240215363449784,False,0.0,0.025329356201839424,0.021327367636092467,0.02329194023895213,0.01943313255655622,0.004304575268179178,233.0,0.028888583767393002,0.0225112866889553,0.02740706753199819,0.023223595424464706,0.004001988565746955,0.00507778469197262,0.0029895965547335366,5.884286752997065,6.366961841901112,5.395095470417722,1019,0.004304575433707124,True,0.005,0.3333333333333333,40230,0.03980099502487562,0.06366884419644472,0.02464509722502382,0.04025844930417495,0.049759914673297524,0.032509183471808874,200,0,0.491349599005246,0.509520192344293,0.4731790056661989,True,True,True,0.056475267213522244,0.011135968182948049,0.012109343764395018,0.010191750562531375,0.0034397838171571493,355.0,0.059458790591808953,0.05318658263781156,0.05858189385367414,0.054241872183253985,0.045339299030574196,0.04764818487124816,0.04288667088368342,11.295053442704448,11.716378770734828,10.848374436650797,16.418261349242883,17.03069132876868,15.768977775879554,2272,0.0034397836660168993,True,True
3.0,200.0,R3_T200,first_hop_content,200.0,0.5531692386976962,0.522736917096015,0.5736400200232851,0.5326984573721073,False,0.0,0.024173502361421826,0.021327367636092467,0.023397191030838,0.01927775593975478,0.004304575268179178,233.0,0.026992559504452264,0.021269652471233885,0.02591729854408057,0.022249335445148954,0.002846134725329356,0.0036145596038153977,0.002071017931144087,5.615769251510938,6.020872195927684,5.168764210966029,1945,0.004304575433707124,True,0.005,0.3333333333333333,80460,0.03602484472049689,0.051258619282976335,0.025198216783340187,0.03256276410638827,0.03850877335091289,0.02750859076417417,200,0,0.5069169302216088,0.5189685615571749,0.4948652988860427,True,True,True,0.05418841660452399,0.011135968182948049,0.012102751192599338,0.010175199525465514,0.0034397838171571493,355.0,0.05631035373682558,0.052102955426153875,0.05555842051693316,0.05269318359153921,0.04305244842157594,0.04466231946151474,0.041418756130665216,10.837683320904798,11.111684103386633,10.538636718307842,15.753437386157344,16.151719384512074,15.318749289996871,4360,0.0034397836660168993,True,True
3.0,200.0,R3_T200,cred_processor,200.0,0.5620805169544186,0.5253288878058593,0.5868020802155579,0.5373589536932794,False,0.0,0.02122793934874472,0.021327367636092467,0.02335460541818752,0.01936205206357693,0.004304575268179178,233.0,0.024124076364857153,0.018547185842643567,0.023165261127382947,0.0192765148522475,-9.942828734775044e-05,0.0,-0.00022391527073536573,4.931482715465646,5.381543774558249,4.478145440616999,854,0.004304575433707124,True,0.005,0.3333333333333333,40230,0.03731343283582089,0.06064523121302092,0.022740677459374477,0.030318091451292245,0.038751349511232595,0.023674918323497718,200,0,0.49941731527044375,0.5209211396578319,0.4779134908830555,True,True,True,0.011384538901317425,0.011135968182948049,0.012117663161804326,0.010212953804262641,0.0034397838171571493,355.0,0.012872181607932446,0.009920956083979327,0.012367304319315518,0.010413625634967418,0.00024857071836937607,0.0005514769243486454,-7.449298314862702e-05,2.276907780263485,2.4734608638631035,2.0827251269934837,3.309667120578011,3.595372709480957,3.027407141282779,458,0.0034397836660168993,True,True
3.0,200.0,R3_T200,content_server,200.0,0.5430303331038719,0.5171549537476,0.5604358153228045,0.5256248508849394,False,0.0,0.024832214765100672,0.021327367636092467,0.0233451529180549,0.019398242041524957,0.004304575268179178,203.0,0.027280898811270084,0.022434305790818947,0.026444173279595303,0.02328244394917187,0.0035048471290082027,0.004964215796184417,0.0019998551460380866,4.905188011364723,5.223603410672111,4.599056750075027,1998,0.005062438933546983,True,0.005,0.3333333333333333,80460,0.014906832298136646,0.02587384158066231,0.008547562660024717,0.0280884911757395,0.033661705266776254,0.023415649571029012,200,0,0.4936217378960363,0.5056089658318005,0.4816345099602722,True,True,True,0.014106388267462093,0.011135968182948049,0.012092882602546578,0.010213481546636888,0.0034397838171571493,287.0,0.01536718600569363,0.012839227834638856,0.014986105498323205,0.013276817405676147,0.0029704200845140443,0.004200421432723077,0.0017242596059890388,2.8212776534924187,2.997221099664641,2.6553634811352294,3.1925299083023178,3.3916257730355435,3.0047830706928176,1135,0.004418561038622628,True,True
3.0,200.0,R3_T200,validator,200.0,0.7547811657588619,0.7482263798058955,0.7591903459599479,0.7503719855577758,False,1.0,0.617499378573204,0.021327367636092467,0.023246587763577374,0.019362692657976775,0.004304575268179178,3.0,0.6250706963565126,0.6099304530709808,0.622377265680989,0.6124575166996339,0.5961720109371116,0.601647298296805,0.5907421569032817,1.875247670343709,1.8900610398020055,1.8599363355299747,24842,0.3292895057750021,True,0.005,0.3333333333333333,40230,1.0,1.0,0.9905345825637017,1.0,0.9999999999999999,0.9980943646119166,200,0,0.4987032092735106,0.5046584868732379,0.4927479316737833,True,True,True,0.5211782252050708,0.011135968182948049,0.012111515716880855,0.01014985887793583,0.0034397838171571493,5.0,0.5294631048340835,0.5130691433316796,0.5268225627946542,0.5154877561906304,0.5100422570221228,0.515659244511719,0.5043416006455612,104.23564504101417,105.36451255893084,103.09755123812607,2.196236366745592,2.2200215114061437,2.1722568250284846,20967,0.23730516127340093,True,True
3.0,200.0,R3_T200,gatekeeper,200.0,0.5406267102606014,0.510709786294607,0.5607508012339404,0.5205026192872624,False,0.0,0.02122793934874472,0.021327367636092467,0.023371376774250212,0.01937563203118057,0.004304575268179178,233.0,0.023753641447872776,0.018470029673004408,0.022858174952096282,0.019632866599244746,-9.942828734775044e-05,0.0006778675121086882,-0.000903463399764232,4.931467465713519,5.310187873158601,4.560915748922861,2562,0.004304588744898738,True,0.005,0.3333333333333333,120690,0.019055509527754765,0.028431857229067062,0.012730805692334306,0.024361948955916472,0.028565049623042647,0.02076407914789865,200,0,0.5057387338499325,0.5168217550498929,0.4946557126499721,True,True,True,0.011276824923357362,0.011135968182948049,0.012089016232995069,0.010120897544340944,0.0034397835843265057,355.0,0.012269502420041664,0.010377143493821602,0.011910443580246061,0.010643931157267549,0.00014085674040931312,0.0011936989971482986,-0.000979839998824977,2.2553649846714725,2.3820887160492124,2.1287862314535095,3.278339914740035,3.4625422365566765,3.094348329407818,1361,0.0034397973415308853,True,True
3.0,500.0,R3_T500,baseline,500.0,0.5599870147923365,0.5076714991339433,0.5951778719012869,0.524796157683386,False,0.0,0.009495401441710167,0.009495401441710167,0.010782250902082473,0.008195682025692055,0.0017221898306161165,581.0,0.01140628013331288,0.007566309487081248,0.010904112186105177,0.008186041766567047,0.0,0.0,0.0,5.513562495189289,6.331538941424472,4.753274850491024,382,0.001722189863630842,True,0.002,0.3333333333333333,40230,0.0024875621890547263,0.013954199331865846,0.000439250853505567,0.01242544731610338,0.018278757393858334,0.00843041588219504,200,0,0.49242839412805306,0.5202541864114418,0.4646026018446643,True,True,True,0.004275416355953268,0.004275416355953268,0.004902043436665127,0.0036759904841518294,0.0013758987188339233,887.0,0.005129354816103638,0.003440999499930172,0.004875485339459784,0.0036843892805874336,0.0,0.0,0.0,2.1377081779766343,2.437742669729892,1.8421946402937168,3.1073626826845113,3.5434914269150424,2.6778055763010142,172,0.0013758987258801901,True,True
3.0,500.0,R3_T500,first_hop_cred,500.0,0.5476902407686721,0.5000071972602239,0.5797649923888726,0.5156154891484717,False,0.0,0.011185682326621925,0.009495401441710167,0.010830436031032174,0.00820355875622563,0.0017221898306161165,581.0,0.013220960360172356,0.009292489592790302,0.012534463210939088,0.009902798376470382,0.0016902808849117573,0.00241924114825572,0.0010232714754526682,6.495034352971675,7.278212162109147,5.750119998728017,450,0.001722189863630842,True,0.002,0.3333333333333333,40230,0.0024875621890547263,0.013954199331865846,0.000439250853505567,0.012922465208747515,0.018867511537740862,0.008833803253831317,200,0,0.4734978213507625,0.5019213195972282,0.4450743231042968,True,True,True,0.025975640069599803,0.004275416355953268,0.004874000576631271,0.003650912510811987,0.0013758987188339233,887.0,0.02836340390167237,0.02362323850343867,0.02753596921441932,0.02438596260296462,0.021700223713646532,0.023260883002407234,0.020077838886873468,12.9878200347999,13.76798460720966,12.19298130148231,18.879034903519273,20.01307850387317,17.72366101099805,1045,0.0013758987258801901,True,True
3.0,500.0,R3_T500,first_hop_content,500.0,0.5445350070074986,0.5011956943080883,0.5736878795580415,0.5153821344569557,False,0.0,0.010551826994780016,0.009495401441710167,0.01084129471605503,0.00812340910533166,0.0017221898306161165,581.0,0.012232794789609472,0.008711978335466344,0.011801343667776657,0.009310630885365864,0.0010564255530698483,0.0015788214166235896,0.0005399524325967729,6.126982406303281,6.852521848489012,5.406274349877159,849,0.001722189863630842,True,0.002,0.3333333333333333,80460,0.006211180124223602,0.014456820076128455,0.0026558769422405423,0.0114342530449913,0.015217005717990915,0.008583647921043182,200,0,0.4930172758915373,0.5114418559720607,0.47459269581101393,True,True,True,0.024745215013671388,0.004275416355953268,0.004916350347652986,0.0036774394211551943,0.0013758987188339233,887.0,0.026161968388277335,0.023102585952893367,0.025831063035201083,0.023657085561603952,0.02046979865771812,0.02164951786428376,0.01924274471917384,12.372607506835694,12.915531517600542,11.828542780801977,17.98476482914204,18.77395665053504,17.193914869330253,1991,0.0013758987258801901,True,True
3.0,500.0,R3_T500,cred_processor,500.0,0.5604086046358053,0.5079415444145077,0.595701400586258,0.5251158086853527,False,0.0,0.009445687298036291,0.009495401441710167,0.01076229574867046,0.00820897446693167,0.0017221898306161165,581.0,0.011433380061022198,0.0075036466953167,0.01077838927860927,0.008106480455055222,-4.971414367387522e-05,0.0,-0.00012412599818345331,5.484695675842748,6.258537171903631,4.707077091932575,380,0.001722189863630842,True,0.002,0.3333333333333333,40230,0.0024875621890547263,0.013954199331865846,0.000439250853505567,0.012922465208747515,0.018867511537740862,0.008833803253831317,200,0,0.4913161856963614,0.5191008317267793,0.4635315396659434,True,True,True,0.004200845140442456,0.004275416355953268,0.0049098614937740535,0.003666870261968914,0.0013758987188339233,887.0,0.0050964749173159855,0.0034174731924802504,0.004810472957306844,0.0036083190625125546,-7.457121551081282e-05,7.485468855898729e-05,-0.00022474715944562366,2.100422570221228,2.4052364786534217,1.8041595312562773,3.053164496358619,3.496240578484065,2.6225179183912974,169,0.0013758987258801901,True,True
3.0,500.0,R3_T500,content_server,500.0,0.5419899073470641,0.5072832965526527,0.5653358567433622,0.518643957950766,False,0.0,0.01071339796172011,0.009495401441710167,0.010812884396657821,0.008206054296580986,0.0017221898306161165,508.0,0.012234920560081398,0.009213244677218665,0.011733399414152036,0.009696561838031612,0.001217996520009943,0.0021651992760969613,0.00031109473252895615,5.289535733143891,5.793141979245767,4.787492307685414,862,0.002025394760941049,True,0.002,0.3333333333333333,80460,0.008695652173913044,0.017839604993909502,0.004218436945121793,0.01019139945314442,0.013795770435094615,0.007521547293583424,200,0,0.4963726804920946,0.514459957346453,0.4782854036377362,True,True,True,0.005480984340044743,0.004275416355953268,0.00487835554021529,0.0036963381778530972,0.0013758987188339233,718.0,0.006251733103265591,0.004677082714514386,0.006052062066950122,0.004976935033678193,0.001205567984091474,0.0019245639125776122,0.00045828319380809374,2.7404921700223714,3.026031033475061,2.4884675168390964,3.100726175286427,3.4237987378188954,2.8155732208313577,441,0.0017676453934338272,True,True
3.0,500.0,R3_T500,validator,500.0,0.7547811657588619,0.7482263798058955,0.7591903459599479,0.7503719855577758,False,1.0,0.617499378573204,0.009495401441710167,0.010819166167896702,0.008197244096049947,0.0017221898306161165,3.0,0.624894884952885,0.6102323772174404,0.6227307006269451,0.6120517480708596,0.6080039771314939,0.6131228417481835,0.6028653406148057,1.875247670343709,1.891134365674096,1.8587040805638797,24842,0.3292895057750021,True,0.002,0.3333333333333333,40230,1.0,1.0,0.9905345825637017,1.0,0.9999999999999999,0.9980943646119166,200,0,0.5070880627379439,0.5128803688793703,0.5012957565965176,True,True,True,0.5211782252050708,0.004275416355953268,0.004900183653881995,0.003662786907414485,0.0013758987188339233,5.0,0.5299039748579069,0.5132166543412677,0.5268952822944678,0.5155868748664642,0.5169028088491175,0.5227002897415786,0.5107026674780668,260.5891126025354,263.4476411472339,257.7934374332321,2.196236366745592,2.2203279501680457,2.172674509478759,20967,0.23730516127340093,True,True
3.0,500.0,R3_T500,gatekeeper,500.0,0.5317914530220398,0.4893942456493172,0.5603106035588395,0.50327230248524,False,0.0,0.009263402104565416,0.009495401441710167,0.010783665118711587,0.008256355537825857,0.0017221898306161165,581.0,0.010850853242203853,0.0076728730004947555,0.010371398648802774,0.008185768071928837,-0.000231999337144751,0.0003044576429723391,-0.0008093447146627286,5.378836768576264,6.022200025868325,4.753103642411093,1118,0.0017221943150762997,True,0.002,0.3333333333333333,120690,0.0016570008285004142,0.006021513842201016,0.00045452706602107026,0.00778919456413656,0.010341816265602998,0.005862891905022673,200,0,0.48375984287309287,0.4997591623126504,0.46776052343353536,True,False,True,0.004258844974728644,0.004275416355953268,0.004885219059481054,0.003692094340910721,0.0013758987188339233,887.0,0.004919170954048169,0.0037042093134864937,0.0046698052063912305,0.0038467418530108957,-1.6571381224625074e-05,0.0006733373587833874,-0.0006727760511600481,2.1294224873643217,2.3349026031956153,1.923370926505448,3.0953071809264863,3.393991017433465,2.795792697655951,514,0.0013759038201351917,True,True
4.0,8.0,R4_T8,baseline,8.0,0.6276543776498402,0.6186873768730167,0.6336861722152144,0.621622583084466,False,0.15461766628123272,0.30511286511487606,0.30511286511487606,0.30968974087064255,0.30044716157905116,0.10563430935144424,10.0,0.31186919635174415,0.29842421566508104,0.3097967695882526,0.30049814293283666,0.0,0.0,0.0,2.8883879562021675,2.932728706185976,2.8447021287730188,12138,0.10563430873602501,True,0.125,0.25,39782,0.7713567839195979,0.809905383617071,0.727620039055609,0.5957767722473605,0.6171388159875132,0.5740454843559094,200,0,0.49841356784953544,0.5048960394493449,0.491931096249726,True,True,True,0.25104318536021314,0.25104318536021314,0.25571372011407273,0.24630761677486457,0.08414185792207718,15.0,0.2580128378237524,0.2439228048935981,0.2555329611115792,0.24613157019997847,0.0,0.0,0.0,2.008345482881705,2.0442636888926335,1.9690525615998278,2.983570817189531,3.0369304170061127,2.925197786125911,9987,0.08414185576352139,True,True
4.0,8.0,R4_T8,first_hop_cred,8.0,0.6246532160299265,0.6156163424447358,0.6307320116423917,0.6185744204174614,False,0.23203961590669148,0.3374390427831683,0.30511286511487606,0.30971847990612295,0.30048481093343493,0.10563430935144424,10.0,0.34446565645860655,0.32950939923255707,0.3423246196158449,0.33270929634108104,0.03232617766829219,0.03516689104813798,0.029208462733251877,3.1944076391545475,3.2406575449960813,3.149632920612046,13424,0.10563430873602501,True,0.125,0.25,39782,0.821608040201005,0.8560914305165853,0.7809757370954801,0.6334841628959276,0.6543840500139555,0.6120696599134916,200,0,0.5044161176795423,0.5107875864451527,0.49804464891393196,True,True,True,0.3133075260167915,0.25104318536021314,0.255530886978195,0.24632998456463187,0.08414185792207718,15.0,0.31979389616402004,0.306175279414761,0.3180110104300416,0.308765220623669,0.06226434065657835,0.06665503472621706,0.05806640435693566,2.506460208134332,2.5440880834403328,2.470121764989352,3.7235632988335152,3.779462760172579,3.6695794004287956,12464,0.08414185576352139,True,True
4.0,8.0,R4_T8,first_hop_content,8.0,0.6202613948567219,0.6121751580005537,0.6257007296730441,0.6148220600403997,False,0.18235634206425017,0.32327434518123777,0.30511286511487606,0.3099103475406867,0.3004034240642233,0.10563430935144424,10.0,0.3295504054228428,0.3174204863621947,0.3271287445335551,0.31910248230970484,0.01816148006636167,0.020464763221647836,0.015917060089906503,3.060315810738011,3.0968039498515005,3.020822364702801,25721,0.10563430873602501,True,0.125,0.25,79564,0.7525125628140703,0.7812318448301204,0.721367758587185,0.604323780794369,0.6194118300027657,0.5890344400418036,200,0,0.5001818678339948,0.5042389674186182,0.4961247682493713,True,True,True,0.29768488261022574,0.25104318536021314,0.25596769587644497,0.24668976457513886,0.08414185792207718,15.0,0.30431658052622507,0.2917464755373111,0.3017420502458127,0.2937772029129533,0.04664169725001257,0.050059493656682545,0.04329656650346223,2.381479060881806,2.4139364019665015,2.3502176233036263,3.537893001158208,3.586111186968009,3.491451433381822,23685,0.08414185576352139,True,True
4.0,8.0,R4_T8,cred_processor,8.0,0.6263967765430439,0.617595531661255,0.6323170727901138,0.620476480295974,False,0.14898697903574482,0.303856015283294,0.30511286511487606,0.309768900971795,0.3003805746618755,0.10563430935144424,10.0,0.31046046760685264,0.2977253453345896,0.308595229079894,0.2990911866230752,-0.0012568498315821226,0.0003801629545283874,-0.002809503452357647,2.8764898347810024,2.92135417718365,2.8313830061641196,12088,0.10563430873602501,True,0.125,0.25,39782,0.7311557788944724,0.7723509952616808,0.6855410314594911,0.5912518853695324,0.6126604008951815,0.5694915702981582,200,0,0.4978736386811584,0.5040580287249624,0.4916892486373544,True,True,True,0.2514705143029511,0.25104318536021314,0.2554658315986969,0.24607022363243097,0.08414185792207718,15.0,0.2585091747194395,0.24474762977455236,0.2561011659943259,0.2469206549665232,0.0004273289427379217,0.002066193806656074,-0.0012352029516504714,2.0117641144236087,2.0488093279546074,1.9753652397321857,2.9886494898532163,3.0436833567599453,2.934575815162523,10004,0.08414185576352139,True,True
4.0,8.0,R4_T8,content_server,8.0,0.6379225332240867,0.6306979499770347,0.6427822631439606,0.6330628033042127,False,0.27295007792468956,0.3426549695842341,0.30511286511487606,0.3095947203601891,0.30063061573563726,0.10563430935144424,9.0,0.34908590193880285,0.33656001863985924,0.3467744398374369,0.33860906900172927,0.037542104469358004,0.041567103662463974,0.033805987906736286,2.751398356615081,2.784476247469953,2.718911204226079,27263,0.1245384801369827,True,0.125,0.25,79564,0.7964824120603015,0.8229967759626364,0.7671201713333042,0.6772247360482655,0.6915766390890773,0.6625308799022994,200,0,0.5028277967875806,0.5070283944196613,0.4986271991554999,True,True,True,0.2990297119300186,0.25104318536021314,0.2558297933378078,0.24645525583675157,0.08414185792207718,12.0,0.30456302880721825,0.2931530564207549,0.30271479272539054,0.29516834401180914,0.04798652656980544,0.05266444864789049,0.043577543097716866,2.3922376954401487,2.4217183418031243,2.361346752094473,2.7787446310164703,2.812988380271053,2.7428627271686854,23792,0.10761323965946196,True,True
4.0,8.0,R4_T8,validator,8.0,0.7145504220036218,0.7077386281796911,0.719132482604512,0.7099683614027317,False,1.0,0.5349655623146147,0.30511286511487606,0.3097071522001623,0.3003695190739849,0.10563430935144424,4.0,0.5420692560183917,0.5274870679930924,0.539762227731241,0.5302471092248642,0.22985269719973858,0.23531538591276246,0.2239695583195006,2.1252264234137654,2.1442818557739036,2.106481700593498,21282,0.2517216784154678,True,0.125,0.25,39782,1.0,1.0000000000000002,0.990440362146883,0.9899446958270488,0.9934813294447664,0.9845191990836604,200,0,0.5023377819601389,0.5079272729685366,0.4967482909517412,True,True,True,0.4424111407169071,0.25104318536021314,0.2554663947164648,0.2463617444181049,0.08414185792207718,6.0,0.45079772879205793,0.4345753133910571,0.44790306225799237,0.43730013285469876,0.191367955356694,0.19776702342574018,0.1849854303235079,3.539289125735257,3.583224498063939,3.49840106283759,2.419734956164824,2.44977261414049,2.3917806773341006,17600,0.18283454540744817,True,True
4.0,8.0,R4_T8,gatekeeper,8.0,0.6277491928666069,0.6201897065135493,0.6328342006452663,0.6226641850879475,False,0.1514671627034002,0.30545640406884184,0.30511286511487606,0.3098355507519976,0.3006128788372085,0.10563431680202484,10.0,0.3120623798369721,0.29901244264374277,0.30975747231141915,0.3013010233656754,0.0003435389539657802,0.002541137138220832,-0.002041845304077644,2.8916401093906194,2.9323566937469905,2.8523026938019913,36455,0.10563430873602501,True,0.125,0.25,119346,0.7560771165129925,0.779598905675613,0.7309114843989821,0.5977878330819507,0.6101625316472876,0.5852873070477251,200,0,0.5051479352526652,0.508696159138309,0.5015997113670214,True,True,True,0.2500460844938247,0.25104318536021314,0.25542662735399224,0.2463863444685861,0.08414185792207718,15.0,0.255935824083083,0.24454902332007958,0.25365527042803643,0.24647261838000564,-0.0009971008663884839,0.0023199349353649145,-0.004269750537180962,2.0003686759505976,2.0292421634242914,1.9717809470400451,2.9717205809742664,3.01461464245486,2.9292510385403294,29842,0.08414185576352139,True,True
4.0,24.0,R4_T24,baseline,24.0,0.5725010157329655,0.5567578855033541,0.5830908806972225,0.5619111507687086,False,0.0004273289427379217,0.12779649087527023,0.12779649087527023,0.1320049988924973,0.12355012589829698,0.03579382970929146,28.0,0.13407535325299852,0.12166335118744669,0.1319770116825737,0.12372141285630579,0.0,0.0,0.0,3.570349718962835,3.6871441722944365,3.4565011026188883,5084,0.035793829998366195,True,0.041666666666666664,0.25,39782,0.24874371859296482,0.2934798014857938,0.20881147381728019,0.21769733534439417,0.2363683235471226,0.20011469670047963,200,0,0.49765754733696566,0.506028446879229,0.48928664779470227,True,True,True,0.08918606404906741,0.08918606404906741,0.0919558497884803,0.0863827738049719,0.028307093307375908,43.0,0.0935502707334516,0.08487267025048761,0.09206341308465253,0.08637159621935879,0.0,0.0,0.0,2.140465537177618,2.2095219140316606,2.072918309264611,3.15066123949073,3.252308869931249,3.051235002943527,3548,0.028307094057336158,True,True
4.0,24.0,R4_T24,first_hop_cred,24.0,0.5753986239852751,0.5622331078988637,0.5842546161232052,0.566542631847345,False,0.0006284249157910613,0.1458448544567895,0.12779649087527023,0.13202775142794815,0.12379496146253659,0.03579382970929146,28.0,0.1528241557079411,0.1392704021076911,0.15042004888789853,0.14163178339234206,0.01804836358151928,0.020201567626657126,0.016034103575590916,4.074580855511874,4.2024016120869,3.956877020391694,5802,0.035793829998366195,True,0.041666666666666664,0.25,39782,0.27889447236180903,0.324906098128241,0.23711022413846417,0.2473604826546003,0.26679767977137375,0.22889727601566118,200,0,0.49945685044165933,0.5074487673390071,0.4914649335443116,True,True,True,0.17022774118948267,0.08918606404906741,0.09206192753340546,0.08626136963870565,0.028307093307375908,43.0,0.17531835313583224,0.16466629941553484,0.17416496150807692,0.1664738667186397,0.08104167714041527,0.08501802639281948,0.07718017793606578,4.085465788547584,4.179959076193846,3.9953728012473526,6.013607078306432,6.152696605144453,5.880994579713695,6772,0.028307094057336158,True,True
4.0,24.0,R4_T24,first_hop_content,24.0,0.5688439964109355,0.5554392514522374,0.5778609096246694,0.5598270831972016,False,0.0007164044040018099,0.13841687195213917,0.12779649087527023,0.13204968966404018,0.12379714451650732,0.03579382970929146,28.0,0.14383765850216693,0.13301434370517648,0.14223932582813245,0.13444965294562913,0.010620381076868936,0.012072095350991298,0.0090784655908924,3.867059545135494,3.9738504047939256,3.756224269706988,11013,0.035793829998366195,True,0.041666666666666664,0.25,79564,0.27638190954773867,0.30846693144654075,0.2464448625421139,0.2290095525389643,0.24232501642851315,0.21621696162438894,200,0,0.4957257351417112,0.501819843639486,0.4896316266439365,True,True,True,0.16031119601829974,0.08918606404906741,0.09196940421500602,0.08635410097762909,0.028307093307375908,43.0,0.16433273891641764,0.15565559443675714,0.16325056753647996,0.15726310011731312,0.07112513196923231,0.07427683504745847,0.06807461206733817,3.8474687044391938,3.918013620875519,3.7743144028155147,5.66328693766971,5.767125626029119,5.555607361136256,12755,0.028307094057336158,True,True
4.0,24.0,R4_T24,cred_processor,24.0,0.5726423724074415,0.5571681757754026,0.583051334943712,0.5622334098711711,False,0.0006284249157910613,0.12767080589211202,0.12779649087527023,0.1320522343515671,0.12351761486066026,0.03579382970929146,28.0,0.1343553943858024,0.12128942419669513,0.1317479102274871,0.12345705981958237,-0.00012568498315821227,0.0006565319080431982,-0.0009115603307992699,3.5668383600732176,3.6807435871908853,3.449115666728527,5079,0.035793829998366195,True,0.041666666666666664,0.25,39782,0.2537688442211055,0.29873553351001114,0.21350991628700133,0.21468074409250879,0.23326645053979586,0.19719501694108435,200,0,0.5012902585281135,0.5100214544523989,0.4925590626038281,True,True,True,0.0895882559951737,0.08918606404906741,0.0919289023153338,0.08652071823282177,0.028307093307375908,43.0,0.09371579919869469,0.08482018179269028,0.09242929912111908,0.08674181279160809,0.00040219194610627924,0.001822577460105691,-0.0010531437828357627,2.1501181438841686,2.218303178906858,2.081803506998594,3.164869407425299,3.265234465039155,3.0643135821682055,3564,0.028307094057336158,True,True
4.0,24.0,R4_T24,content_server,24.0,0.5765175032533022,0.5655106665919921,0.5839214256135242,0.5691135808930802,False,0.0,0.14432406616057514,0.12779649087527023,0.13206909505441983,0.12353138419197744,0.03579382970929146,25.0,0.14970160185588016,0.13907778956872105,0.1481234043817801,0.14093190012671653,0.01652757528530491,0.019419329373798512,0.013550940218149447,3.429185071713918,3.5194585393146194,3.34858614297295,11483,0.04208698659954258,True,0.041666666666666664,0.25,79564,0.2650753768844221,0.2968125501494166,0.23559478398473194,0.23881347410759177,0.25231068741650586,0.22582021721889795,200,0,0.4965912871485515,0.5021908649232709,0.490991709373832,True,True,True,0.11047710019606857,0.08918606404906741,0.09210117266365701,0.08648169053947759,0.028307093307375908,35.0,0.11390999094413275,0.10663470135624598,0.11279970915920319,0.10796524039011925,0.021291036147001157,0.02504174965252287,0.017745705135347067,2.6514504047056455,2.7071930198208767,2.591165769362862,3.0424150579297424,3.1063770959501324,2.9732412645964104,8790,0.03631230390742425,True,True
4.0,24.0,R4_T24,validator,24.0,0.7145504220036218,0.7077386281796911,0.719132482604512,0.7099683614027317,False,1.0,0.5349655623146147,0.12779649087527023,0.13199855938859276,0.12349416899513253,0.03579382970929146,4.0,0.5420066428418175,0.5278093041635271,0.5395979601692726,0.530170988765375,0.40716907143934444,0.41347913860980134,0.4005662848198048,2.1252264234137654,2.1436292796310683,2.106179301292936,21282,0.2517216784154678,True,0.041666666666666664,0.25,39782,1.0,1.0000000000000002,0.990440362146883,0.9899446958270488,0.9934813294447664,0.9845191990836604,200,0,0.5084736447753081,0.5140039505495705,0.5029433390010457,True,True,True,0.4424111407169071,0.08918606404906741,0.09202486000413038,0.08632993641944864,0.028307093307375908,6.0,0.4505913267433245,0.43439279883189214,0.44797857475985514,0.4368349089917979,0.3532250766678397,0.35929110106910966,0.3470237304441906,10.617867377205771,10.751485794236523,10.484037815803148,2.419734956164824,2.4501856241747504,2.389236169884132,17600,0.18283454540744817,True,True
4.0,24.0,R4_T24,gatekeeper,24.0,0.5707084401362864,0.5572289521553326,0.5797756304233319,0.5616412498492409,False,0.00039381294722906504,0.1273691619325323,0.12779649087527023,0.13200227296088962,0.12336324614053343,0.03579382970929146,28.0,0.1324785123722632,0.12171323790787243,0.13092146981476413,0.12379169437136613,-0.0004273289427379217,0.0011106338522496083,-0.0020014011764688208,3.5584110987381363,3.657654680170857,3.4584646118344025,15201,0.035793829998366195,True,0.041666666666666664,0.25,119346,0.23805532271584243,0.2630392274443761,0.2147529267346388,0.20982068040891572,0.22033708560171833,0.199677660412995,200,0,0.4995545917047884,0.5047906414339414,0.4943185419756354,True,True,True,0.08921958004457628,0.08918606404906741,0.09201341109291636,0.0864606419263757,0.028307093307375908,43.0,0.09210771437412416,0.08639642882014612,0.09111925492387729,0.08741825286772727,3.3515995508856604e-05,0.0024585748519175056,-0.002404233951781959,2.1412699210698305,2.186862118173055,2.0980380688254545,3.1518452534852774,3.218954751742259,3.088210068142677,10648,0.028307094057336158,True,True
4.0,40.0,R4_T40,baseline,40.0,0.5562547425032247,0.5376956702401056,0.5687387953098672,0.5437706896965823,False,2.5136996631642453e-05,0.08679804936906138,0.08679804936906138,0.0905174376212339,0.08311971477266344,0.021465538069605827,47.0,0.09193276891381905,0.08078646982600417,0.09031493070954624,0.0832214714848364,0.0,0.0,0.0,4.043600097443205,4.207438591907687,3.87698056179359,3453,0.021465537461022508,True,0.025,0.25,39782,0.1658291457286432,0.20552833258875558,0.13251906356433274,0.13172448466566114,0.14729954169187298,0.11756922470415306,200,0,0.4964058355360486,0.507066338859071,0.4857453322130261,True,True,True,0.0535920768186617,0.0535920768186617,0.056158754014971994,0.05115591499129023,0.017024314031004906,72.0,0.05724202227591994,0.05015150601928413,0.05592086058620933,0.05120061114808688,0.0,0.0,0.0,2.143683072746468,2.2368344234483732,2.0480244459234753,3.1479729019954052,3.28476454415647,3.0074993548982283,2132,0.017024313260349637,True,True
4.0,40.0,R4_T40,first_hop_cred,40.0,0.5606466684108363,0.5443292025061068,0.5716228693295666,0.549670467492106,False,0.0,0.09888894474888141,0.08679804936906138,0.09022551260355627,0.0831942168088799,0.021465538069605827,47.0,0.10435159572497359,0.09361529470031442,0.10240076700707289,0.09540730867841511,0.012090895379820018,0.01409438385481472,0.010216639874762614,4.606870195001902,4.770473005533356,4.444673647312924,3934,0.021465537461022508,True,0.025,0.25,39782,0.20100502512562815,0.24315028873350558,0.16457632887715246,0.1493212669683258,0.165659713434104,0.13433477743446684,200,0,0.500803475772473,0.5112496183902416,0.4903573331547043,True,True,True,0.13485998692876175,0.0535920768186617,0.056097573252372177,0.051161884611734716,0.017024314031004906,72.0,0.13932928672330355,0.1301346809347022,0.1382782481384075,0.1316213596457004,0.08126791011010004,0.08457514805867354,0.07797382096325928,5.39439947715047,5.5311299255363,5.264854385828016,7.921610984617893,8.122398009467057,7.731375570505523,5365,0.017024313260349637,True,True
4.0,40.0,R4_T40,first_hop_content,40.0,0.5582984784925136,0.542792078640982,0.5687291030325194,0.5478678539525077,False,0.00013825348147403349,0.09221507214318034,0.08679804936906138,0.09072904968853325,0.08324030862919761,0.021465538069605827,47.0,0.09673948388432904,0.08728908663702506,0.09549422443461876,0.0889404178342742,0.005417022774118948,0.006846305383356971,0.003980662593846087,4.295959153625948,4.448722730936452,4.1434051206858316,7337,0.021465537461022508,True,0.025,0.25,79564,0.15829145728643215,0.18528201387343296,0.13458319941260127,0.13524384112619406,0.14622369675254146,0.12496777834463932,200,0,0.5001803532360066,0.5071159953565573,0.493244711115456,True,True,True,0.12521994872052686,0.0535920768186617,0.05597770567235498,0.05129799231763965,0.017024314031004906,72.0,0.1292265926117621,0.12125754558719372,0.12796758303223976,0.12252979649181055,0.07162787190186516,0.07437611949079197,0.06892583155311409,5.0087979488210745,5.1187033212895905,4.901191859672422,7.355359761393109,7.516754483734848,7.197341509051514,9963,0.017024313260349637,True,True
4.0,40.0,R4_T40,cred_processor,40.0,0.556376363313873,0.5376323929529212,0.568984790743582,0.5437679358841639,False,2.5136996631642453e-05,0.08664722738927153,0.08679804936906138,0.09030687650570572,0.08323712258079101,0.021465538069605827,47.0,0.09147868981506556,0.08142303463326088,0.09032266779081126,0.08315981323175849,-0.0001508219797898547,0.0004018048616985546,-0.0006754964925594082,4.036573859220019,4.207799033908222,3.874108131825793,3447,0.021465537461022508,True,0.025,0.25,39782,0.16331658291457288,0.2028205372168675,0.13024977168925161,0.13021618903971846,0.14572193976032194,0.11613605025234312,200,0,0.500678033588817,0.5108059552604021,0.49055011191723197,True,True,True,0.053843446784978134,0.0535920768186617,0.05609493949980234,0.051280587511539896,0.017024314031004906,72.0,0.057116859412063965,0.050851944139944594,0.056213445973607015,0.0514428251545889,0.00025136996631642454,0.001359559404146776,-0.0008994626846644621,2.1537378713991253,2.2485378389442805,2.057713006183556,3.1627382533180857,3.301950869556105,3.0217268895304854,2142,0.017024313260349637,True,True
4.0,40.0,R4_T40,content_server,40.0,0.5608892818587452,0.5472632960278037,0.570055016236216,0.5517235474812744,False,0.0,0.09559599819013624,0.08679804936906138,0.09035498613949526,0.08297213808385785,0.021465538069605827,41.0,0.10024035580553342,0.09117612577627857,0.09877343949343816,0.09260927101341411,0.008797948821074857,0.011215825289516307,0.006258190634290951,3.7871301003508933,3.91300758298253,3.668807946634761,7606,0.0252423327577996,True,0.025,0.25,79564,0.13819095477386933,0.16390784819354365,0.1159494364622573,0.1412770236299648,0.15244716761593177,0.1307990315320193,200,0,0.5033364656203716,0.5097670626587064,0.4969058685820368,True,True,True,0.06818410336333015,0.0535920768186617,0.05594491851833269,0.05119149340729457,0.017024314031004906,57.0,0.0704470497998994,0.06580024884522197,0.06985576413874334,0.06657888900878847,0.014592026544668443,0.017269730112101582,0.011913617543804447,2.727364134533206,2.7942305655497335,2.663155560351539,3.1211727310519723,3.1976941161024777,3.0476929751594404,5425,0.02184566803528016,True,True
4.0,40.0,R4_T40,validator,40.0,0.7145504220036218,0.7077386281796911,0.719132482604512,0.7099683614027317,False,1.0,0.5349655623146147,0.08679804936906138,0.09032746827198208,0.0830353766809997,0.021465538069605827,4.0,0.5423189182727919,0.5274041152893998,0.5396129441916832,0.5303069979413227,0.4481675129455533,0.45383705002342395,0.44249327151177836,2.1252264234137654,2.143688805781159,2.1067196169971845,21282,0.2517216784154678,True,0.025,0.25,39782,1.0,1.0000000000000002,0.990440362146883,0.9899446958270488,0.9934813294447664,0.9845191990836604,200,0,0.5031831785267084,0.5086892826910391,0.4976770743623776,True,True,True,0.4424111407169071,0.0535920768186617,0.05601845462453837,0.05126189240620272,0.017024314031004906,6.0,0.4506236280266946,0.4345088518788202,0.44776745973801885,0.4372458795689706,0.38881906389824544,0.39482576371828443,0.38269890138987883,17.696445628676287,17.910698389520753,17.489835182758824,2.419734956164824,2.449030946204207,2.391483943007405,17600,0.18283454540744817,True,True
4.0,40.0,R4_T40,gatekeeper,40.0,0.5499355068144822,0.5341195697081276,0.5605743464732208,0.5392966671557436,False,0.0,0.0860355604712349,0.08679804936906138,0.09055925902999754,0.08317644926134456,0.021465538069605827,47.0,0.09061925288374877,0.08133429534452637,0.08924951372045917,0.08263906655250733,-0.0007624888978264877,0.0005048140828425516,-0.0020339661460604674,4.008078559759324,4.157804754831784,3.8498484700215294,10268,0.021465537461022508,True,0.025,0.25,119346,0.14501257334450965,0.1661330783637779,0.12617084897962305,0.12401541813306519,0.13262100880991148,0.11589362167464481,200,0,0.4984700694127002,0.5045192518430753,0.49242088698232506,True,True,True,0.0546562096760679,0.0535920768186617,0.05589371491500328,0.05129420692901766,0.017024314031004906,72.0,0.05703554726294682,0.052155422393283565,0.056192578404187614,0.05305256912462998,0.001064132857406197,0.003380625592767225,-0.001250897646995795,2.186248387042716,2.2477031361675044,2.122102764985199,3.210479164029705,3.300724715617138,3.1162820982708825,6523,0.01702431533848204,True,True
4.0,50.0,R4_T50,baseline,50.0,0.5589201816451774,0.5376842465847951,0.5732048684513749,0.54463549483898,False,0.00017595897642149716,0.07136393343723292,0.07136393343723292,0.0744315545381764,0.06832151489522474,0.017177212983369827,59.0,0.07654413816680017,0.06686054502734608,0.07437874538123718,0.06832888003564144,0.0,0.0,0.0,4.154570255007633,4.330082554060182,3.977879565785716,2839,0.017177211855116843,True,0.02,0.25,39782,0.12562814070351758,0.16180904683327513,0.09660495336830505,0.09904474610356963,0.11295571755425185,0.08667956053561948,200,0,0.5000485406451912,0.5112939109151686,0.4888031703752138,True,True,True,0.04326077120305666,0.04326077120305666,0.04537594866263829,0.041255742711323186,0.013629233464598656,90.0,0.04600385967196354,0.04050339733484715,0.04528384819664587,0.04129251350268169,0.0,0.0,0.0,2.163038560152833,2.2641924098322934,2.0646256751340846,3.174116234894494,3.3225528288620865,3.029701825546774,1721,0.013629233462678983,True,True
4.0,50.0,R4_T50,first_hop_cred,50.0,0.5629380619807287,0.5442721260861824,0.5754939982952821,0.5503821256661753,False,0.00022623296968478205,0.08164496505957468,0.07136393343723292,0.07456625437946961,0.06851674562797144,0.017177212983369827,59.0,0.08629512149661565,0.07704628361114871,0.0849118506302157,0.07848085037158181,0.010281031622341763,0.011979147102873988,0.008597203623121408,4.753097635880518,4.943284820983429,4.568893428895068,3248,0.017177211855116843,True,0.02,0.25,39782,0.14824120603015076,0.18650894267976315,0.1166988427445404,0.11362493715434892,0.12832302295029352,0.10041642684540068,200,0,0.508489826839214,0.5182899644916503,0.49868968918677764,True,True,True,0.12060730983862049,0.04326077120305666,0.04526696473350205,0.04131174326702536,0.013629233464598656,90.0,0.1252157152746366,0.1159857777176766,0.1239806911755923,0.1172658898219728,0.07734653863556382,0.08074162386344365,0.07416038350162688,6.030365491931025,6.199034558779615,5.86329449109864,8.849163099955714,9.096673816256022,8.603997439994167,4798,0.013629233462678983,True,True
4.0,50.0,R4_T50,first_hop_content,50.0,0.5618369577647999,0.5434279388338322,0.5742200748298367,0.5494538406997631,False,0.0,0.07601427781408678,0.07136393343723292,0.07444215734427731,0.06844282431170175,0.017177212983369827,59.0,0.08016722909058237,0.07168568465411675,0.07904423539842587,0.07325363763485655,0.0046503443768538535,0.005915614226071615,0.003485135985397698,4.425297798923242,4.601691826655776,4.264582532527556,6048,0.017177211855116843,True,0.02,0.25,79564,0.12939698492462312,0.15450536953876165,0.1078484463413123,0.10809451985922575,0.11812424246707154,0.09882097440164303,200,0,0.5008964480359313,0.5078228017934763,0.49397009427838623,True,True,True,0.11217384746870444,0.04326077120305666,0.045324131973885136,0.041272588028894414,0.013629232533276081,90.0,0.11539291397220741,0.108929300588264,0.1145334340763128,0.10978927538004302,0.06891307626564779,0.0712069299145818,0.0665315720767708,5.608692373435222,5.72667170381564,5.489463769002151,8.230385646842928,8.403512522545046,8.055425543973525,8925,0.013629233462678983,True,True
4.0,50.0,R4_T50,cred_processor,50.0,0.5581084515168913,0.5363522125600186,0.5727431289490854,0.5434737740846971,False,0.00017595897642149716,0.07133879644060127,0.07136393343723292,0.07440549518703589,0.06828688045115003,0.017177212983369827,59.0,0.07570638349955451,0.0671000779010394,0.07440327669490446,0.06828284501312813,-2.5136996631642453e-05,0.0005033008468268717,-0.00055447845323361,4.153106862878359,4.3315106853468075,3.9751995602701764,2838,0.017177211855116843,True,0.02,0.25,39782,0.12311557788944724,0.15904524695948455,0.09439166599512636,0.0955253896430367,0.10923393324088669,0.08337619995447566,200,0,0.5004845581190861,0.5119436356165092,0.48902548062166296,True,True,True,0.0432859081996883,0.04326077120305666,0.045217458297634,0.04123232932199997,0.013629233464598656,90.0,0.04601692423381031,0.040288139854988976,0.045144943944391766,0.04122475256803924,2.5136996631642453e-05,0.0010254916296156982,-0.0009102005049815566,2.164295409984415,2.257247197219588,2.061237628401962,3.1759605790170355,3.31236118803104,3.0247300907219206,1722,0.013629233462678983,True,True
4.0,50.0,R4_T50,content_server,50.0,0.5629357882719536,0.5482778028963383,0.5727957134273621,0.553075863116545,False,0.0,0.07891760092504148,0.07136393343723292,0.07426550421802884,0.06837702897426681,0.017177212983369827,51.0,0.08282606112114974,0.07490118401508734,0.08181400980817576,0.07596937645567624,0.007553667487808557,0.009600302559927663,0.005498934196488566,3.9076768112202815,4.051095132301616,3.761692794243466,6279,0.0201955291436697,True,0.02,0.25,79564,0.10050251256281408,0.12334633115188676,0.08149608732222682,0.10633484162895927,0.11629699239162082,0.09713226329561907,200,0,0.5015993710313978,0.5088945259498471,0.4943042161129486,True,True,True,0.05449700869740083,0.04326077120305666,0.045183163950046915,0.04116140118514427,0.013629232533276081,72.0,0.0568267343776636,0.0521027611757943,0.056149282505556335,0.052855610305224975,0.011236237494344176,0.013951143177828076,0.008610067980015129,2.7248504348700417,2.8074641252778165,2.642780515261249,3.1163490638348317,3.210832450323709,3.0224875755605,4336,0.017487453292648607,True,True
4.0,50.0,R4_T50,validator,50.0,0.7145504220036218,0.7077386281796911,0.719132482604512,0.7099683614027317,False,1.0,0.5349655623146147,0.07136393343723292,0.07443601414212685,0.06823355635842993,0.017177212983369827,4.0,0.5419044910595412,0.5282738091913116,0.5396580970255721,0.5302361774290585,0.4636016288773817,0.4694926950439804,0.4579735266498925,2.1252264234137654,2.1438681818053986,2.106438272487208,21282,0.2517216784154678,True,0.02,0.25,39782,1.0,1.0000000000000002,0.990440362146883,0.9899446958270488,0.9934813294447664,0.9845191990836604,200,0,0.5051574989141947,0.5106421444616328,0.49967285336675654,True,True,True,0.4424111407169071,0.04326077120305666,0.045287074862237445,0.04130540666652151,0.013629233464598656,6.0,0.45016469025093,0.4347835382417823,0.4480864324164222,0.4371151089711472,0.39915036951385047,0.4051028877070979,0.3935117190697381,22.120557035845355,22.40432162082111,21.85575544855736,2.419734956164824,2.450775543636232,2.3907687029113283,17600,0.18283454540744817,True,True
4.0,50.0,R4_T50,gatekeeper,50.0,0.5541901251477596,0.536729080169331,0.5659355725752715,0.5424446777202476,False,0.0,0.06936973170445596,0.07136393343723292,0.07436390640417123,0.06835067634718581,0.01717720925807953,59.0,0.07298786888878232,0.06493806734077778,0.07201118257014684,0.06659571415245054,-0.0019942017327769677,-0.0008380427864849656,-0.00320346917438944,4.0384731765385355,4.192249588903583,3.8769791762049386,8279,0.017177217396777234,True,0.02,0.25,119346,0.11316010058675607,0.13239192146721157,0.09641153182435754,0.09351432880844646,0.10116546784091188,0.08638623095128395,200,0,0.49331615101732895,0.5000841783059147,0.4865481237287433,True,True,True,0.043311045196319946,0.04326077120305666,0.04525529826457075,0.04117263388151219,0.013629233464598656,90.0,0.045370671219539783,0.041451579220539984,0.04474766763742705,0.04191377999485996,5.0273993263284905e-05,0.002042961553633722,-0.0018342741299450485,2.165552259815997,2.237383381871352,2.0956889997429977,3.1778040822565132,3.283211482085307,3.075284389160494,5169,0.013629237069129005,True,True
4.0,100.0,R4_T100,baseline,100.0,0.5376535107911794,0.508641423640579,0.5571689490029673,0.5181380725793915,False,0.0,0.03722789201146247,0.03722789201146247,0.040011921023081765,0.03467960556288827,0.008596107363700867,117.0,0.04115397878918038,0.0333353585121793,0.039920836178939254,0.03456758780405458,0.0,0.0,0.0,4.330784897546046,4.6440597380030955,4.021307119949267,1481,0.008596107378262292,True,0.01,0.25,39782,0.0728643216080402,0.10268618226022182,0.05120898575500389,0.05228758169934641,0.06296211585934192,0.04333909434633886,200,0,0.5107766881759874,0.5271123445890568,0.4944410317629181,True,True,True,0.0211402141672113,0.0211402141672113,0.022468468918728578,0.019710631257324217,0.006824140902608633,178.0,0.023119174248263197,0.01917123591822331,0.022463283066934403,0.01982459747712231,0.0,0.0,0.0,2.11402141672113,2.2463283066934405,1.982459747712231,3.097857318780348,3.291737978731985,2.9050686951710825,841,0.00682414068558018,True,True
4.0,100.0,R4_T100,first_hop_cred,100.0,0.5400419422711094,0.5161440419367453,0.5561172420227543,0.5239666425194645,False,0.0,0.043864059122216074,0.03722789201146247,0.03998766494884096,0.03463597594429777,0.008596107363700867,117.0,0.047693757852354746,0.03987201111545919,0.04643039806694828,0.04117340666869968,0.006636167110753607,0.00804859244891639,0.005235901972867893,5.102781665238251,5.401328301733501,4.789773423819528,1745,0.008596107378262292,True,0.01,0.25,39782,0.08040201005025126,0.11130012143910259,0.05752630831703093,0.06737053795877325,0.07924132381374448,0.057167650225546165,200,0,0.4990162948713863,0.5120662148782118,0.48596637486456085,True,True,True,0.08606907646674375,0.0211402141672113,0.022478224254472625,0.01980420410342191,0.006824140902608633,178.0,0.09014192764131344,0.08171224051218888,0.08895395353424457,0.08310087730507934,0.06492886229953246,0.06791723935582847,0.06181278774267592,8.606907646674374,8.895395353424457,8.310087730507934,12.612441687876233,13.03518752510622,12.177485947890332,3424,0.00682414068558018,True,True
4.0,100.0,R4_T100,first_hop_content,100.0,0.5408957279602271,0.5165643966347246,0.5572625819072916,0.5245288740131626,False,1.2568498315821226e-05,0.04160172942536826,0.03722789201146247,0.039934631210435584,0.034722741504046944,0.008596107363700867,117.0,0.04537595525007229,0.03804063384728227,0.04420180664326002,0.039229883954081085,0.004373837413905787,0.005547797325284814,0.003318050662937459,4.8396009489795455,5.142072416991543,4.563680073760483,3310,0.008596107378262292,True,0.01,0.25,79564,0.08542713567839195,0.10689134945110118,0.06794512255033744,0.06083459024635495,0.06869459955561043,0.05382194558207033,200,0,0.4972658855913022,0.5069028610962636,0.48762891008634085,True,True,True,0.07920667638630537,0.0211402141672113,0.022486331272023822,0.019783420323633307,0.006824140902608633,178.0,0.08217102441664065,0.07624207678961484,0.08122221041623233,0.077226165171697,0.05806646221909406,0.06032507557184111,0.055995334706658906,7.920667638630537,8.122221041623233,7.7226165171697,11.606835209841709,11.902188738262643,11.316613875631337,6302,0.00682414068558018,True,True
4.0,100.0,R4_T100,cred_processor,100.0,0.5423981604606933,0.5132750968429229,0.5619882487442522,0.5228080721771344,False,0.0,0.036901111055251117,0.03722789201146247,0.039859307885889005,0.03452545259700414,0.008596107363700867,117.0,0.04072077767221771,0.033077116573629176,0.03948398186033947,0.03418887961091471,-0.0003267809562113519,-2.5196453608902468e-05,-0.0006312932129658259,4.2927699051975665,4.5932397215262775,3.977251342551984,1468,0.008596107378262292,True,0.01,0.25,39782,0.07035175879396985,0.09979859274778868,0.04911948802046778,0.05178481649069885,0.06241605704020496,0.04288156103768882,200,0,0.49444975968687827,0.5099935185993333,0.4789060007744233,True,True,True,0.02164295409984415,0.0211402141672113,0.0225068109541289,0.019714449144993814,0.006824140902608633,178.0,0.023769706727716444,0.01968108839914178,0.023039695578254846,0.02025968317154296,0.0005027399326328491,0.0012059682934044942,-0.00015103591805722545,2.164295409984415,2.3039695578254844,2.025968317154296,3.1715281230319614,3.3762046592824664,2.968825542291778,861,0.00682414068558018,True,True
4.0,100.0,R4_T100,content_server,100.0,0.5417720208830118,0.5194650635484285,0.5567771477219142,0.5267668940441094,False,0.0,0.043336182192951586,0.03722789201146247,0.03997046215082186,0.034441348594375684,0.008596107363700867,101.0,0.04656980597823271,0.04022176953168239,0.04550548309353041,0.04119918278118705,0.006108290181489116,0.00780348393166528,0.004377400549262156,4.288000745557909,4.502647338965815,4.076550299136407,3448,0.010106384015405097,True,0.01,0.25,79564,0.05778894472361809,0.07622286933654367,0.04360270079832421,0.05404725992961287,0.0615137366663546,0.04744124391420961,200,0,0.4960491197249429,0.5055933560220636,0.4865048834278223,True,True,True,0.027135387863858027,0.0211402141672113,0.02244111575151527,0.019828216839682576,0.006824140902608633,143.0,0.028806244845988618,0.025569648283507312,0.028305422646405294,0.026017137434709944,0.005995173696646725,0.007674316919060425,0.004246934844964145,2.713538786385803,2.8305422646405294,2.6017137434709943,3.097883611300493,3.2314594273415236,2.970219702637458,2159,0.00875933097191685,True,True
4.0,100.0,R4_T100,validator,100.0,0.7145504220036218,0.7077386281796911,0.719132482604512,0.7099683614027317,False,1.0,0.5349655623146147,0.03722789201146247,0.03984947838077703,0.03455911258954622,0.008596107363700867,4.0,0.542057648076131,0.5282449009973231,0.5397505436012977,0.5303852236673098,0.4977376703031522,0.502843132751375,0.49268504202147,2.1252264234137654,2.1442354389137552,2.107030379766921,21282,0.2517216784154678,True,0.01,0.25,39782,1.0,1.0000000000000002,0.990440362146883,0.9899446958270488,0.9934813294447664,0.9845191990836604,200,0,0.49838439158075465,0.504593503268465,0.4921752798930444,True,True,True,0.4424111407169071,0.0211402141672113,0.022446574452935155,0.019765644572446516,0.006824140902608633,6.0,0.4506294817410103,0.4350615153273932,0.44770171925590124,0.43722686215480355,0.42127092654969583,0.42662672428341364,0.4156267917300071,44.24111407169071,44.77017192559013,43.72268621548036,2.419734956164824,2.4486713835079392,2.3913799286696076,17600,0.18283454540744817,True,True
4.0,100.0,R4_T100,gatekeeper,100.0,0.5314765924674385,0.5063348998163574,0.5483885487470742,0.5145646361878028,False,0.0,0.03757980996430547,0.03722789201146247,0.039858602804229044,0.034709779844457,0.008596107363700867,117.0,0.041097994501308174,0.03401966692047287,0.03999719138044554,0.035294457137857144,0.0003519179528429943,0.0014152944414430552,-0.0007516142464295104,4.371723800638285,4.652941930325427,4.105864783423194,4485,0.008596108006370097,True,0.01,0.25,119346,0.057837384744341996,0.07255754900950095,0.0459556072446761,0.05077928607340372,0.056644539489513555,0.045492062700748646,200,0,0.5043827381410464,0.5127864146597566,0.49597906162233624,True,True,True,0.021349689139141655,0.0211402141672113,0.022422926392980175,0.019767181445961915,0.006824140902608633,178.0,0.022661917930706453,0.020076174967904,0.022203279606344304,0.020497263632995866,0.00020947497193035377,0.0016537786689323581,-0.0012178950161792742,2.1349689139141654,2.2203279606344304,2.0497263632995866,3.128553023283172,3.2536369539862453,3.00363980431331,2548,0.006824141697536845,True,True
4.0,200.0,R4_T200,baseline,200.0,0.5196989141674874,0.48032196019175805,0.5461864435993662,0.49321138473560855,False,0.0,0.020285556281735458,0.020285556281735458,0.02228175149588163,0.018422149608813703,0.004302521236240864,233.0,0.02325825566631721,0.017650679610915643,0.02219188477538102,0.018431010305791168,0.0,0.0,0.0,4.714806712934906,5.15787912633437,4.283769688591568,807,0.004302521294474861,True,0.005,0.25,39782,0.03015075376884422,0.051954600930083195,0.017330083886665085,0.03167420814479638,0.04031887760939885,0.024835055357015114,200,0,0.4895214658778663,0.5110318501786557,0.46801108157707694,True,False,True,0.011311648484239102,0.011311648484239102,0.012305758627604206,0.010283713474086393,0.003415897488594055,356.0,0.01286797842035773,0.00989416376599751,0.012307618442830005,0.010309446058194059,0.0,0.0,0.0,2.2623296968478206,2.461523688566001,2.0618892116388117,3.311472248612562,3.603041322998224,3.0180786264570916,450,0.003415897110108185,True,True
4.0,200.0,R4_T200,first_hop_cred,200.0,0.527489682857844,0.49524220160059906,0.549181459967666,0.5057979057480221,False,0.0,0.02377959881353376,0.020285556281735458,0.022197940654074103,0.018448188854396953,0.004302521236240864,233.0,0.026835907922491766,0.021004676397006414,0.025832022931496855,0.021741691009388584,0.003494042531798301,0.004492036188407063,0.002579852414150051,5.526898575509816,6.003926805584759,5.053244254086193,946,0.004302521294474861,True,0.005,0.25,39782,0.04020100502512563,0.06429875140530901,0.024894282399316323,0.03569632981397687,0.04478609387709028,0.028396576111619644,200,0,0.5045123070789139,0.5229609089100762,0.4860637052477517,True,False,True,0.05618118747172088,0.011311648484239102,0.012348282551345943,0.010288592900694955,0.003415897488594055,356.0,0.059646185710654526,0.052924639480475995,0.058543493642510144,0.05397244563664737,0.04486953898748178,0.047220686262384626,0.04254597231670222,11.236237494344175,11.708698728502029,10.794489127329474,16.446978834775724,17.13854128371449,15.800372170734969,2235,0.003415897110108185,True,True
4.0,200.0,R4_T200,first_hop_content,200.0,0.5176355596044715,0.4844420688749054,0.5399636849132016,0.4953074342957414,False,0.0,0.02243476949374089,0.020285556281735458,0.02217829288860654,0.018410222933152042,0.004302521236240864,233.0,0.025159022420963236,0.019842913702926936,0.024383946418326054,0.020535884605763943,0.0021492132120054298,0.0028220667048586274,0.0014517416771992633,5.214330844230984,5.667362169628078,4.77298848750275,1785,0.004302521294474861,True,0.005,0.25,79564,0.0414572864321608,0.05764904215571247,0.029670085967090882,0.033182503770739065,0.039214368061490285,0.028051358510160065,200,0,0.49245113543173735,0.5078468253954331,0.4770554454680415,True,False,True,0.05099039766728671,0.011311648484239102,0.012326024561517228,0.01029081224533277,0.0034158972557634115,356.0,0.053335265050943326,0.048738228584211764,0.0527373446707508,0.049345689367385565,0.03967874918304761,0.04147116302594816,0.037942317275154035,10.198079533457342,10.54746893415016,9.869137873477113,14.927381014023515,15.438797765510143,14.445894526905915,4057,0.003415897110108185,True,True
4.0,200.0,R4_T200,cred_processor,200.0,0.5237734894901938,0.48483457086149023,0.549966367534012,0.49758061144637555,False,0.0,0.020059323312050677,0.020285556281735458,0.022154473989740298,0.01849289887187752,0.004302521236240864,233.0,0.023019434211321552,0.01741405397707743,0.021998605191930864,0.01817488421162017,-0.00022623296968478205,-2.5136396929311967e-05,-0.0004301627720972271,4.662225225430056,5.112956726136524,4.224240385505979,798,0.004302521294474861,True,0.005,0.25,39782,0.032663316582914576,0.05507551059899171,0.01918626146472584,0.03167420814479638,0.04031887760939885,0.024835055357015114,200,0,0.49096424174020104,0.5130100057470461,0.46891847773335593,True,False,True,0.011462470464028958,0.011311648484239102,0.01235411231243395,0.010360425707018726,0.003415897488594055,356.0,0.013205854214252974,0.00988228485926313,0.012508858342804352,0.010388066384862782,0.0001508219797898547,0.0005068048048343487,-0.00022446103373571332,2.2924940928057915,2.5017716685608704,2.0776132769725564,3.3556252119273964,3.661954075194081,3.0410946378106165,456,0.003415897110108185,True,True
4.0,200.0,R4_T200,content_server,200.0,0.5348782392669748,0.5093011451706437,0.5520830751990805,0.517673403334869,False,0.0,0.02278668744658388,0.020285556281735458,0.022228070931905746,0.018319030431000086,0.004302521236240864,203.0,0.025307522548391238,0.020607221348368284,0.024474026063832383,0.021271227913886883,0.0025011311648484237,0.0037814070711612515,0.0012454660011097548,4.504624015349485,4.838188342112728,4.205037889841776,1813,0.005058510403740324,True,0.005,0.25,79564,0.01507537688442211,0.02616428682995056,0.008644434965671596,0.02865761689291101,0.03431443193362563,0.023910251599947016,200,0,0.5101591867338564,0.5240899501181968,0.49622842334951606,True,True,True,0.013134080740033182,0.011311648484239102,0.012347602933988892,0.010314179987501811,0.0034158972557634115,287.0,0.01422347308617601,0.012036831371387537,0.01390910147055991,0.012398403752567453,0.0018224322557940777,0.0030799866142829915,0.0006147249426298277,2.6268161480066365,2.781820294111982,2.4796807505134906,2.9952252394588212,3.171968606514718,2.827454207396412,1045,0.004385006031268037,True,True
4.0,200.0,R4_T200,validator,200.0,0.7145504220036218,0.7077386281796911,0.719132482604512,0.7099683614027317,False,1.0,0.5349655623146147,0.020285556281735458,0.022131322356169388,0.01831637062294785,0.004302521236240864,4.0,0.5412791857951345,0.5274613274124574,0.5397078724076373,0.5304957629481608,0.5146800060328792,0.5194956232769931,0.5097786710520714,2.1252264234137654,2.144065921556613,2.1074695127075036,21282,0.2517216784154678,True,0.005,0.25,39782,1.0,1.0000000000000002,0.990440362146883,0.9899446958270488,0.9934813294447664,0.9845191990836604,200,0,0.5027778137596293,0.5088798290670868,0.49667579845217164,True,True,True,0.4424111407169071,0.011311648484239102,0.012289624813541577,0.010266637888698445,0.003415897488594055,6.0,0.4510914133789556,0.43481341822235986,0.44762846047652893,0.43699157792339954,0.431099492232668,0.4368330285515419,0.4257124184498861,88.48222814338142,89.52569209530579,87.3983155846799,2.419734956164824,2.448270700041863,2.3900930589980165,17600,0.18283454540744817,True,True
4.0,200.0,R4_T200,gatekeeper,200.0,0.5154764149684665,0.48188782906895034,0.538070307277582,0.49288252265935106,False,0.0,0.020151492299700032,0.020285556281735458,0.022177384329256353,0.018416946626727743,0.0043025207705795765,233.0,0.022889901739888245,0.017244429674117212,0.021846331225814086,0.018412749136175414,-0.00013406398203542641,0.0006167559258413976,-0.0008933403620240382,4.683647138236372,5.0775647383827325,4.279525233969691,2405,0.004302521454954884,True,0.005,0.25,119346,0.027661357921207042,0.038591554476128005,0.01976325793947155,0.027316909669850845,0.031766772345938984,0.02347526700404592,200,0,0.5049952264607518,0.5163454008404752,0.4936450520810284,True,False,True,0.01110217351230875,0.011311648484239102,0.012398461751705477,0.01027716059410255,0.003415897022932768,356.0,0.01198703873175554,0.010052284784987379,0.011758259791584718,0.010484817459113968,-0.00020947497193035377,0.000889401245361421,-0.0012884974889329308,2.2204347024617497,2.3516519583169435,2.0969634918227937,3.2501479123913875,3.4422163797571064,3.069417672022811,1325,0.0034158979257470205,True,True
4.0,500.0,R4_T500,baseline,500.0,0.5171360627147699,0.45559252185465593,0.5585342965872799,0.47573782884225985,False,0.0,0.008772811824443215,0.008772811824443215,0.009935558938639608,0.007633759694037578,0.001721855835057795,581.0,0.010350024530236627,0.007207037550160902,0.009923296120745767,0.007691507267274386,0.0,0.0,0.0,5.094974560524604,5.763139835153252,4.466986713389383,349,0.0017218558640928567,True,0.002,0.25,39782,0.010050251256281407,0.02555289389153859,0.003915092949455606,0.012066365007541479,0.017891944092711387,0.008121895890009766,200,0,0.5178519772793677,0.5489557384306405,0.4867482161280949,True,False,True,0.004223015434115932,0.004223015434115932,0.004845158401814177,0.003603337198396351,0.0013673153007403016,887.0,0.005029069880058357,0.003368410536951284,0.004842505501151889,0.0036441110896151124,0.0,0.0,0.0,2.111507717057966,2.4212527505759445,1.8220555448075562,3.088545602245228,3.541616009405379,2.6651579790591042,168,0.0013673152279331726,True,True
4.0,500.0,R4_T500,first_hop_cred,500.0,0.5042187341257747,0.448596075916492,0.5416341928559194,0.4668032753956299,False,0.0,0.010306168618973405,0.008772811824443215,0.009888609465149642,0.007662101452687247,0.001721855835057795,581.0,0.012297539433826615,0.0084898640065751,0.011635225572946255,0.0090566608911437,0.0015333567945301895,0.0022628416820703657,0.0007621370111573978,5.985500200043231,6.757374885775449,5.259825215344093,410,0.0017218558640928567,True,0.002,0.25,39782,0.01256281407035176,0.02906737676397535,0.005377697323988104,0.01558572146807441,0.02203738752417407,0.011001597353056043,200,0,0.48826586555259033,0.5158363173500531,0.4606954137551275,True,False,True,0.025765421547433512,0.004223015434115932,0.004839426299178476,0.003634268065058377,0.0013673153007403016,887.0,0.028079315097799696,0.023525092685702687,0.02730110921806843,0.024215107709330334,0.02154240611331758,0.023240731253806393,0.01996796674172617,12.882710773716756,13.650554609034215,12.107553854665166,18.843805013698564,19.966945924632654,17.709967105342475,1025,0.0013673152279331726,True,True
4.0,500.0,R4_T500,first_hop_content,500.0,0.5321496871399737,0.4816365275496154,0.5661281609998738,0.4981712132800736,False,0.0,0.009476647730129205,0.008772811824443215,0.009895817141005629,0.007687751368412411,0.001721855835057795,581.0,0.011262842733715153,0.007848517556454061,0.010668254986309572,0.00837556853228475,0.0007038359056859886,0.0012299761254457844,0.00016365904943219542,5.5037404278446305,6.195788630618069,4.864268088256817,754,0.0017218558640928567,True,0.002,0.25,79564,0.010050251256281407,0.019705503008954392,0.005101236629109455,0.014580191050779286,0.018800880197715805,0.01129611388405954,200,0,0.493364947493165,0.5121334227982324,0.47459647218809764,True,False,True,0.024382886732693176,0.004223015434115932,0.0048165222165812115,0.003609958585045751,0.0013673153007403016,887.0,0.026029021495707835,0.022934693132897494,0.02542681447388218,0.023315785846123784,0.020159871298577246,0.021311762739204453,0.01897286611887821,12.191443366346588,12.713407236941089,11.657892923061892,17.83267401296352,18.596161261450465,17.05223884719533,1940,0.0013673152279331726,True,True
4.0,500.0,R4_T500,cred_processor,500.0,0.5193820203165097,0.45770824529132204,0.5608678582551583,0.4778961823778611,False,0.0,0.008722537831179931,0.008772811824443215,0.009879023482015557,0.007642767362415122,0.001721855835057795,581.0,0.010436647189345522,0.007072149131077601,0.009829856610552086,0.007607069462094749,-5.0273993263284905e-05,0.0,-0.00012589400480937952,5.065776998573174,5.708873091843174,4.417947878641085,347,0.0017218558640928567,True,0.002,0.25,39782,0.010050251256281407,0.02555289389153859,0.003915092949455606,0.012066365007541479,0.017891944092711387,0.008121895890009766,200,0,0.5067615369690539,0.5356051636278287,0.4779179103102791,True,False,True,0.004348700417274144,0.004223015434115932,0.004812285559959215,0.0036575937595873117,0.0013673153007403016,887.0,0.005273032193073104,0.0034795984592143597,0.004994300248822067,0.0037207484911790855,0.00012568498315821227,0.00030313307109706045,-5.019094521481774e-05,2.1743502086370716,2.4971501244110335,1.8603742455895427,3.18046660231205,3.6526326532407807,2.7212075278378576,173,0.0013673152279331726,True,True
4.0,500.0,R4_T500,content_server,500.0,0.5180155479118314,0.48066069813290513,0.543142877048376,0.4928882187752867,False,0.0,0.009790860188024735,0.008772811824443215,0.00990330762271065,0.0076579674005471336,0.001721855835057795,508.0,0.01146616000266891,0.008170556287725237,0.010882971862523886,0.008749546578612516,0.0010180483635815192,0.0018812072321170896,0.00016225889988203364,4.835816329332959,5.375222609024061,4.321499787206116,779,0.0020246550987959595,True,0.002,0.25,79564,0.001256281407035176,0.007081471913409146,0.0002217989489276405,0.007792860734037205,0.011039901014555629,0.005495528510103161,200,0,0.49609258162906267,0.5153581438757705,0.4768270193823549,True,False,True,0.005391885777487306,0.004223015434115932,0.004839241532408013,0.0036209960223330473,0.0013673153007403016,718.0,0.006052754484515681,0.0047423115866541245,0.005840865241301671,0.004984288322083,0.0011688703433713739,0.0018951088235057893,0.0004092195983472709,2.695942888743653,2.9204326206508355,2.4921441610415,3.071347272139108,3.327096727587578,2.839169999761827,429,0.001755544163435484,True,True
4.0,500.0,R4_T500,validator,500.0,0.7145504220036218,0.7077386281796911,0.719132482604512,0.7099683614027317,False,1.0,0.5349655623146147,0.008772811824443215,0.009948004927063443,0.007680292309845246,0.001721855835057795,4.0,0.5421791941575089,0.5281601090791646,0.5398116043274821,0.5302019495058483,0.5261927504901714,0.5311563233569674,0.5214501593626082,2.1252264234137654,2.144478011291982,2.1063022972171175,21282,0.2517216784154678,True,0.002,0.25,39782,1.0,1.0000000000000002,0.990440362146883,0.9899446958270488,0.9934813294447664,0.9845191990836604,200,0,0.5083085972919635,0.5143371084298135,0.5022800861541136,True,True,True,0.4424111407169071,0.004223015434115932,0.0047816503518435865,0.0036065059679946283,0.0013673153007403016,6.0,0.4498035263163563,0.43490639185790547,0.4476714152532956,0.43708213374370875,0.4381881252827912,0.44366478207663174,0.43309421887441724,221.20557035845357,223.8357076266478,218.54106687185438,2.419734956164824,2.448505638010894,2.390588347347969,17600,0.18283454540744817,True,True
4.0,500.0,R4_T500,gatekeeper,500.0,0.5087510232591104,0.4587685747223887,0.5423725059545419,0.4751295405636789,False,0.0,0.008714158832302716,0.008772811824443215,0.009966731040178806,0.007630118381837235,0.001721855835057795,581.0,0.01017654931291063,0.007317345719032902,0.009779386875566417,0.007680362069042766,-5.8652992140499056e-05,0.0004715898696688118,-0.0006186033043610778,5.06090980420574,5.679560801004657,4.460513107815034,1040,0.001721856181878807,True,0.002,0.25,119346,0.00586756077116513,0.012062007259221423,0.0028451123840721668,0.00921736215853863,0.011977541653715706,0.007088692076626725,200,0,0.490097761476432,0.5059782743710973,0.4742172485817667,True,False,True,0.004507901395941213,0.004223015434115932,0.004856437534889137,0.0036215368282126593,0.0013673151843249798,887.0,0.005128601443286131,0.0039954994533377645,0.004889202354055978,0.004142497950225475,0.0002848859618252811,0.0009698717578678273,-0.0004400510641614797,2.2539506979706063,2.4446011770279887,2.0712489751127374,3.2968987166582506,3.5757669813015274,3.0296572565128725,538,0.0013673157058674945,True,True
8.0,24.0,R8_T24,baseline,24.0,0.5807677490320221,0.56801339793291,0.5893471645533567,0.5721883335106875,False,0.0,0.13836918459229613,0.13836918459229613,0.14199729761080193,0.1348292209779649,0.035938359797000885,28.0,0.14406873082581328,0.13314466885940024,0.14216392110893847,0.13482076042248822,0.0,0.0,0.0,3.8501806857038314,3.9557708233255924,3.7514442926005964,5532,0.03593836131017877,True,0.041666666666666664,0.125,39980,0.28,0.32593398611004404,0.23825142339704647,0.23561780890445222,0.2547177346679726,0.21753205557634409,200,0,0.5010807811301992,0.5097606792961038,0.4924008829642946,True,True,True,0.09219609804902451,0.09219609804902451,0.09530507387561298,0.08928144711152723,0.02886522002518177,43.0,0.09672519700256033,0.0872499810919255,0.09540265682416654,0.08913127473465629,0.0,0.0,0.0,2.2127063531765883,2.289663763779997,2.1391505936317508,3.1940200474257145,3.30510731931445,3.0878430256747014,3686,0.02886522209631459,True,True
8.0,24.0,R8_T24,first_hop_cred,24.0,0.5785797209846996,0.565689851716823,0.5872502949406331,0.569909147028766,False,0.0,0.15660330165082542,0.13836918459229613,0.14217668162703295,0.1347093268155636,0.035938359797000885,28.0,0.1624348652376087,0.15124659291325956,0.16070496661853598,0.15295096249208476,0.018234117058529266,0.02047342528115114,0.016012426625325774,4.357552652420769,4.471683203124227,4.255924781099151,6261,0.03593836131017877,True,0.041666666666666664,0.125,39980,0.325,0.3723760355854586,0.28095326743154514,0.271135567783892,0.29104837946189915,0.2521006821024811,200,0,0.5039907508270186,0.5119676044692161,0.4960138971848211,True,True,True,0.1727863931965983,0.09219609804902451,0.09543179654959662,0.08921997352065773,0.02886522002518177,43.0,0.17876398432988813,0.16645644280845603,0.17695885333011654,0.1686327455383091,0.08059029514757379,0.08454291716176543,0.07651116039463454,4.1468734367183595,4.247012479922797,4.047185892919418,5.985971374828225,6.13052110736089,5.842073377285377,6908,0.02886522209631459,True,True
8.0,24.0,R8_T24,first_hop_content,24.0,0.5774466460492917,0.5660319126946914,0.5851249465565728,0.5697683455420107,False,0.0,0.1496248124062031,0.13836918459229613,0.14207188669799933,0.134394508841112,0.035938359797000885,28.0,0.15528031320076235,0.14390491229160038,0.15349478950100406,0.14593694307605276,0.011255627813906953,0.012888457251873974,0.009721364734806167,4.163373257751323,4.271056996066484,4.060756744485155,11964,0.03593836131017877,True,0.041666666666666664,0.125,79960,0.3125,0.3454509074246191,0.2813411711525095,0.24987493746873438,0.2635308174116503,0.23669925902186695,200,0,0.5079509195468831,0.513595524298488,0.5023063147952782,True,True,True,0.1641320660330165,0.09219609804902451,0.09532613121519423,0.08900561247902182,0.02886522375047207,43.0,0.16826380361731896,0.16040568746443717,0.16674649202711003,0.16151120575311173,0.071935967983992,0.07505192400198744,0.0689765021866737,3.939169584792396,4.001915808650641,3.8762689380746815,5.686152889638507,5.776726452016443,5.595356419368514,13124,0.02886522209631459,True,True
8.0,24.0,R8_T24,cred_processor,24.0,0.5790118061715506,0.5661887887431898,0.5876374111827597,0.5703862011603414,False,0.0,0.13881940970485243,0.13836918459229613,0.14217458139376765,0.1347200635984171,0.035938359797000885,28.0,0.14440054844632036,0.1338247173904407,0.1424898797339568,0.13493421404660436,0.00045022511255627816,0.0013355348750850218,-0.0004522587849344831,3.8627083885857316,3.9648407589914125,3.754601187349829,5550,0.03593836131017877,True,0.041666666666666664,0.125,39980,0.2975,0.34405493511393953,0.25479754409145056,0.23861930965482742,0.25779454154685105,0.2204467364146541,200,0,0.5060527195798761,0.5139933710683311,0.49811206809142106,True,True,True,0.09234617308654328,0.09219609804902451,0.09546547671726978,0.0891537991730464,0.02886522002518177,43.0,0.0969902638116098,0.08811296183152127,0.09544535005258657,0.08942590645153219,0.00015007503751875937,0.001641719275194725,-0.0013347864188712917,2.216308154077039,2.2906884012620776,2.1462217548367724,3.1992192119087735,3.3065863735298504,3.098050177931933,3692,0.02886522209631459,True,True
8.0,24.0,R8_T24,content_server,24.0,0.5816109726554238,0.5709657031259837,0.5887716811791233,0.5744502641317244,False,0.0,0.15416458229114557,0.13836918459229613,0.14208026978721428,0.13456683009181988,0.035938359797000885,24.0,0.15901755661810432,0.14927445652792526,0.1578244100429696,0.15072012221555375,0.015795397698849425,0.0185228725328256,0.013038619914906553,3.651746884395824,3.7384384213982003,3.57015683198214,12327,0.04221666702856704,True,0.041666666666666664,0.125,79960,0.21625,0.24609795352121383,0.18911405872550735,0.23386693346673337,0.24723947704784366,0.22100532427741876,200,0,0.5036932478280739,0.5092509963084813,0.4981354993476666,True,True,True,0.11235617808904452,0.09219609804902451,0.09532417316821616,0.0891375622583026,0.02886522375047207,35.0,0.11587699728235953,0.10867024474399753,0.11504854005570082,0.11000937467151464,0.02016008004002001,0.02370180644779633,0.016575841427191217,2.6965482741370685,2.76116496133682,2.6402249921163516,3.0383557218414183,3.1111630522952476,2.974893047042727,8984,0.03697927049205095,True,True
8.0,24.0,R8_T24,validator,24.0,0.6462059245186235,0.6383339127060089,0.6515011574790817,0.6409106915581653,False,0.2965232616308154,0.3485742871435718,0.13836918459229613,0.14215114196250062,0.13471262620279512,0.035938359797000885,8.0,0.35492790307786165,0.34202687657970393,0.35298241793201834,0.3440897599413996,0.21020510255127564,0.21497707908510338,0.20530362677230354,2.7030756467973505,2.7372592094456176,2.668299655811535,13936,0.12895469187352138,True,0.041666666666666664,0.125,39980,0.8575,0.8883616854573682,0.8198370240936099,0.7053526763381691,0.7249281487187408,0.6849894692655695,200,0,0.5019578360589454,0.5080831799849068,0.495832492132984,True,True,True,0.26173086543271634,0.09219609804902451,0.09527651565951147,0.08908728582944461,0.02886522002518177,12.0,0.2677930266473057,0.25519655140556396,0.2663899997702718,0.2573529047475085,0.16953476738369186,0.17486172952874282,0.16413364993456356,6.281540770385192,6.393359994486523,6.176469713940204,2.870209782878934,2.9213030803136477,2.822199909962462,10464,0.09118875804617665,True,True
8.0,24.0,R8_T24,gatekeeper,24.0,0.5810716028227075,0.5693996613986906,0.5889229183964406,0.5732202872489744,False,0.0,0.1382441220610305,0.13836918459229613,0.1419608191039937,0.1347620213484422,0.035938359797000885,28.0,0.14304157433982032,0.1329141628064475,0.1417050146931528,0.13475438872283194,-0.0001250625312656328,0.001519559160712367,-0.0017754222161069611,3.8467007682366376,3.9430015595345997,3.749597472177054,16581,0.03593836131017877,True,0.041666666666666664,0.125,119940,0.27606338615512926,0.30205247688882714,0.25150464731730654,0.2321160580290145,0.24297067107168505,0.2216044185972512,200,0,0.498593655783961,0.5033088663672286,0.49387844520069335,True,True,True,0.09021177255294313,0.09219609804902451,0.09522776461060153,0.08907832016832071,0.02886522188782692,43.0,0.09309872038708496,0.08728155176512713,0.09217744105169148,0.0882600597332934,-0.0019843254960813742,0.0008158825566708546,-0.004910583551703885,2.1650825412706354,2.212258585240596,2.1182414335990414,3.1252755392608274,3.1933736987757446,3.0576608570270496,10820,0.02886522209631459,True,True
8.0,40.0,R8_T40,baseline,40.0,0.5671305357365266,0.550143874570949,0.5785568814068879,0.5557041900661653,False,2.5012506253126565e-05,0.09304652326163082,0.09304652326163082,0.09640890845619825,0.08981135414699999,0.021565938368439674,47.0,0.09789663106526753,0.08804861310846246,0.09628688975743194,0.08964861923797666,0.0,0.0,0.0,4.314512946362796,4.464766848464899,4.156954121092863,3720,0.021565939056938176,True,0.025,0.125,39980,0.145,0.18288323931810765,0.11387048965924287,0.14657328664332167,0.16275541303456734,0.1317469082664918,200,0,0.5092812883653898,0.5183852815757408,0.5001772951550387,True,True,True,0.05407703851925963,0.05407703851925963,0.056170784250248094,0.05191947733620856,0.017364412546157837,72.0,0.057266058225310425,0.0508392121764943,0.05628966539548968,0.0519344069462285,0.0,0.0,0.0,2.163081540770385,2.251586615819587,2.0773762778491403,3.1142449503672993,3.24166801688549,2.9908528464444255,2162,0.017364413969068713,True,True
8.0,40.0,R8_T40,first_hop_cred,40.0,0.5629500616447233,0.5473168961207245,0.5734659571145856,0.552434166174861,False,0.0001250625312656328,0.10717858929464733,0.09304652326163082,0.0965086614942732,0.08945369892695361,0.021565938368439674,47.0,0.1119968266160916,0.10194695247686128,0.110724536570868,0.10348601631568013,0.014132066033016508,0.015768452800447207,0.012469927438534483,4.969808595474349,5.134232099911541,4.798586142827233,4285,0.021565939056938176,True,0.025,0.125,39980,0.17,0.20990913205867007,0.13636898220196564,0.16758379189594796,0.18459106820826124,0.15185166711311707,200,0,0.5095894639581454,0.5183044635851645,0.5008744643311264,True,True,True,0.1349424712356178,0.05407703851925963,0.05627854654689415,0.05195771978062797,0.017364412546157837,72.0,0.14032193050786704,0.12992286832873565,0.13862880559184684,0.13141917815223772,0.08086543271635818,0.08450551742456053,0.07768804503938595,5.397698849424712,5.545152223673874,5.256767126089509,7.771207912688057,7.983500384106644,7.568304832304455,5395,0.017364413969068713,True,True
8.0,40.0,R8_T40,first_hop_content,40.0,0.5711413221635621,0.5564869968727492,0.5809987853051748,0.5612838590219493,False,6.25312656328164e-05,0.09907453726863431,0.09304652326163082,0.0965076813001199,0.08951541816842012,0.021565938368439674,47.0,0.10387602352851014,0.09437476304701842,0.10254922314039874,0.09579699547515956,0.006028014007003502,0.007433037696756297,0.004621595258107643,4.5940284356298475,4.755147590357615,4.442050736684236,7922,0.021565939056938176,True,0.025,0.125,79960,0.165,0.19231031141314342,0.14089153564465956,0.16108054027013508,0.17279989565708198,0.15001185791033395,200,0,0.505166594205214,0.5114955690489266,0.49883761936150145,True,True,True,0.13030265132566282,0.05407703851925963,0.05621989810395467,0.05189917731394745,0.017364412546157837,72.0,0.13417350928938618,0.12655596394533403,0.1327873620400562,0.12770255777219633,0.0762256128064032,0.0787964222865657,0.07379705765721413,5.212106053026513,5.311494481602248,5.108102310887853,7.504005119768013,7.647097234412331,7.354268217728126,10419,0.017364413969068713,True,True
8.0,40.0,R8_T40,cred_processor,40.0,0.5642200741408184,0.5474716820459192,0.5754861443610727,0.5529540039205642,False,0.0,0.09319659829914957,0.09304652326163082,0.0964732422128461,0.08984310605022103,0.021565938368439674,47.0,0.09774629890337633,0.08801759127980634,0.09662840199457871,0.0899550739712357,0.00015007503751875937,0.00075167201791726,-0.0003991931757728922,4.321471838211767,4.480602571465187,4.171164248110746,3726,0.021565939056938176,True,0.025,0.125,39980,0.14,0.1774392305461032,0.10940962137459034,0.14507253626813407,0.16119177289393052,0.13031480454853442,200,0,0.5087134072621331,0.5183381419891513,0.4990886725351149,True,True,True,0.05295147573786894,0.05407703851925963,0.05619955352358931,0.052009687580804556,0.017364412546157837,72.0,0.05621022903359017,0.049838201991786894,0.055145998468529855,0.05074751038086541,-0.0011255627813906953,-7.522063235458382e-05,-0.002190429272960382,2.1180590295147574,2.205839938741194,2.0299004152346165,3.0494248658314396,3.175805331913971,2.922500607925042,2117,0.017364413969068713,True,True
8.0,40.0,R8_T40,content_server,40.0,0.5644138481786635,0.5507583683407075,0.5735994221653469,0.5552282741919801,False,0.0,0.10271385692846423,0.09304652326163082,0.09648224508858308,0.0898941101274521,0.021565938368439674,40.0,0.10720074709647799,0.09839610759876313,0.10569103968938456,0.09964414737233455,0.009667333666833417,0.011952511189301443,0.007401391788246106,4.053591327686884,4.171085525465968,3.932445569876318,8213,0.025338976878825185,True,0.025,0.125,79960,0.12,0.14435365440732434,0.09927829150898947,0.13731865932966483,0.14833619221120115,0.12699741861739894,200,0,0.5024376287287117,0.5088540385247465,0.49602121893267676,True,True,True,0.06874687343671836,0.05407703851925963,0.05618639411037571,0.051933997276891804,0.017364412546157837,57.0,0.07119084280146735,0.06593900378688022,0.07062722565133886,0.06699661204852815,0.01466983491745873,0.017193699800884737,0.012169899290671138,2.7498749374687343,2.825089026053554,2.679864481941126,3.0876557761477894,3.1721087859564405,3.009045587569708,5497,0.02226507046795485,True,True
8.0,40.0,R8_T40,validator,40.0,0.6462059245186235,0.6383339127060089,0.6515011574790817,0.6409106915581653,False,0.2965232616308154,0.3485742871435718,0.09304652326163082,0.09634862816206083,0.08964033138515183,0.021565938368439674,8.0,0.35541184115349334,0.3425504770389171,0.35289581357462263,0.3443693794267892,0.255527763881941,0.26062451609425563,0.25045330172804336,2.7030756467973505,2.736587621959056,2.670468010303544,13936,0.12895469187352138,True,0.025,0.125,39980,0.8575,0.8883616854573682,0.8198370240936099,0.7053526763381691,0.7249281487187408,0.6849894692655695,200,0,0.49648676025126426,0.5021265116099306,0.49084700889259797,True,True,True,0.26173086543271634,0.05407703851925963,0.05613758798436151,0.05191896375003806,0.017364412546157837,12.0,0.2689657832349519,0.2550370251735132,0.26631729958693573,0.25718297612373914,0.20765382691345674,0.2124188946051458,0.2027644834438407,10.469234617308654,10.652691983477428,10.287319044949566,2.870209782878934,2.9205058309060044,2.8203364278029253,10464,0.09118875804617665,True,True
8.0,40.0,R8_T40,gatekeeper,40.0,0.5671147586978066,0.551838474703471,0.5773905921754063,0.5568389252202068,False,4.1687510421877605e-05,0.0928130732032683,0.09304652326163082,0.09645171991168677,0.08965918331962833,0.021565938368439674,47.0,0.0974151844322775,0.08793901570529326,0.0960149371829742,0.08972691807542263,-0.0002334500583625146,0.0010702500061584204,-0.0015371436624917708,4.3036880034866165,4.4521565664020715,4.160584792460302,11132,0.021565939056938176,True,0.025,0.125,119940,0.14845704753961636,0.1697042247750606,0.12945528305691476,0.14023678505919626,0.14925552456188274,0.1316786528179678,200,0,0.5040568452744764,0.5096615448220305,0.4984521457269222,True,True,True,0.05453560113390028,0.05407703851925963,0.05622994340911341,0.05189211210740256,0.017364412546157837,72.0,0.05669977276416781,0.05254170041260649,0.05587573073822879,0.05316467140702869,0.00045856261464065367,0.002397873030402477,-0.00157812986211213,2.181424045356011,2.2350292295291516,2.126586856281148,3.1406531329559826,3.2178299156977257,3.061702600602076,6541,0.017364413969068713,True,True
8.0,50.0,R8_T50,baseline,50.0,0.559291413048426,0.5407807656957727,0.5717428920749332,0.5468399340219188,False,0.0,0.07781390695347674,0.07781390695347674,0.08116034364810443,0.07434649822996187,0.017237067222595215,58.0,0.08270482405248264,0.07271393008622064,0.08119602040274854,0.07448814295949592,0.0,0.0,0.0,4.514335825936025,4.710547486668549,4.321393251344417,3111,0.017237066526246396,True,0.02,0.125,39980,0.135,0.1719809842480312,0.10496299061600528,0.12106053026513257,0.13609164764975773,0.10748302805519955,200,0,0.5077508255727693,0.5176720090075873,0.4978296421379514,True,True,True,0.04367183591795898,0.04367183591795898,0.04569086489760335,0.041659129104241396,0.013898645527660847,89.0,0.04663630598831144,0.04089271866185474,0.04570309246887719,0.04173399591999118,0.0,0.0,0.0,2.183591795897949,2.2851546234438596,2.086699795999559,3.1421650622410944,3.2883128765609153,3.002738518569643,1746,0.01389864474109161,True,True
8.0,50.0,R8_T50,first_hop_cred,50.0,0.5706809161126247,0.5533411227781637,0.5823448017085578,0.5590170305166916,False,0.0,0.08611805902951476,0.07781390695347674,0.08124411395118777,0.07446801867017025,0.017237067222595215,58.0,0.09170830013932238,0.08123681560906554,0.0895322635223272,0.08268725665321522,0.008304152076038018,0.009955325865509292,0.0066403781616678256,4.996097154836945,5.1941705617947775,4.797060829771102,3443,0.017237066526246396,True,0.02,0.125,39980,0.15,0.18831361073063213,0.11834499530337544,0.14607303651825912,0.16223426163888,0.13126947837598107,200,0,0.5033500589454154,0.5139696906775427,0.49273042721328814,True,True,True,0.12218609304652327,0.04367183591795898,0.045671903406939045,0.04178690531154135,0.013898645527660847,89.0,0.12705635858312783,0.11693397282896535,0.12572421950170873,0.11875720741439391,0.07851425712856429,0.0821208056050547,0.07482263563487757,6.109304652326164,6.286210975085436,5.9378603707196955,8.79122355615564,9.045789848128333,8.544517082538698,4885,0.01389864474109161,True,True
8.0,50.0,R8_T50,first_hop_content,50.0,0.5637442186718845,0.547329791143107,0.5747856423570157,0.5527027949867533,False,0.0,0.08349174587293647,0.07781390695347674,0.08127487824892862,0.07418750686608136,0.017237065359950066,58.0,0.08837838595755824,0.07840081125602616,0.08687820679351536,0.08006334991124868,0.00567783891945973,0.007127038198144224,0.004346999529798639,4.843732879130329,5.040196756288453,4.644836161033461,6676,0.017237066526246396,True,0.02,0.125,79960,0.175,0.20286591644796803,0.15024035308572142,0.13506753376688344,0.1460133595440418,0.12482232197245993,200,0,0.49997927721069324,0.5074209142676412,0.49253764015374524,True,True,True,0.11509504752376189,0.04367183591795898,0.045568816748287645,0.04175074002868565,0.013898645527660847,89.0,0.11864031582415697,0.11184604415063026,0.1173657893770437,0.1128589492926962,0.07142321160580291,0.07395178189944962,0.06899302088684638,5.754752376188095,5.868289468852185,5.64294746463481,8.281026651719586,8.444405304500625,8.120140588889688,9203,0.01389864474109161,True,True
8.0,50.0,R8_T50,cred_processor,50.0,0.5593270119812447,0.5411240439767818,0.5715715256392321,0.5470824983232573,False,0.0,0.07751375687843921,0.07781390695347674,0.08125235954174954,0.07429767029873345,0.017237067222595215,58.0,0.08295756675012272,0.07240640652370434,0.08110334217653824,0.07407767301872906,-0.00030015007503751874,0.00022487083687396513,-0.0008036495819834342,4.496922765855269,4.7051708046171585,4.29758003810759,3099,0.017237066526246396,True,0.02,0.125,39980,0.1325,0.1692463196966809,0.10274521663902703,0.12106053026513257,0.13609164764975773,0.10748302805519955,200,0,0.5084259117252465,0.5195762528291625,0.49727557062133054,True,True,True,0.04387193596798399,0.04367183591795898,0.04565411940737977,0.041700791162791934,0.013898645527660847,89.0,0.04652127254740739,0.04126284933247704,0.04581326582534426,0.04198363159887319,0.00020010005002501252,0.0012475307700367062,-0.0009745724563270324,2.1935967983991995,2.290663291267213,2.0991815799436595,3.1565621530188315,3.296239790193101,3.0206996711519487,1754,0.01389864474109161,True,True
8.0,50.0,R8_T50,content_server,50.0,0.5533840708451426,0.5386457172911984,0.5632980569238564,0.5434700847664289,False,0.0,0.08530515257628814,0.07781390695347674,0.08127259053099224,0.07438823855127091,0.017237065359950066,51.0,0.08935438453737155,0.08094106855001985,0.08836222399843117,0.0823912398841435,0.007491245622811405,0.009640042126649572,0.005341805923377665,4.208150678206983,4.358957713771613,4.064405742510181,6821,0.020271411149335346,True,0.02,0.125,79960,0.08625,0.10773462456743144,0.0687198954927655,0.10505252626313157,0.11493913216203201,0.09592415852649176,200,0,0.49754219401516375,0.5050662889852195,0.490018099045108,True,True,True,0.05457728864432216,0.04367183591795898,0.04572821269534604,0.04175008518600358,0.013898645527660847,71.0,0.057106926858057426,0.05239727843042244,0.05625229482128615,0.052944796794450424,0.010905452726363181,0.01345137620745554,0.008324641393659949,2.728864432216108,2.8126147410643076,2.647239839722521,3.0615600702073067,3.1555209861143494,2.969984032139939,4364,0.017826626750010684,True,True
8.0,50.0,R8_T50,validator,50.0,0.6462059245186235,0.6383339127060089,0.6515011574790817,0.6409106915581653,False,0.2965232616308154,0.3485742871435718,0.07781390695347674,0.08137207382407104,0.07440124096789341,0.017237067222595215,8.0,0.35465826265658323,0.34268694554687607,0.3531208373706228,0.34432358660546375,0.2707603801900951,0.2755687825443394,0.26597965114080185,2.7030756467973505,2.7383326053538504,2.6701129024694654,13936,0.12895469187352138,True,0.02,0.125,39980,0.8575,0.8883616854573682,0.8198370240936099,0.7053526763381691,0.7249281487187408,0.6849894692655695,200,0,0.502161730993174,0.5087915331475378,0.49553192883881014,True,True,True,0.26173086543271634,0.04367183591795898,0.04562261668152593,0.04172032028620505,0.013898645527660847,12.0,0.26829673068774323,0.2550003584616793,0.26640139038841154,0.25738835380913166,0.2180590295147574,0.22245312832356648,0.2132299414438172,13.086543271635817,13.320069519420578,12.869417690456583,2.870209782878934,2.9214279928399702,2.822588653732886,10464,0.09118875804617665,True,True
8.0,50.0,R8_T50,gatekeeper,50.0,0.5602211825270744,0.5440009211515083,0.5711319972854452,0.5493103677687037,False,0.0,0.0767383691845923,0.07781390695347674,0.08119960330909069,0.07443459327477657,0.017237065359950066,58.0,0.08127631718413282,0.07262570819147152,0.0796543516963426,0.073670436167075,-0.0010755377688844421,0.00020113172254648468,-0.002406483329368342,4.451939027313316,4.621108329254004,4.273954390957365,9204,0.017237066526246396,True,0.02,0.125,119940,0.12844036697247707,0.1485720954143332,0.11068190396679384,0.11805902951475739,0.1264713482230246,0.1101357123973915,200,0,0.5061961625406957,0.5127004012160207,0.49969192386537065,True,True,True,0.043438385859596466,0.04367183591795898,0.045689861483785975,0.04177600213800076,0.013898644596338272,89.0,0.04531948923933461,0.04173390518309655,0.04469095156276554,0.042186811415361666,-0.0002334500583625146,0.0016186899223944575,-0.002117621390372341,2.1719192929798234,2.2345475781382773,2.1093405707680835,3.1253684563337347,3.2154898837464265,3.035318349467236,5210,0.01389864474109161,True,True
8.0,100.0,R8_T100,baseline,100.0,0.5547673573819847,0.527357173245067,0.5732052502547378,0.5363294645092316,False,0.0,0.04344672336168084,0.04344672336168084,0.04617065071829548,0.04071415071048873,0.008634931407868862,116.0,0.04765529729872799,0.039757664817509725,0.04613478807449524,0.040727623811328405,0.0,0.0,0.0,5.031507458043138,5.342808670280401,4.716612142397159,1737,0.008634931722545475,True,0.01,0.125,39980,0.06,0.0877228489004562,0.040647970113724695,0.07053526763381691,0.08260277949948852,0.06011518629946307,200,0,0.5186414509488162,0.5315169665211114,0.505765935376521,True,True,True,0.0227863931965983,0.0227863931965983,0.024145743358443997,0.02153047704121959,0.006962347310036421,178.0,0.02471581595958858,0.020911266535352142,0.024040401185373438,0.02141260894513108,0.0,0.0,0.0,2.27863931965983,2.4040401185373437,2.141260894513108,3.2728031802912225,3.4529159914045917,3.0754869386006716,911,0.006962347547758954,True,True
8.0,100.0,R8_T100,first_hop_cred,100.0,0.5548760283227047,0.531566618558855,0.5705554706061338,0.5391965860392756,False,0.0,0.05080040020010005,0.04344672336168084,0.04597093094422496,0.04082432898701044,0.008634931407868862,116.0,0.0548043555651525,0.046492364865819306,0.05357672526886103,0.04797453696236687,0.00735367683841921,0.008630603491795622,0.006121034375531818,5.883127027798281,6.204649554897378,5.555867550997212,2031,0.008634931722545475,True,0.01,0.125,39980,0.085,0.11643218427352792,0.0614630200239382,0.07753876938469234,0.09008978097915066,0.066608322826574,200,0,0.5050674271057431,0.5182232653330632,0.4919115888784232,True,True,True,0.0870935467733867,0.0227863931965983,0.024127364520130024,0.02146807619895896,0.006962347310036421,178.0,0.09189826730183157,0.08228832775397608,0.0900124001555085,0.08401627829713226,0.0643071535767884,0.06755714830648647,0.06116633544127062,8.70935467733867,9.00124001555085,8.401627829713226,12.509221376261292,12.928455458171111,12.06723417939334,3482,0.006962347547758954,True,True
8.0,100.0,R8_T100,first_hop_content,100.0,0.5578978087819176,0.5348483661264389,0.5734023800878064,0.5423932374760289,False,0.0,0.046848424212106055,0.04344672336168084,0.04606470277078678,0.0408921704552189,0.008634931407868862,116.0,0.050605026649094643,0.043061660804707684,0.049465051783300705,0.04435697513990155,0.0034017008504252126,0.004539281289618406,0.0022330406423120186,5.425453925684973,5.728482097217904,5.1369225102367855,3746,0.008634931722545475,True,0.01,0.125,79960,0.0775,0.0981130646929767,0.06092508570081956,0.080040020010005,0.08886010220772914,0.07202619612414637,200,0,0.499112062725113,0.5079284620652262,0.49029566338499975,True,True,True,0.08194097048524263,0.0227863931965983,0.024143682150222633,0.021505952937397536,0.006962347310036421,178.0,0.08454281527273252,0.07918950745888909,0.08387959121782046,0.0800930046712874,0.059154577288644324,0.06128298507438342,0.05715177110287894,8.194097048524263,8.387959121782046,8.009300467128739,11.769158308050544,12.047601853030116,11.503735503274006,6552,0.006962347547758954,True,True
8.0,100.0,R8_T100,cred_processor,100.0,0.5529157721137811,0.5250985084689607,0.5716274934409477,0.5342040507866145,False,0.0,0.04349674837418709,0.04344672336168084,0.04619530885157515,0.04081569961685793,0.008634931407868862,116.0,0.04731962833224382,0.039375541253352936,0.046142672983643926,0.0409544077881932,5.002501250625313e-05,0.0003511524390605436,-0.000251191925653996,5.0373007884496355,5.343721811160033,4.742875694229616,1739,0.008634931722545475,True,0.01,0.125,39980,0.0625,0.09063411613030699,0.04268914141220244,0.07053526763381691,0.08260277949948852,0.06011518629946307,200,0,0.49268344422398186,0.5062662418671989,0.47910064658076473,True,True,True,0.022611305652826413,0.0227863931965983,0.024199708213976153,0.021486257599932668,0.006962347310036421,178.0,0.02444599559192232,0.020632787983241134,0.023925790488923196,0.02129714666373634,-0.00017508754377188593,0.00037845434210063045,-0.0007395177818778703,2.2611305652826412,2.3925790488923195,2.129714666373634,3.2476554061287213,3.436454489638979,3.0589031239314504,904,0.006962347547758954,True,True
8.0,100.0,R8_T100,content_server,100.0,0.5405031956180963,0.5195243571694607,0.5546149423316021,0.5263914489045906,False,0.0,0.0493871935967984,0.04344672336168084,0.046119948845131264,0.0407606639763973,0.008634931407868862,101.0,0.05256146919510874,0.04582847862875722,0.051759244747502424,0.04699604273410845,0.005940470235117559,0.00771920799104081,0.004193764368044688,4.86683651402154,5.100589118950311,4.6312017374419705,3949,0.01014769932265282,True,0.01,0.125,79960,0.04875,0.06594851797399691,0.03586441780162572,0.058529264632316155,0.0662382863982034,0.05166779850695461,200,0,0.5038303671571785,0.5132189982806286,0.4944417360337285,True,True,True,0.027501250625312657,0.0227863931965983,0.02413125556751912,0.021459324208015863,0.006962347310036421,143.0,0.029132750847307733,0.02595602791562371,0.028609045468436692,0.026405102479049668,0.004714857428714357,0.006350836565015151,0.003112235458817586,2.7501250625312657,2.860904546843669,2.6405102479049667,3.0778170608517685,3.2017965087155873,2.95514105924899,2199,0.008935310345476427,True,True
8.0,100.0,R8_T100,validator,100.0,0.6462059245186235,0.6383339127060089,0.6515011574790817,0.6409106915581653,False,0.2965232616308154,0.3485742871435718,0.04344672336168084,0.04613775616488719,0.04096434089927182,0.008634931407868862,8.0,0.35543660485612777,0.3421867170653205,0.35264746922859075,0.3444168634271498,0.30512756378189093,0.30949923280574,0.30079541635172835,2.7030756467973505,2.734661795589935,2.670836232658781,13936,0.12895469187352138,True,0.01,0.125,39980,0.8575,0.8883616854573682,0.8198370240936099,0.7053526763381691,0.7249281487187408,0.6849894692655695,200,0,0.4955495078341325,0.5016892451709118,0.4894097704973531,True,True,True,0.26173086543271634,0.0227863931965983,0.024140244907480332,0.021505617362151196,0.006962347310036421,12.0,0.2684028547475672,0.25489580030479275,0.26620005423198706,0.2572069934621538,0.23894447223611806,0.2433531203138674,0.2344705564493938,26.173086543271634,26.620005423198705,25.72069934621538,2.870209782878934,2.919220087383877,2.820599808277989,10464,0.09118875804617665,True,True
8.0,100.0,R8_T100,gatekeeper,100.0,0.5487246585065979,0.524833311535753,0.5647955500348643,0.5326537669783316,False,0.0,0.04330498582624646,0.04344672336168084,0.04618737787916763,0.04079555350895946,0.008634930476546288,116.0,0.046698776845643275,0.040005373734227835,0.04577764567587703,0.04104963758417049,-0.00014173753543438386,0.0008239614757234246,-0.0011831232624373565,5.015093021891396,5.301448482372287,4.753904130705685,5194,0.008634931722545475,True,0.01,0.125,119940,0.060884070058381985,0.07587213950206603,0.04870076885744768,0.06586626646656661,0.07242625854282947,0.05986209872643632,200,0,0.49790203362292607,0.5067962882495413,0.4890077789963109,True,True,True,0.022611305652826413,0.0227863931965983,0.024094082385797886,0.021465300559096498,0.006962347775697708,178.0,0.023936179361883688,0.021159543902354003,0.023556094411645474,0.021676090835081162,-0.00017508754377188593,0.001178159247268403,-0.001580373262541768,2.2611305652826412,2.3556094411645474,2.167609083508116,3.2476554061287213,3.383355147105193,3.1133307675883373,2712,0.006962347547758954,True,True
8.0,200.0,R8_T200,baseline,200.0,0.5399016194258565,0.5041704421567779,0.563936759628264,0.515866479223449,False,0.0,0.024762381190595296,0.024762381190595296,0.02696743046735891,0.02275982090583199,0.00431201234459877,232.0,0.027727264754158945,0.021590286912320986,0.027011483238182886,0.022779566315415167,0.0,0.0,0.0,5.742650535473322,6.264240401104598,5.282815400190684,990,0.004312012551979941,True,0.005,0.125,39980,0.0275,0.048565481885614784,0.015423636260295411,0.03551775887943972,0.04456322559285444,0.028254050172231808,200,0,0.4982901080567149,0.5176104465816738,0.4789697695317561,True,True,True,0.011080540270135067,0.011080540270135067,0.012148931495398103,0.010105427043495428,0.0034806213807314634,355.0,0.012669369993954955,0.00968604364321756,0.01209155919741909,0.010044138796890971,0.0,0.0,0.0,2.2161080540270133,2.418311839483818,2.0088277593781942,3.1834945058798407,3.473965288159664,2.8857311914996715,443,0.003480621766323003,True,True
8.0,200.0,R8_T200,first_hop_cred,200.0,0.5376720401220877,0.5062902762722588,0.5587814787574112,0.5165626014867641,False,0.0,0.028714357178589296,0.024762381190595296,0.02683670138943385,0.022738876767726384,0.00431201234459877,232.0,0.031637958004380386,0.025676249603673075,0.0307789315675978,0.026717823019542546,0.003951975987993997,0.004948949988806558,0.0029488331236102606,6.659154358306439,7.137950364607607,6.196137580182729,1148,0.004312012551979941,True,0.005,0.125,39980,0.0275,0.048565481885614784,0.015423636260295411,0.03851925962981491,0.047878916840867494,0.030929846641407216,200,0,0.5014640256823282,0.5185926459060788,0.4843354054585776,True,True,True,0.0580040020010005,0.011080540270135067,0.012132785715825534,0.0100901559322428,0.0034806213807314634,355.0,0.06115429876766897,0.05437013666589056,0.06030416373640536,0.05570205944943963,0.04692346173086543,0.04953677753883714,0.04429973158396318,11.6008004002001,12.060832747281072,11.140411889887925,16.66483918540711,17.32568712862813,16.003479604819105,2319,0.003480621766323003,True,True
8.0,200.0,R8_T200,first_hop_content,200.0,0.5383358101890066,0.5072758416648301,0.5592287881208303,0.5174428322571828,False,0.0,0.027063531765882942,0.024762381190595296,0.0266674955801919,0.022674046205493605,0.00431201234459877,232.0,0.02974040778083857,0.024149168801389558,0.029154511280011553,0.025072550936715773,0.002301150575287644,0.0031887559352892733,0.001425290618781554,6.276310989274884,6.761230615301598,5.814582085389163,2164,0.004312012551979941,True,0.005,0.125,79960,0.02875,0.042771257772435775,0.019232833051413895,0.03801900950475238,0.04440423123487938,0.03252071993782704,200,0,0.5037754644855795,0.5161148489238874,0.4914360800472717,True,True,True,0.053839419709854924,0.011080540270135067,0.012102705339382803,0.010047360541505563,0.0034806220792233944,355.0,0.05595056535136756,0.051711619603620335,0.05527365887130779,0.052288294862153764,0.04275887943971986,0.04434499544640926,0.04119427545334625,10.767883941970984,11.054731774261558,10.457658972430753,15.468333914009836,15.880397981220455,15.022688005939854,4305,0.003480621766323003,True,True
8.0,200.0,R8_T200,cred_processor,200.0,0.5405176152608487,0.5046475857020293,0.56464615664694,0.5163890738747575,False,0.0,0.024712356178089045,0.024762381190595296,0.026716498523982255,0.022734002031194866,0.00431201234459877,232.0,0.0282733704901905,0.021744709164553056,0.026654884106130126,0.02273275865330885,-5.002501250625313e-05,7.543094693866886e-05,-0.00019773498322487378,5.731049221260245,6.1815413997092925,5.271960222581142,988,0.004312012551979941,True,0.005,0.125,39980,0.0275,0.048565481885614784,0.015423636260295411,0.03501750875437719,0.04400917480328938,0.02780951967559879,200,0,0.5011229984475171,0.5207826186415422,0.481463378253492,True,True,True,0.011180590295147574,0.011080540270135067,0.012091753631973803,0.010064916328923732,0.0034806213807314634,355.0,0.012757285467582181,0.00964770339410176,0.012245786814912408,0.010178746825856663,0.00010005002501250626,0.0004997367463991085,-0.00029927556630521447,2.236118059029515,2.4491573629824814,2.0357493651713328,3.2122393772647606,3.5182756521829996,2.924404749847235,447,0.003480621766323003,True,True
8.0,200.0,R8_T200,content_server,200.0,0.5287272058497586,0.5037342554861001,0.5455391082827129,0.5119153034168044,False,0.0,0.028114057028514258,0.024762381190595296,0.02692554116796086,0.022728383291644453,0.00431201234459877,202.0,0.03132936190661977,0.025159288623430292,0.030109955894202674,0.026058605229024163,0.0033516758379189596,0.004680780888869932,0.001992315456218798,5.547501695744564,5.941335013031758,5.14191731738083,2248,0.0050678771400971875,True,0.005,0.125,79960,0.01875,0.030704526940620064,0.011395141407343122,0.029514757378689346,0.03522943245556288,0.02470334131588313,200,0,0.5059683911606832,0.5180007315374038,0.49393605078396247,True,True,True,0.013469234617308654,0.011080540270135067,0.012099648437581984,0.010097395700008577,0.0034806220792233944,286.0,0.014667760192030437,0.012466843425813381,0.01426792221084309,0.012663717316581119,0.002388694347173587,0.003668863354471917,0.001177872709424945,2.693846923461731,2.853584442168618,2.5327434633162236,3.0151338943448542,3.1939228235364068,2.834816112012686,1077,0.004467209447172935,True,True
8.0,200.0,R8_T200,validator,200.0,0.6462059245186235,0.6383339127060089,0.6515011574790817,0.6409106915581653,False,0.2965232616308154,0.3485742871435718,0.024762381190595296,0.026884597264216607,0.022685345539240294,0.00431201234459877,8.0,0.3553296826515003,0.3424807007739487,0.3527779123014664,0.3441046815900801,0.3238119059529765,0.32839380964359677,0.31939361699036717,2.7030756467973505,2.73567333748097,2.668415368147889,13936,0.12895469187352138,True,0.005,0.125,39980,0.8575,0.8883616854573682,0.8198370240936099,0.7053526763381691,0.7249281487187408,0.6849894692655695,200,0,0.5079232675723553,0.5140943031090006,0.50175223203571,True,True,True,0.26173086543271634,0.011080540270135067,0.012111903468873171,0.010074478870482068,0.0034806213807314634,12.0,0.2679504191796002,0.25545242195885765,0.26633018010031634,0.25730028889096757,0.2506503251625813,0.25523121569868135,0.24616147491996682,52.34617308654327,53.26603602006327,51.460057778193516,2.870209782878934,2.920647082016959,2.821622910585913,10464,0.09118875804617665,True,True
8.0,200.0,R8_T200,gatekeeper,200.0,0.5501534155737193,0.518788948722851,0.5712512191097577,0.5290556120376809,False,0.0,0.023820243455060865,0.024762381190595296,0.026850595732690746,0.022760779867657125,0.00431201234459877,232.0,0.026668484682107883,0.021179057290618312,0.02564579429309369,0.02198908820631875,-0.0009421377355344339,-0.00020898034683205022,-0.0016790887337784406,5.524159117793698,5.94752310758417,5.099495407596169,2857,0.004312012551979941,True,0.005,0.125,119940,0.0316930775646372,0.04320096447133638,0.02317641073069011,0.032683008170752044,0.03749080247852791,0.028473522947674284,200,0,0.4902653204284617,0.5007159112427977,0.4798147296141257,True,True,True,0.010930465232616308,0.011080540270135067,0.012127008356516146,0.010146880922783336,0.0034806218463927507,355.0,0.011888322678650651,0.010026294495196103,0.011582544906924551,0.010339766011814274,-0.00015007503751875937,0.0009147599073496574,-0.0012342529494957246,2.1860930465232618,2.3165089813849105,2.0679532023628546,3.1403771988024616,3.3277229427777146,2.9706663653768404,1311,0.003480621766323003,True,True
8.0,500.0,R8_T500,baseline,500.0,0.5387055934283159,0.4859192733490538,0.5742131445599201,0.5031980422967117,False,0.0,0.010955477738869434,0.010955477738869434,0.012521377560013069,0.009480101531778173,0.0017226958880200982,581.0,0.013029820539968697,0.008731291672070568,0.012418573399813322,0.009609607032099317,0.0,0.0,0.0,6.35949584989502,7.208801649747091,5.578237434861894,438,0.0017226959490900969,True,0.002,0.125,39980,0.015,0.03233463358482672,0.006892291919440893,0.010505252626313157,0.016006878434003557,0.006881333021178887,200,0,0.5035464573937798,0.5291495517616759,0.4779433630258837,True,False,True,0.0046523261630815405,0.0046523261630815405,0.005316354402690398,0.004029314518556234,0.0013924562372267246,887.0,0.005606436999551637,0.0037396967617272215,0.005325130724773044,0.003983582383012802,0.0,0.0,0.0,2.3261630815407703,2.662565362386522,1.991791191506401,3.3410932063836514,3.8242714427097297,2.8608312423516544,186,0.0013924562637739604,True,True
8.0,500.0,R8_T500,first_hop_cred,500.0,0.530083733895438,0.4832897107230246,0.5615604719585009,0.498606995832375,False,0.0,0.012931465732866434,0.010955477738869434,0.01241983845688667,0.009491349400247704,0.0017226958880200982,581.0,0.015302342132969,0.010903632743761764,0.014416093651281034,0.011455233506072084,0.0019759879939969987,0.0026690098385645207,0.0013077995817996596,7.506528206382936,8.368333169237093,6.649596820682473,517,0.0017226959490900969,True,0.002,0.125,39980,0.01,0.025426564652619582,0.003895483794990993,0.013506753376688344,0.019580547537022062,0.009299151635348835,200,0,0.5051507003769317,0.5286293417385974,0.4816720590152659,True,False,True,0.02671335667833917,0.0046523261630815405,0.005330912269079324,0.004013742734665012,0.0013924562372267246,887.0,0.029119775611021387,0.024375596042879623,0.02842371289081245,0.02513607442566069,0.02206103051525763,0.023871861247861226,0.020206731762348672,13.356678339169585,14.211856445406225,12.568037212830344,19.184341636654516,20.412643204875923,18.05160785268374,1068,0.0013924562637739604,True,True
8.0,500.0,R8_T500,first_hop_content,500.0,0.5465827467768699,0.500811907614326,0.577371223970584,0.5157942695831558,False,0.0,0.011955977988994497,0.010955477738869434,0.012414062944729395,0.009551850904947158,0.0017226958880200982,581.0,0.013850409349422861,0.00994202186912797,0.013428209454204917,0.010601695749403242,0.0010005002501250625,0.0016243520881910616,0.0003520210418634273,6.940271726597762,7.794880728254747,6.1541305388237,956,0.0017226959490900969,True,0.002,0.125,79960,0.00625,0.014546646226436234,0.0026724940266688478,0.011255627813906953,0.015026758329639279,0.008422811021453487,200,0,0.48730420195873775,0.5051667913724395,0.469441612545036,True,True,True,0.025162581290645324,0.0046523261630815405,0.005321837753953495,0.00398982470614593,0.0013924562372267246,887.0,0.026719661217450178,0.023652969774933363,0.02624526975218323,0.02409307938588205,0.02051025512756378,0.021740441892784013,0.019251315382828843,12.581290645322662,13.122634876091615,12.046539692941025,18.070643901193296,18.84818247795513,17.30257532152774,2012,0.0013924562637739604,True,True
8.0,500.0,R8_T500,cred_processor,500.0,0.5375778693437115,0.4845648851049549,0.5732378896987976,0.5019178489886255,False,0.0,0.010955477738869434,0.010955477738869434,0.01250410895695213,0.00955292439343109,0.0017226958880200982,581.0,0.013084252177021942,0.008929632678599687,0.012424575159430217,0.009498209310944517,0.0,9.968387755780011e-05,-0.00010019563199594487,6.35949584989502,7.2122855841117515,5.51357267425011,438,0.0017226959490900969,True,0.002,0.125,39980,0.015,0.03233463358482672,0.006892291919440893,0.010505252626313157,0.016006878434003557,0.006881333021178887,200,0,0.52657419461972,0.5542574116660097,0.4988909775734303,True,False,True,0.004627313656828414,0.0046523261630815405,0.005304185052850511,0.004007102590319714,0.0013924562372267246,887.0,0.005600034332352862,0.0037212970545133354,0.005313449873114404,0.003936600797187923,-2.5012506253126565e-05,0.00015082586588419257,-0.00020012582922496641,2.313656828414207,2.656724936557202,1.9683003985939613,3.3231303396826637,3.81588277588943,2.8270911622879935,185,0.0013924562637739604,True,True
8.0,500.0,R8_T500,content_server,500.0,0.5265043703571588,0.4925508712803678,0.5493437272730366,0.503665013441281,False,0.0,0.012243621810905454,0.010955477738869434,0.012455694741051229,0.009542947610913023,0.0017226958880200982,508.0,0.014324957814605665,0.010327382777193018,0.013691142769010147,0.010872609026631699,0.001288144072036018,0.0021976603317686123,0.0003639494329782257,6.045367953299307,6.760090847146032,5.368421468213513,979,0.0020252897599431314,True,0.002,0.125,79960,0.00625,0.014546646226436234,0.0026724940266688478,0.011255627813906953,0.015026758329639279,0.008422811021453487,200,0,0.49210237256089273,0.5112838514488851,0.4729208936729003,True,False,True,0.005665332666333167,0.0046523261630815405,0.005336882135346888,0.004019220261124411,0.0013924562372267246,718.0,0.006527582668829116,0.004863306356118672,0.006193509403560009,0.005138230957747331,0.0010130065032516258,0.0018739224945656249,0.00023799071867552994,2.8326663331665833,3.0967547017800046,2.569115478873665,3.170226589443439,3.465785568041915,2.8752691791169163,453,0.0017870434514675388,True,True
8.0,500.0,R8_T500,validator,500.0,0.6462059245186235,0.6383339127060089,0.6515011574790817,0.6409106915581653,False,0.2965232616308154,0.3485742871435718,0.010955477738869434,0.012507420085335808,0.009531280102595468,0.0017226958880200982,8.0,0.3550421418707412,0.34170042517796495,0.3530097358934869,0.344298270077966,0.33761880940470235,0.3420368384283518,0.33342501996610946,2.7030756467973505,2.737471050992999,2.669916581365286,13936,0.12895469187352138,True,0.002,0.125,39980,0.8575,0.8883616854573682,0.8198370240936099,0.7053526763381691,0.7249281487187408,0.6849894692655695,200,0,0.5051334638074293,0.5116115458700926,0.4986553817447659,True,True,True,0.26173086543271634,0.0046523261630815405,0.005294457608793551,0.004013413798040555,0.0013924562372267246,12.0,0.26822825492578545,0.25522257460215364,0.26621694593684553,0.2571696964248322,0.2570785392696348,0.26128016512903846,0.25276190854136926,130.86543271635816,133.10847296842277,128.5848482124161,2.870209782878934,2.919405326279772,2.82019079911808,10464,0.09118875804617665,True,True
8.0,500.0,R8_T500,gatekeeper,500.0,0.5276736526872979,0.4836617491769017,0.5572789540598514,0.49806835131474453,False,0.0,0.010847090211772553,0.010955477738869434,0.012462771424138803,0.00953053975688918,0.0017226958880200982,581.0,0.013077550345626165,0.008930827742153764,0.01234142387833601,0.009505093564403497,-0.00010838752709688177,0.000400054509402664,-0.0006340090407124917,6.2965784632522235,7.164017472064396,5.517568883484024,1301,0.0017226959490900969,True,0.002,0.125,119940,0.010842368640533779,0.018461944368519487,0.006347192863873292,0.01200600300150075,0.015091658673127655,0.009545129323225848,200,0,0.50940860848131,0.523581164227246,0.495236052735374,True,False,True,0.004418876104719026,0.0046523261630815405,0.0053157506146338076,0.004011405315319791,0.0013924562372267246,887.0,0.005018604278222719,0.003871333428484627,0.0047957731627101645,0.004052421988696521,-0.0002334500583625146,0.0004952053566247182,-0.0009613894619113223,2.209438052359513,2.397886581355082,2.0262109943482605,3.173439783841103,3.4441104453164137,2.9102687776442484,530,0.0013924562637739604,True,True
24.0,40.0,R24_T40,baseline,40.0,0.5699112324779712,0.5591359445966302,0.5771593998976732,0.5626630650582691,False,0.0,0.09034818690239942,0.09034818690239942,0.09228290287448014,0.08833920550602697,0.021464437246322632,47.0,0.0931999747263917,0.08750206887860641,0.09216418222890743,0.08850187594625906,0.0,0.0,0.0,4.209203445606785,4.293808284371296,4.123186241447029,7512,0.021464438122300148,True,0.025,0.041666666666666664,83145,0.17689530685920576,0.20430873452536744,0.1524553620270823,0.15515997113302862,0.166484008907796,0.14447267416356693,200,0,0.5028112262148925,0.5094344531881392,0.4961879992416458,True,True,True,0.055421252029586865,0.055421252029586865,0.057085431945600694,0.05375118168166833,0.017238587141036987,72.0,0.057785161405231725,0.05314751463418226,0.05707069041205684,0.05364091008849079,0.0,0.0,0.0,2.2168500811834746,2.2828276164822734,2.1456364035396316,3.214953148137198,3.310636066263068,3.1116765941316715,4608,0.017238587772795053,True,True
24.0,40.0,R24_T40,first_hop_cred,40.0,0.5725311544713858,0.5618838623911183,0.5796932234958138,0.5653690854469579,False,0.0,0.10243550423958145,0.09034818690239942,0.0921363002704449,0.08845560345597557,0.021464437246322632,47.0,0.1051894277517164,0.0995464530251449,0.10451518132178736,0.10043131641778341,0.01208731733718203,0.013259513992550634,0.010931235446654827,4.772335695717916,4.869225121397561,4.678963215600871,8517,0.021464438122300148,True,0.025,0.041666666666666664,83145,0.22382671480144403,0.25339966752400733,0.1967953423783659,0.17560740918931922,0.18747179526631297,0.16434200809729566,200,0,0.5027080222171865,0.508426943773049,0.49698910066132396,True,True,True,0.1375789283781346,0.055421252029586865,0.056962352174452766,0.05382717114006156,0.017238587141036987,72.0,0.14137966878085903,0.13413456443562946,0.13997154284759497,0.13508201556105612,0.08215767634854772,0.08479100196199235,0.07950420892921671,5.503157135125384,5.598861713903799,5.403280622442245,7.980870022035897,8.119664133305049,7.836025627008424,11439,0.017238587772795053,True,True
24.0,40.0,R24_T40,first_hop_content,40.0,0.5719990872165326,0.5629046718143113,0.578116589240192,0.5658815851928731,False,6.013590715015936e-06,0.09690901437248181,0.09034818690239942,0.09224832123579228,0.0885155431834141,0.021464437246322632,47.0,0.09970406610072333,0.09417363459434368,0.09871595098839073,0.09518758457052283,0.006560827470082386,0.007518979600403099,0.005621739715447766,4.514863786338748,4.599046591666022,4.4346646312455364,16115,0.021464438122300148,True,0.025,0.041666666666666664,166290,0.1900180396873121,0.20957969548553543,0.17188517356719255,0.16418089968727448,0.1722983673643061,0.15637361711089443,200,0,0.5009199303677202,0.5060422639021641,0.49579759683327623,True,True,True,0.12978531481147393,0.055421252029586865,0.05713336595300297,0.05386701744505536,0.017238587141036987,72.0,0.1324091705116731,0.12700175976429223,0.13167543849954602,0.12796626616209122,0.07436406278188706,0.0763571737681301,0.0724473384330515,5.191412592458957,5.267017539981841,5.118650646483649,7.528767235579102,7.638412162007181,7.423245328949754,21582,0.017238587772795053,True,True
24.0,40.0,R24_T40,cred_processor,40.0,0.5678444223908355,0.5569254551453264,0.5751892380020026,0.5604996067796685,False,0.0,0.0905285946238499,0.09034818690239942,0.09219420486347536,0.08847252443199079,0.021464437246322632,47.0,0.09345890742917923,0.08758870412393234,0.09245675621599041,0.08857058880415065,0.00018040772145047808,0.0006025119971319417,-0.0002173401442510482,4.217608404563668,4.307438922425548,4.126387483310435,7527,0.021464438122300148,True,0.025,0.041666666666666664,83145,0.18050541516245489,0.2081063422267638,0.15584474766029546,0.15612220351214817,0.16747308879048675,0.1454062822946289,200,0,0.5029016455533458,0.5098007820167209,0.49600250908997084,True,True,True,0.0553971976667268,0.055421252029586865,0.05708515436874228,0.05376168335323277,0.017238587141036987,72.0,0.05777117525582091,0.053226161821873744,0.05703865108315865,0.05392867844376742,-2.4054362860063743e-05,0.000825896530557382,-0.0008292192842220873,2.215887906669072,2.281546043326346,2.1571471377506968,3.2135577691666524,3.30877748426549,3.128369861530917,4606,0.017238587772795053,True,True
24.0,40.0,R24_T40,content_server,40.0,0.5639380853138971,0.5561903988010414,0.5691496888997084,0.5587264817280858,False,0.0,0.09904985266702748,0.09034818690239942,0.0921901684132681,0.08841547429237397,0.021464437246322632,41.0,0.10178489135500741,0.09643725349882165,0.10083476850119441,0.09719885249807239,0.00870166576462806,0.010276472564288333,0.007206695201082005,3.9219044181153797,3.9925786201206663,3.8486135898598235,16471,0.02525554988273391,True,0.025,0.041666666666666664,166290,0.12086590499098016,0.1374128222473349,0.1060665180780676,0.1397642530671157,0.14738407963549144,0.13247716445592167,200,0,0.5020693393317355,0.5071727496511422,0.49696592901232867,True,True,True,0.06697937338384749,0.055421252029586865,0.057068594669144004,0.053733778764099356,0.017238587141036987,57.0,0.06887484696474878,0.06505780136449914,0.06827671704512768,0.06566550041951964,0.011558121354260629,0.013499183945105256,0.009429424649523909,2.6791749353539,2.731068681805107,2.6266200167807856,3.0262300250340823,3.084845986071134,2.966867244929479,11138,0.022132941921060065,True,True
24.0,40.0,R24_T40,validator,40.0,0.5958404210714257,0.5886928281239029,0.6006483622514694,0.5910324798913819,False,0.00022851644717060556,0.1510253172169102,0.09034818690239942,0.0921954403286217,0.0884359164551791,0.021464437246322632,24.0,0.1539453586792522,0.14808574288592768,0.1530002002807634,0.14900936124565042,0.060677130314510795,0.0629858057522567,0.05820315446350456,3.5541732657310137,3.600649424284025,3.506730512754362,12557,0.04249239019185737,True,0.025,0.041666666666666664,83145,0.3489771359807461,0.3820122768439531,0.31733183532488285,0.26124609093095985,0.27481683316318517,0.248116203424417,200,0,0.5099239489235822,0.5156514368926747,0.5041964609544897,True,True,True,0.0935474171627879,0.055421252029586865,0.056957144512746104,0.05374218699504301,0.017238587141036987,34.0,0.0963381326995591,0.09066752132421539,0.09534963386746662,0.09171688058175118,0.03812616513320104,0.040748938481471035,0.03569029343392072,3.741896686511516,3.813985354698665,3.6686752232700472,3.0891904319936123,3.1487045347804843,3.0287411297781106,7778,0.030282178849821498,True,True
24.0,40.0,R24_T40,gatekeeper,40.0,0.5712030733426797,0.5614182950348249,0.5777849588682453,0.5646211878171141,False,0.0,0.08955840198849399,0.09034818690239942,0.09221305714433656,0.08843770737077346,0.02146443910896778,47.0,0.09204296668031159,0.086792053002289,0.09135127057246327,0.0876622690756436,-0.0007897849139054262,2.0066299051958533e-07,-0.0015244458948519206,4.17240840306221,4.255935797245737,4.0840700593307515,22339,0.021464438122300148,True,0.025,0.041666666666666664,249435,0.18123496391339214,0.19683973341751138,0.16661065916637713,0.15298268120590122,0.1594069930065556,0.14677207086091465,200,0,0.49953499957776487,0.5034698021057312,0.4956001970497985,True,True,True,0.055176699340509554,0.055421252029586865,0.05700033760872092,0.05376515031885393,0.017238589003682137,72.0,0.056704988164826935,0.05351558091624844,0.05631422377407562,0.054045122417644274,-0.0002445526890773147,0.0011622600896473959,-0.0015281226653076894,2.207067973620382,2.252568950963025,2.161804896705771,3.200766795269984,3.2667538963341003,3.135124705687039,13763,0.017238587772795053,True,True
24.0,50.0,R24_T50,baseline,50.0,0.5706892152008538,0.559505624583341,0.5782120338987663,0.5631663965029413,False,0.0,0.07625233026640207,0.07625233026640207,0.07804456549595211,0.07445967980525756,0.017192650586366653,59.0,0.07890033333511023,0.07362213478129549,0.07812953529714976,0.07442900763371707,0.0,0.0,0.0,4.435169658572744,4.544356128890501,4.32911722463373,6340,0.017192652398091212,True,0.02,0.041666666666666664,83145,0.148014440433213,0.17377721159581783,0.12549093827975594,0.12581188356988213,0.1362400265233623,0.11607467212854217,200,0,0.49623924285292115,0.5045176436415284,0.4879608420643139,True,True,True,0.04451259847254796,0.04451259847254796,0.04586329454096284,0.04317223236489593,0.013813326135277748,90.0,0.046523239370523495,0.04262484697553004,0.045932529825601635,0.0430984964851944,0.0,0.0,0.0,2.225629923627398,2.296626491280082,2.15492482425972,3.2224385157884927,3.32523281760122,3.1200662242200394,3701,0.013813327470627086,True,True
24.0,50.0,R24_T50,first_hop_cred,50.0,0.5757576101907405,0.5648176288889827,0.5831165612384299,0.568398659143051,False,0.0,0.08600637440615792,0.07625233026640207,0.0781200186276469,0.07446168307301228,0.017192650586366653,59.0,0.0889495484988563,0.08321220114066741,0.08801107530373295,0.08400014541510081,0.009754044139755847,0.010906328418584521,0.00860224750900843,5.002507607011624,5.119109795618519,4.885816537791854,7151,0.017192652398091212,True,0.02,0.041666666666666664,83145,0.17569193742478942,0.2030419942580185,0.15132643784956146,0.1421698340149146,0.15311647518857432,0.13188391969712668,200,0,0.4992469836590408,0.5059625202390859,0.4925314470789956,True,True,True,0.1244572734379698,0.04451259847254796,0.04591591147970835,0.04310646322309946,0.013813326135277748,90.0,0.1281368674221808,0.12084315249270078,0.1268016264338689,0.12208742584607069,0.07994467496542185,0.08246545567472328,0.07741412534765445,6.22286367189849,6.340081321693446,6.104371292303535,9.009941572920647,9.179658319366006,8.838379174437126,10348,0.013813327470627086,True,True
24.0,50.0,R24_T50,first_hop_content,50.0,0.5761631348781105,0.5655354023276618,0.5833120468761706,0.5690142228800505,False,6.013590715015936e-06,0.08094894461482952,0.07625233026640207,0.07815974745844798,0.07451929347580412,0.017192652449011803,59.0,0.08365275178777616,0.07843349854411852,0.0826774532939492,0.07930008356413482,0.004696614348427446,0.0056302089488683505,0.0037942659772580985,4.708345329183573,4.808882968117725,4.612440345326762,13461,0.017192652398091212,True,0.02,0.041666666666666664,166290,0.1581479254359591,0.17647010886856,0.1414014295533136,0.1343516959345682,0.14185134731843244,0.12718978190957955,200,0,0.5015140335451529,0.5065849481447052,0.4964431189456005,True,True,True,0.11706657044921523,0.04451259847254796,0.04590237111555491,0.04314599439929697,0.013813326135277748,90.0,0.11961828490155228,0.11450708788096707,0.11887125525366965,0.1152508871898631,0.07255397197666727,0.07442110503203035,0.07064442588497684,5.853328522460761,5.943562762683483,5.7625443594931545,8.47490010630297,8.605548192963619,8.343455799113913,19467,0.013813327470627086,True,True
24.0,50.0,R24_T50,cred_processor,50.0,0.5710601862638662,0.5598278666244942,0.5786157833072413,0.5635045892204912,False,0.0,0.07632449335498226,0.07625233026640207,0.07811817577189775,0.07441881616253368,0.017192650586366653,59.0,0.07897656634091524,0.0735875272921694,0.07803743601179491,0.0743668033087186,7.216308858019123e-05,0.00044735102790227036,-0.0003260572258339133,4.439366980016188,4.538999230884171,4.32549914851853,6346,0.017192652398091212,True,0.02,0.041666666666666664,83145,0.15042117930204574,0.17633251121381222,0.1277269675515012,0.126052441664662,0.13648859122393772,0.1163067794314049,200,0,0.4957108814469204,0.503565572749132,0.4878561901447087,True,True,True,0.04426002766251729,0.04451259847254796,0.04582394988246827,0.043163447332116904,0.013813326135277748,90.0,0.046397226571719546,0.04242711914038789,0.04573528559256769,0.042864015469254904,-0.0002525708100306693,0.0005304350349800418,-0.0010709772201696012,2.2130013831258646,2.2867642796283847,2.143200773462745,3.2041539416648614,3.3109535475662937,3.1030912399928066,3680,0.013813327470627086,True,True
24.0,50.0,R24_T50,content_server,50.0,0.5624875368644644,0.5539289740888436,0.5682445891634708,0.556730484565458,False,0.0,0.08470142522099947,0.07625233026640207,0.07811323451713258,0.0743780731946128,0.017192652449011803,51.0,0.08703641618959486,0.0823433072122922,0.08629188876398372,0.08310292970609606,0.00844909495459739,0.009938733758399794,0.006954814539711102,4.1893255110185095,4.267989706781262,4.110264054586567,14085,0.020218391957899408,True,0.02,0.041666666666666664,166290,0.10282621767889356,0.11835138932326804,0.0891317261167452,0.12292518643252345,0.13015785382402215,0.11604081069236526,200,0,0.5015493194310585,0.5069720694859747,0.49612656937614236,True,True,True,0.05473570268807505,0.04451259847254796,0.04587709807829651,0.043027536859531264,0.013813326135277748,72.0,0.0565257191005904,0.052970341301348416,0.05594881853400808,0.05355831559439818,0.010223104215527091,0.012036579515053367,0.008451498008336385,2.736785134403753,2.797440926700404,2.677915779719909,3.0858086832042093,3.1541999384045982,3.0194316908804733,9102,0.017737879534138575,True,True
24.0,50.0,R24_T50,validator,50.0,0.5958404210714257,0.5886928281239029,0.6006483622514694,0.5910324798913819,False,0.00022851644717060556,0.1510253172169102,0.07625233026640207,0.07802785022108003,0.07436295120178414,0.017192650586366653,24.0,0.15403304362221695,0.14804181196961413,0.15308065699630294,0.14902351110185724,0.07477298695050814,0.07731118955687924,0.07241445829953445,3.5541732657310137,3.6025428625014633,3.5070635101720864,12557,0.04249239019185737,True,0.02,0.041666666666666664,83145,0.3489771359807461,0.3820122768439531,0.31733183532488285,0.26124609093095985,0.27481683316318517,0.248116203424417,200,0,0.502362855457879,0.5081836170565665,0.4965420938591914,True,True,True,0.0935474171627879,0.04451259847254796,0.0459501502087253,0.04318879598862636,0.013813326135277748,34.0,0.09620142120957995,0.09061238669166556,0.09538760200971289,0.09162243912272788,0.04903481869023994,0.05134162422820946,0.04690483480949087,4.677370858139395,4.769380100485645,4.5811219561363945,3.0891904319936123,3.1499583462196994,3.0256224156495253,7778,0.030282178849821498,True,True
24.0,50.0,R24_T50,gatekeeper,50.0,0.5699975974956583,0.5595643936024243,0.57701565672292,0.5629795382683965,False,0.0,0.07574317958586406,0.07625233026640207,0.07808138389348997,0.07443993073942948,0.017192652449011803,59.0,0.07838806813281445,0.07359938112655935,0.07744981929034027,0.07401133217725461,-0.0005091506805380159,0.00019987629798178344,-0.001240996769693188,4.405555223943999,4.504820867485171,4.304823389872735,18893,0.017192652398091212,True,0.02,0.041666666666666664,249435,0.14274258219727345,0.1570212399409754,0.12956278495492984,0.12604233483001925,0.1319825548649703,0.12033240675191537,200,0,0.5030046226336884,0.5074953308537562,0.49851391441362053,True,True,True,0.04442439914206106,0.04451259847254796,0.045900700069001495,0.0431382255640816,0.013813327066600323,90.0,0.04581580422218319,0.043021534506898725,0.04539480811000154,0.043447006251445694,-8.819933048690039e-05,0.0011074121600910532,-0.001270607107075459,2.221219957103053,2.2697404055000767,2.1723503125722847,3.2160534264119867,3.286305070702906,3.1452961890487434,11081,0.013813327470627086,True,True
24.0,100.0,R24_T100,baseline,100.0,0.560283147268812,0.5451039941483767,0.5704936441314271,0.5500726504061969,False,0.0,0.04104877022069878,0.04104877022069878,0.04267446652477739,0.0394879485853338,0.008602803573012352,117.0,0.04320199141354734,0.03872461463109431,0.04274203761415029,0.03939536123367413,0.0,0.0,0.0,4.771557504887153,4.968384905453959,4.57936329253272,3413,0.008602803210200351,True,0.01,0.041666666666666664,83145,0.07220216606498195,0.09183755483997733,0.056503735008796935,0.06254510464277123,0.07031754213421426,0.05558041961344779,200,0,0.49784453902113246,0.5070943729818789,0.488594705060386,True,True,True,0.022021769198388358,0.022021769198388358,0.023064919215457492,0.021066399919076273,0.006916953716427088,178.0,0.023541927870814158,0.020550213263631507,0.02300926753318696,0.021109280517161738,0.0,0.0,0.0,2.202176919838836,2.300926753318696,2.110928051716174,3.183738170703698,3.326503091799807,3.051817568930754,1831,0.006916953599083468,True,True
24.0,100.0,R24_T100,first_hop_cred,100.0,0.5653355938026944,0.5510622947805492,0.5749367536123664,0.5557344339930224,False,0.0,0.047651692825786275,0.04104877022069878,0.042722527202125556,0.039443534121886885,0.008602803573012352,117.0,0.05027509232079577,0.04524663252320465,0.04945362239047754,0.0459288800947396,0.006602922605087498,0.007564992583573202,0.0056632040866757,5.539089022667126,5.748547442284899,5.338827237182607,3962,0.008602803210200351,True,0.01,0.041666666666666664,83145,0.08543922984356198,0.10640437314529286,0.06828922559704956,0.07505412557132547,0.08346182741507654,0.06743107851137109,200,0,0.5041748494944807,0.5128662869494642,0.4954834120394971,True,True,True,0.088303566059294,0.022021769198388358,0.02302983334755938,0.021020099540813568,0.006916953716427088,178.0,0.09099547803709832,0.08548166024398961,0.09029414571693992,0.08643026322279367,0.06628179686090564,0.06831040711361888,0.06432085543836945,8.8303566059294,9.02941457169399,8.643026322279367,12.766251037305597,13.054033748166875,12.495423308065291,7342,0.006916953599083468,True,True
24.0,100.0,R24_T100,first_hop_content,100.0,0.5664277130355749,0.552926684719301,0.5755093927690645,0.5573460333020853,False,1.8040772145047808e-05,0.04491550905045403,0.04104877022069878,0.04270012709959056,0.03944826062789492,0.008602802641689777,117.0,0.047116855656038056,0.042618287721748145,0.046486407556557294,0.04341397941752243,0.003866738829755247,0.004638214410626457,0.003117133523357883,5.221031790800198,5.403634887456024,5.046492213845649,7469,0.008602803210200351,True,0.01,0.041666666666666664,166290,0.08538785327720987,0.09979319538353242,0.07289356933393788,0.07072407986528746,0.07643522960934983,0.06540943822445767,200,0,0.4938705704779513,0.50041877392897,0.48732236702693255,True,True,True,0.08289734800649468,0.022021769198388358,0.023005312221482884,0.02107796739619143,0.006916953716427088,178.0,0.08496722168673505,0.08086999334685346,0.08440782004237042,0.08153420919192898,0.06087557880810632,0.062488888163184785,0.0593165625921059,8.289734800649468,8.440782004237041,8.153420919192898,11.984661573771293,12.203034013927011,11.787589438612496,13785,0.006916953599083468,True,True
24.0,100.0,R24_T100,cred_processor,100.0,0.5618333609745334,0.5466579436245902,0.5720413449121793,0.5516253770368875,False,1.2027181430031872e-05,0.04084430813638824,0.04104877022069878,0.0425796466004577,0.03943330819400066,0.008602803573012352,117.0,0.04338991403748014,0.03859329810784725,0.04237842583503402,0.03917687494879089,-0.00020446208431054182,1.2026465514675193e-05,-0.00041813605404068203,4.747790590857536,4.926118243038023,4.553966188874207,3396,0.008602803210200351,True,0.01,0.041666666666666664,83145,0.06859205776173286,0.08783729216335702,0.05331700435080773,0.06278566273755112,0.07057103575858725,0.055807597992513,200,0,0.5064118242540742,0.5165845611248674,0.4962390873832809,True,True,True,0.022105959468398582,0.022021769198388358,0.02300471116364013,0.021042815859677797,0.006916953716427088,178.0,0.023646120499010038,0.02063978306402103,0.023143325807834618,0.021109757346017267,8.41902700102231e-05,0.0005667867835309425,-0.0003834963510621937,2.210595946839858,2.3143325807834616,2.110975734601727,3.195909753005678,3.3458842070158212,3.051886505182631,1838,0.006916953599083468,True,True
24.0,100.0,R24_T100,content_server,100.0,0.5491064386395939,0.5366816015338557,0.5574642013737908,0.5407486759053969,False,0.0,0.04620843105418245,0.04104877022069878,0.042655456855667254,0.03952488263786697,0.008602802641689777,101.0,0.048181455712209935,0.044183138250551354,0.04767430155968685,0.04474854049583818,0.0051596608334836735,0.0063231983093901,0.004006623587990583,4.566006398371894,4.710853863534032,4.421749831372108,7684,0.010120097744641584,True,0.01,0.041666666666666664,166290,0.04149128081779916,0.05217976214093354,0.03291618868875621,0.0541255713254751,0.059198362202207935,0.049464620050502756,200,0,0.5067330943463352,0.5128817519068725,0.5005844367857979,True,True,True,0.027409946479042636,0.022021769198388358,0.02299917469202418,0.021047267522610717,0.006916953716427088,143.0,0.02854782569796037,0.026357334592587163,0.028202012998022184,0.02664573005652813,0.0053881772806542785,0.006605123916942625,0.004165081146211775,2.7409946479042637,2.8202012998022186,2.6645730056528127,3.085244559918492,3.174399017795441,2.99922488957853,4558,0.008884205432248382,True,True
24.0,100.0,R24_T100,validator,100.0,0.5958404210714257,0.5886928281239029,0.6006483622514694,0.5910324798913819,False,0.00022851644717060556,0.1510253172169102,0.04104877022069878,0.042636497028534545,0.03942264103453276,0.008602803573012352,24.0,0.15377235146194082,0.1480804217476187,0.15299676517696428,0.14899738126530146,0.10997654699621144,0.1123212563659922,0.10770957967810628,3.5541732657310137,3.6005685838374513,3.5064485803825924,12557,0.04249239019185737,True,0.01,0.041666666666666664,83145,0.3489771359807461,0.3820122768439531,0.31733183532488285,0.26124609093095985,0.27481683316318517,0.248116203424417,200,0,0.5020194827210971,0.5070919043320259,0.49694706111016834,True,True,True,0.0935474171627879,0.022021769198388358,0.02305397724710124,0.02101587671635204,0.006916953716427088,34.0,0.0962115345590103,0.09089391291450308,0.09544196220866587,0.09168966256128389,0.07152564796439954,0.07356510083433962,0.06943525578553712,9.35474171627879,9.544196220866587,9.168966256128389,3.0891904319936123,3.1517534680047787,3.027842316631201,7778,0.030282178849821498,True,True
24.0,100.0,R24_T100,gatekeeper,100.0,0.5604236714860821,0.5460055094523903,0.5701222756863054,0.5507250672858588,False,0.0,0.040816244713051494,0.04104877022069878,0.04264009458568469,0.03954134015676757,0.008602802641689777,117.0,0.042970007520772964,0.0385815480470081,0.04224767855855269,0.0394111261413579,-0.00023252550764728285,0.0004095997788157838,-0.0008470428319682634,4.744528465402491,4.910920025284268,4.5811958240109565,10181,0.008602803210200351,True,0.01,0.041666666666666664,249435,0.06976744186046512,0.08044150167983136,0.060416701140938944,0.06318152661962796,0.06758724271825209,0.05904481364726957,200,0,0.4972343985056908,0.5027064140329855,0.491762382978396,True,True,True,0.022025778258865036,0.022021769198388358,0.022998218790257107,0.021069006972266494,0.006916953716427088,178.0,0.022922259374569015,0.021130153427604947,0.02269713821350537,0.02140651723860925,4.0090604766772906e-06,0.0008357997446813446,-0.0008645286121484923,2.202577825886504,2.269713821350537,2.140651723860925,3.184317769860935,3.2813778332289028,3.0947897700868956,5494,0.006916953599083468,True,True
24.0,200.0,R24_T200,baseline,200.0,0.554263475630941,0.5313649483724098,0.5696665313137363,0.5388604199481457,False,0.0,0.023224487341391545,0.023224487341391545,0.02465923216883648,0.02185205831812256,0.00430335383862257,233.0,0.025103878808307414,0.021207481855237645,0.024621138030982644,0.021828116006150373,0.0,0.0,0.0,5.396834105092422,5.721383446642472,5.072349679036994,1931,0.004303353945876723,True,0.005,0.041666666666666664,83145,0.05054151624548736,0.06761253332669447,0.03760679651442278,0.03656483040654318,0.042711683028923,0.03127370234741515,200,0,0.5064579081572304,0.5198998810309888,0.4930159352834719,True,True,True,0.011534066991400565,0.011534066991400565,0.012331994010640389,0.010756182063165937,0.003466459922492504,356.0,0.012715676280118134,0.01047229098015245,0.012314627498961561,0.010805206856205988,0.0,0.0,0.0,2.306813398280113,2.4629254997923122,2.1610413712411973,3.3273332192926093,3.5525083382174416,3.1170725591231183,959,0.003466459843734168,True,True
24.0,200.0,R24_T200,first_hop_cred,200.0,0.5541747067222261,0.5339055232734499,0.5678090928022294,0.5405403206422229,False,0.0,0.026964940766131457,0.023224487341391545,0.024560193643390453,0.021896237542879823,0.00430335383862257,233.0,0.029114728722041898,0.02484830026612978,0.02833248045530764,0.025448294780919534,0.003740453424739912,0.004416871105978084,0.0030357557000075075,6.266029033463081,6.583813651315976,5.913595558483617,2242,0.004303353945876723,True,0.005,0.041666666666666664,83145,0.0457280385078219,0.06214179849652872,0.033494873565109204,0.04185710849170075,0.0483797213800983,0.03618044807187991,200,0,0.4992809722919804,0.5109269140933903,0.48763503049057044,True,True,True,0.05710505742979133,0.011534066991400565,0.012340204629966352,0.01077076303750184,0.003466459922492504,356.0,0.05932783341063574,0.05489351705153608,0.05864602863656969,0.055497992894737926,0.04557099043839076,0.047342225514801356,0.043886838908563416,11.421011485958266,11.729205727313937,11.099598578947585,16.47359554244141,16.91813298878274,16.009991575426394,4748,0.003466459843734168,True,True
24.0,200.0,R24_T200,first_hop_content,200.0,0.5455482104925521,0.5272563716446743,0.5578525045256807,0.5332439164594235,False,6.013590715015936e-06,0.026129051656744243,0.023224487341391545,0.02455019480026923,0.02189755396091386,0.00430335383862257,233.0,0.02821350089896415,0.024289290329928357,0.027475128118071297,0.024805822759589015,0.002904564315352697,0.0035295652731750283,0.0023095643553120147,6.071787723103721,6.384584782852154,5.76429990922704,4345,0.004303353945876723,True,0.005,0.041666666666666664,166290,0.05171377029464823,0.0634279800547581,0.042065831543318916,0.04089487611258119,0.04536826981702095,0.03684554276959807,200,0,0.497956641930565,0.5065943165739024,0.48931896728722757,True,True,True,0.05423657465872873,0.011534066991400565,0.01232519953940658,0.010804888586567404,0.003466459456831217,356.0,0.05578524686956289,0.05257098405779808,0.055485830150922316,0.05308979781535818,0.04270250766732816,0.04395560573145456,0.04141357347055285,10.847314931745746,11.097166030184463,10.617959563071636,15.64609922043798,16.00648288230318,15.315278471008726,9019,0.003466459843734168,True,True
24.0,200.0,R24_T200,cred_processor,200.0,0.5525493348973524,0.5297548952793979,0.5678823743862853,0.5372162954084194,False,0.0,0.02330867761140177,0.023224487341391545,0.02459961254924293,0.02182626988103223,0.00430335383862257,233.0,0.02540923498089788,0.02150146048092677,0.024647251385891703,0.021856046520452376,8.41902700102231e-05,0.00020354509726816888,-2.4140026789807805e-05,5.4163979780782565,5.727451586804189,5.078840085044328,1938,0.004303353945876723,True,0.005,0.041666666666666664,83145,0.05054151624548736,0.06761253332669447,0.03760679651442278,0.03656483040654318,0.042711683028923,0.03127370234741515,200,0,0.5007247052001788,0.5133606676611282,0.4880887427392293,True,True,True,0.011149197185639545,0.011534066991400565,0.012295967274076783,0.010758981746748341,0.003466459922492504,356.0,0.012321365445701948,0.00999365778272334,0.01190579733820567,0.010414759202710306,-0.0003848698057610199,-0.00010870865267243684,-0.0006484403094374012,2.229839437127909,2.381159467641134,2.0829518405420613,3.2163064591076633,3.434569524792305,3.0044367084002435,927,0.003466459843734168,True,True
24.0,200.0,R24_T200,content_server,200.0,0.5384883730467064,0.5216337311687289,0.5498259138600937,0.527150832233319,False,0.0,0.025798304167418365,0.023224487341391545,0.024542862968595515,0.021879741320999634,0.00430335383862257,203.0,0.027428731716539503,0.024208180074829923,0.026973528656219898,0.024645919328215485,0.0025738168260268208,0.0035240350932555227,0.001571156832681181,5.096160326098722,5.328312500723205,4.868519863383336,4290,0.005062302305384457,True,0.005,0.041666666666666664,166290,0.017438364401683705,0.02493210930616228,0.012168875009675135,0.029708924705316334,0.03358127219290124,0.026270969676022077,200,0,0.4982523482690149,0.5078234252035743,0.48868127133445544,True,True,True,0.0138492994166817,0.011534066991400565,0.012295578087437765,0.010780247863113598,0.003466459456831217,287.0,0.014548200074747488,0.013072355946001592,0.014354746339602296,0.013341104548683272,0.0023152324252811354,0.003174715584504716,0.001441828057863425,2.76985988333634,2.870949267920459,2.6682209097366543,3.1101125636184546,3.223619881058941,2.99598814503418,2303,0.0044529897659294874,True,True
24.0,200.0,R24_T200,validator,200.0,0.5958404210714257,0.5886928281239029,0.6006483622514694,0.5910324798913819,False,0.00022851644717060556,0.1510253172169102,0.023224487341391545,0.02456386122716135,0.02187830549531939,0.00430335383862257,24.0,0.1539557544033721,0.14804960856729163,0.15305365810670696,0.1489834215894947,0.12780082987551866,0.13011586434518513,0.12546681512662677,3.5541732657310137,3.6019074807431277,3.5061200585991923,12557,0.04249239019185737,True,0.005,0.041666666666666664,83145,0.3489771359807461,0.3820122768439531,0.31733183532488285,0.26124609093095985,0.27481683316318517,0.248116203424417,200,0,0.5057734825190783,0.5116776864222858,0.4998692786158707,True,True,True,0.0935474171627879,0.011534066991400565,0.012283030354741532,0.01078725460744049,0.003466459922492504,34.0,0.09646485114830933,0.09059423056678821,0.09551776142308496,0.09171330621315595,0.08201335017138733,0.08391657181534938,0.07993910886793969,18.70948343255758,19.103552284616992,18.342661242631188,3.0891904319936123,3.1542565644561606,3.028623094394562,7778,0.030282178849821498,True,True
24.0,200.0,R24_T200,gatekeeper,200.0,0.5523396083733058,0.5327176740017918,0.5655386121483621,0.5391406045982494,False,0.0,0.023032052438511034,0.023224487341391545,0.02464950062071053,0.021952777450391377,0.00430335383862257,233.0,0.02494801874423886,0.021113685335988543,0.024295659405141556,0.0217483700844784,-0.00019243490288050995,0.00022328397379868206,-0.0006128723067606757,5.352116681124799,5.645749736300577,5.053818569889352,5745,0.004303353945876723,True,0.005,0.041666666666666664,249435,0.045308740978348035,0.05419414211656526,0.037821889569132336,0.034717767799871714,0.03807652778105744,0.03164553959947161,200,0,0.5067364184997125,0.5141056727672928,0.4993671642321323,True,True,True,0.011004871008479163,0.011534066991400565,0.012326015133435805,0.010786802030456852,0.0034664596896618605,356.0,0.011723565425707258,0.01031658889523089,0.011493327704750618,0.010572005823732312,-0.0005291959829214024,0.0001281282050838076,-0.0011631042152135344,2.2009742016958325,2.2986655409501235,2.1144011647464622,3.1746714240383085,3.3155808008350336,3.049799016954384,2745,0.003466459843734168,True,True
24.0,500.0,R24_T500,baseline,500.0,0.5543672019909491,0.5182872808520635,0.5786369302603105,0.5300974737215878,False,0.0,0.011077034097059355,0.011077034097059355,0.012050081975433816,0.01012611099383617,0.0017210956430062652,581.0,0.012390431231282872,0.009692894103839576,0.012040311552988998,0.010199299234962706,0.0,0.0,0.0,6.436036559640508,6.99572508899933,5.926050437667231,921,0.0017210955833473506,True,0.002,0.041666666666666664,83145,0.02888086642599278,0.042613911116548074,0.019483458716912185,0.01732018282415203,0.021754838042727515,0.01377678705855591,200,0,0.49617982333263405,0.515077998612264,0.47728164805300416,True,True,True,0.004726682302002526,0.004726682302002526,0.005208628377269165,0.0042681039100925825,0.0013872371055185795,888.0,0.005517100917452717,0.004047270503698119,0.005227809060318147,0.004223388920213111,0.0,0.0,0.0,2.3633411510012627,2.6139045301590738,2.1116944601065555,3.407263595681097,3.7685044939126326,3.0444608710317635,393,0.001387237050867995,True,True
24.0,500.0,R24_T500,first_hop_cred,500.0,0.5610813865706926,0.5254536495354414,0.5850469460676033,0.5371158270737819,False,0.0,0.012387996872932829,0.011077034097059355,0.012042449971448104,0.010133788711704545,0.0017210956430062652,581.0,0.013800302339523748,0.01087203643420824,0.013400404060140295,0.011364285445883837,0.0013109627758734741,0.0017703933949038484,0.0008290684013903293,7.197739040640307,7.785973184637377,6.602936847808006,1030,0.0017210955833473506,True,0.002,0.041666666666666664,83145,0.026474127557160047,0.03975892858812158,0.017547112355599002,0.019725763771950927,0.024417584508184022,0.015920760627481247,200,0,0.5048897089033909,0.5212149090847568,0.488564508722025,True,True,True,0.026760478681820916,0.004726682302002526,0.005207330402420324,0.004238290671411034,0.0013872371055185795,888.0,0.02837721129590152,0.025107114546346433,0.027923987473095553,0.025549516221494577,0.02203379637981839,0.023344538940947398,0.02077281454591002,13.380239340910459,13.961993736547777,12.774758110747289,19.29048727834718,20.129211121937306,18.41755610946826,2225,0.001387237050867995,True,True
24.0,500.0,R24_T500,first_hop_content,500.0,0.5495466788528005,0.5186185203964987,0.5703509926626,0.528742365043001,False,0.0,0.012009140657886825,0.011077034097059355,0.012035358430712503,0.010155327055292516,0.0017210956430062652,581.0,0.013524074741841089,0.0106950470683702,0.012930258121190724,0.011095488390948878,0.0009321065608274701,0.0013156411517356236,0.0005505191322156562,6.97761401172752,7.512806520624919,6.446758970451435,1997,0.0017210955833473506,True,0.002,0.041666666666666664,166290,0.030667468430547205,0.040096546408056,0.023401669490400193,0.01744046187154198,0.020485341698717394,0.014841306479830008,200,0,0.5004460715285768,0.5135311070531191,0.4873610360040344,True,True,True,0.02545552949666246,0.004726682302002526,0.005200715105676668,0.004241696703598084,0.0013872371055185795,888.0,0.026509293235152488,0.02439723185941316,0.026203197297671628,0.024729004628156637,0.020728847194659932,0.02161774710211447,0.01985148740275219,12.727764748331229,13.101598648835814,12.364502314078319,18.349805089717666,18.88876690633102,17.826084311029383,4233,0.001387237050867995,True,True
24.0,500.0,R24_T500,cred_processor,500.0,0.5535063320422489,0.5173246738553868,0.5778444953422692,0.5291681687422285,False,0.0,0.011065006915629323,0.011077034097059355,0.011981789225756165,0.010094684288590563,0.0017210956430062652,581.0,0.012362139890510236,0.009741771347488229,0.01198158778236402,0.0101244113448365,-1.2027181430031872e-05,4.7915568160243345e-05,-7.248132118516905e-05,6.429048463484546,6.961605095204002,5.882538682218671,920,0.0017210955833473506,True,0.002,0.041666666666666664,83145,0.02888086642599278,0.042613911116548074,0.019483458716912185,0.01732018282415203,0.021754838042727515,0.01377678705855591,200,0,0.4863043808743241,0.5052430043108119,0.4673657574378363,True,True,True,0.004738709483432558,0.004726682302002526,0.005194993397939785,0.00422765565564229,0.0013872371055185795,888.0,0.005459548846702666,0.00406034809244896,0.005257115524334595,0.004260957827324651,1.2027181430031872e-05,0.00013231849439090525,-0.00010788433826414487,2.369354741716279,2.6285577621672975,2.1304789136623254,3.4159334776039496,3.7896302733878215,3.071542693196211,394,0.001387237050867995,True,True
24.0,500.0,R24_T500,content_server,500.0,0.5309502293987396,0.5055698022336942,0.5480227742162529,0.5138776845812263,False,0.0,0.011798664982861267,0.011077034097059355,0.01203962930851953,0.010199750579824243,0.0017210956430062652,508.0,0.013118001241711606,0.01058980712521948,0.012614644299733994,0.01095353146260316,0.0007216308858019123,0.0013591209082537876,0.00010148516403604253,5.827592841722462,6.230621085418548,5.410164763197473,1962,0.0020246206801527223,True,0.002,0.041666666666666664,166290,0.00841852074564041,0.014081531931787222,0.005021339941355567,0.012027904738994467,0.014606746011274098,0.009899787303872165,200,0,0.5062734402282678,0.5179721578942749,0.49457472256226076,True,True,True,0.0053220277827891035,0.004726682302002526,0.005216738407916501,0.004264728855575792,0.0013872371055185795,718.0,0.00579449162564809,0.0048171563128117404,0.005640165118234976,0.004970568631680866,0.0005953454807865777,0.0011599519440320973,-6.188894871787474e-06,2.6610138913945516,2.820082559117488,2.485284315840433,2.985952697610807,3.1644453838116076,2.7887646250972757,885,0.001782355020910912,True,True
24.0,500.0,R24_T500,validator,500.0,0.5958404210714257,0.5886928281239029,0.6006483622514694,0.5910324798913819,False,0.00022851644717060556,0.1510253172169102,0.011077034097059355,0.01195641648874933,0.010122006924296581,0.0017210956430062652,24.0,0.15392440735477134,0.14812691194345662,0.1531043146229719,0.1490392549055208,0.13994828311985086,0.14207812963733843,0.13768674389499766,3.5541732657310137,3.6030996122291703,3.507434018952423,12557,0.04249239019185737,True,0.002,0.041666666666666664,83145,0.3489771359807461,0.3820122768439531,0.31733183532488285,0.26124609093095985,0.27481683316318517,0.248116203424417,200,0,0.5011848870493554,0.5067391047717239,0.49563066932698685,True,True,True,0.0935474171627879,0.004726682302002526,0.005204528606972877,0.00423860613787296,0.0013872371055185795,34.0,0.09628443840890606,0.09065146715174827,0.09536188487515072,0.09165632635707711,0.08882073486078537,0.09069332874851453,0.08697813655548332,46.773708581393954,47.68094243757536,45.82816317853856,3.0891904319936123,3.1491090964120914,3.0267414643982065,7778,0.030282178849821498,True,True
24.0,500.0,R24_T500,gatekeeper,500.0,0.5500724667383031,0.5158742142423319,0.573076460903626,0.5270684725729803,False,0.0,0.010980816645619099,0.011077034097059355,0.01204375874400258,0.010197977350010089,0.0017210955265909433,581.0,0.012252911013805975,0.009651444929101896,0.011828055475778683,0.010139762037348692,-9.621745144025497e-05,0.00020385916551870324,-0.0003766911333073777,6.380131790392816,6.872398947636803,5.891457822248267,2739,0.0017210955833473506,True,0.002,0.041666666666666664,249435,0.02165196471531676,0.02814253338770991,0.0166327098230813,0.016196279666452856,0.018565258928029904,0.014125238155222243,200,0,0.49978894416546277,0.5101542105881697,0.48942367774275586,True,True,True,0.004506183975785275,0.004726682302002526,0.00522635922934374,0.004261751859006725,0.0013872369891032577,888.0,0.0049343993035342966,0.004115489158708877,0.0047717187290197026,0.004228347863188278,-0.00022049832621725098,0.0002946220422871539,-0.0007269481382051906,2.2530919878926374,2.385859364509851,2.1141739315941392,3.2483157604287984,3.4397284343249304,3.048035561436741,1124,0.001387237050867995,True,True
40.0,50.0,R40_T50,baseline,50.0,0.5618162241603554,0.5534808559908605,0.5674231410857001,0.5562093072350106,False,0.0,0.07456935959018415,0.07456935959018415,0.07591266038856369,0.0732262821621597,0.017236769199371338,59.0,0.0764415404145902,0.07265041084112238,0.07593343558678264,0.07320453356819896,0.0,0.0,0.0,4.326179681749242,4.4053172510307546,4.246998599359844,10277,0.01723676894530485,True,0.02,0.025,137818,0.13425253991291727,0.15327332287648085,0.11726528083551215,0.11130460020316355,0.11894799515553828,0.10409432829822379,200,0,0.49529848644748004,0.50132000330115,0.4892769695938101,True,True,True,0.04451523023117445,0.04451523023117445,0.045519402484281345,0.04355105565385658,0.013814961537718773,89.0,0.04611333344969821,0.043078645533265326,0.04547508749919723,0.043518463844189656,0.0,0.0,0.0,2.2257615115587224,2.2737543749598617,2.1759231922094826,3.2222479213891417,3.2917274696393646,3.1500966957997694,6135,0.013814961268400325,True,True
40.0,50.0,R40_T50,first_hop_cred,50.0,0.5665468131179802,0.5585274318418466,0.5719411764734589,0.5611524497625014,False,3.627973123975098e-05,0.08408190512124686,0.07456935959018415,0.0759825910991063,0.07322319726543736,0.017236769199371338,59.0,0.08595855585921719,0.08208019042872121,0.08546977196862364,0.0828024412352933,0.009512545531062707,0.010409404619053157,0.008705854073021256,4.878054894629776,4.958572702333802,4.8038261403885665,11588,0.01723676894530485,True,0.02,0.025,137818,0.15529753265602322,0.1753762899586176,0.1371352909207409,0.1349586417065738,0.14322959515414946,0.1270944536223816,200,0,0.5037695688166789,0.5092819920920645,0.4982571455412933,True,True,True,0.12351071703260823,0.04451523023117445,0.04544701554523352,0.04356663013320408,0.013814961537718773,89.0,0.12564134356593407,0.12127000335972507,0.12509521592444534,0.12188541586888844,0.07899548680143377,0.08061651749593658,0.07728207583640286,6.1755358516304115,6.254760796222267,6.094270793444422,8.940359269419066,9.055053683761104,8.822711370728433,17022,0.013814961268400325,True,True
40.0,50.0,R40_T50,first_hop_content,50.0,0.5663421742471566,0.5590420756028098,0.5712527007905996,0.5614316477037136,False,0.0,0.0799968073836509,0.07456935959018415,0.0759161069969266,0.0732078763858659,0.017236769199371338,59.0,0.08181185925247583,0.07835557169099387,0.0812049848402333,0.07882928643764829,0.005427447793466746,0.006184698424661819,0.004704718835347792,4.641055852027381,4.711148887469008,4.573321524920755,22050,0.01723676894530485,True,0.02,0.025,275636,0.13642960812772134,0.1497515352764154,0.12411979758763694,0.12400232186910463,0.12960980389628804,0.11860438520794489,200,0,0.5026991133064869,0.5065856965941619,0.4988125300188118,True,True,True,0.11608062807470722,0.04451523023117445,0.04550965375231642,0.04356968739096146,0.013814961537718773,89.0,0.11805354694793274,0.11427350434782692,0.11735742850279456,0.11487090523465333,0.07156539784353277,0.07283492564770885,0.07035758859641467,5.804031403735361,5.867871425139728,5.743545261732667,8.402530113509942,8.494951684825368,8.314963972964838,31996,0.013814961268400325,True,True
40.0,50.0,R40_T50,cred_processor,50.0,0.5621754197491879,0.5535431346344725,0.567982062542872,0.5563687769555039,False,0.0,0.0745185679664485,0.07456935959018415,0.07589403481500472,0.0732627099304998,0.017236769199371338,59.0,0.07647729898608482,0.07246133728595668,0.07585009079937557,0.07316322138261819,-5.079162373565137e-05,0.00028369066633867306,-0.00036156962453651957,4.32323297962097,4.400481960398761,4.244601851703026,10270,0.01723676894530485,True,0.02,0.025,137818,0.13497822931785197,0.15403777693184503,0.11794817082040202,0.11217530111739951,0.11984351434786579,0.10493924071286938,200,0,0.5072565678082619,0.5130657848939718,0.501447350722552,True,True,True,0.04426127211249619,0.04451523023117445,0.045525525543801355,0.0435449719250826,0.013814961537718773,89.0,0.045672723662992576,0.042861037634012694,0.04517582871100074,0.043264169916798476,-0.0002539581186782568,0.00027520209561211414,-0.0008001949536950899,2.2130636056248094,2.258791435550037,2.163208495839924,3.203865088911779,3.2700655349887766,3.1316895557107967,6100,0.013814961268400325,True,True
40.0,50.0,R40_T50,content_server,50.0,0.5584317948319566,0.5517281595563717,0.5629411008786376,0.5539224887852756,False,0.0,0.08230057031737509,0.07456935959018415,0.07601759334194763,0.07329164822839,0.017236769199371338,51.0,0.08405013399315868,0.0805189672235673,0.08349377048163939,0.08114839172448886,0.007731210727190933,0.008741076222233246,0.006803699509759467,4.057593052489802,4.116420356821694,4.000788198821179,22685,0.020283101152017743,True,0.02,0.025,275636,0.09325108853410741,0.10468068062526208,0.08295381452504001,0.11246553475547816,0.11784855071247861,0.10729849367303045,200,0,0.5032091525335622,0.5072455893732961,0.4991727156938283,True,True,True,0.053937076434137775,0.04451523023117445,0.045544345865249775,0.04353135039281876,0.013814961537718773,71.0,0.05524443702211602,0.0526471609633912,0.054831664672450396,0.05308097607372415,0.009421846202963328,0.01070512553182313,0.008139733945806717,2.6968538217068887,2.74158323362252,2.6540488036862073,3.0403822410394032,3.09080933817971,2.9921246693571972,14867,0.017740228746928387,True,True
40.0,50.0,R40_T50,validator,50.0,0.575233876550611,0.5691000388026223,0.5793598992993579,0.571107853801864,False,0.0,0.10167757477252609,0.07456935959018415,0.07600426558605941,0.07327415135632423,0.017236769199371338,40.0,0.10338191401309932,0.09986859120532145,0.10285893978445805,0.10040258805327214,0.027108215182341928,0.02872765439676077,0.025461797236194447,3.9809276573280195,4.02718100925858,3.9310087848061364,14013,0.025541176209359105,True,0.02,0.025,137818,0.1988388969521045,0.22073682136005152,0.1786154019345459,0.16746480917138296,0.17646554073902113,0.15883462136450535,200,0,0.4994522841389445,0.504735584381759,0.49416898389612995,True,True,True,0.05735099914379834,0.04451523023117445,0.045520544452392356,0.04357201575575589,0.013814961537718773,56.0,0.05907241412691941,0.055555491402317726,0.058609737512036304,0.05609053365007138,0.012835768912623896,0.01426622599798987,0.011388455972414047,2.867549957189917,2.930486875601815,2.804526682503569,3.138197748387669,3.2070748380981575,3.0692261518437918,7904,0.018275138707643235,True,True
40.0,50.0,R40_T50,gatekeeper,50.0,0.560821808598336,0.55334032500569,0.5658543465893769,0.555789270607295,False,0.0,0.07470722256889521,0.07456935959018415,0.07585545642742501,0.07326156009403353,0.01723676733672619,59.0,0.07654814738191522,0.07288783412853188,0.07597582679901621,0.07349159489647838,0.0001378629787110537,0.0006359876416646085,-0.00036679098525323374,4.3341778732402645,4.407776598972824,4.26365260970194,30888,0.01723676894530485,True,0.02,0.025,413454,0.13615477629987907,0.14694617387297154,0.12603878340602187,0.111062738838098,0.11541838701672069,0.10685160852266659,200,0,0.505149373104837,0.5087637151779483,0.5015350310317257,True,True,True,0.045170684042239284,0.04451523023117445,0.04549893870031683,0.04353807776354521,0.013814961537718773,89.0,0.04617205670985103,0.044087532447436004,0.04594268122276249,0.04439738333554854,0.0006554538110648343,0.0014809201996142463,-0.0001569394341846063,2.258534202111964,2.2971340611381246,2.219869166777427,3.2696931366402398,3.3255743776748443,3.213717539483876,18676,0.013814961268400325,True,True
40.0,100.0,R40_T100,baseline,100.0,0.5519903408076258,0.538973526467985,0.5607463063691837,0.5432343752460679,False,0.0,0.041438709022043566,0.041438709022043566,0.04266020963723883,0.040152292634981455,0.008599347434937954,117.0,0.043425636640769615,0.03958876388926296,0.04269841476988544,0.040163830173071964,0.0,0.0,0.0,4.81882005826854,4.965308582367769,4.670567086246206,5711,0.00859934766622786,True,0.01,0.025,137818,0.07039187227866474,0.08512639792231405,0.05804593024732856,0.05964301262516326,0.06548374280039723,0.054292971972961394,200,0,0.5058416046250067,0.5136381107224142,0.49804509852759926,True,True,True,0.022812695003555414,0.022812695003555414,0.023583949740760654,0.022088158972922774,0.006907522678375244,178.0,0.023906429141901556,0.021681230421446675,0.023570202395538403,0.02205006911181322,0.0,0.0,0.0,2.2812695003555414,2.35702023955384,2.205006911181322,3.302586920579092,3.412251035433347,3.192181802070726,3144,0.006907522966740062,True,True
40.0,100.0,R40_T100,first_hop_cred,100.0,0.559838785733977,0.5484932094986869,0.5674705666137043,0.5522070048542498,False,0.0,0.04726523385914757,0.041438709022043566,0.042701360578522626,0.04019602252345118,0.008599347434937954,117.0,0.049269133818994254,0.04533987719156732,0.04857620847775209,0.04586758961114587,0.005826524837104006,0.0065410529861427355,0.005106456823518279,5.496374340669107,5.648824813598942,5.333845239364056,6514,0.00859934766622786,True,0.01,0.025,137818,0.08780841799709724,0.10392032887278914,0.07398825626294904,0.07386446089101727,0.08028008135726299,0.06792368299665612,200,0,0.5050926673669286,0.5118355241656363,0.498349810568221,True,True,True,0.08773164608396582,0.022812695003555414,0.02354570306912086,0.022098443339972466,0.006907522678375244,178.0,0.08995124119175782,0.08546791260911017,0.0892769216683161,0.08618591370441168,0.0649189510804104,0.06654291327513055,0.06348724678844633,8.773164608396582,8.92769216683161,8.618591370441168,12.700883733054008,12.924592809634836,12.477108526370385,12091,0.006907522966740062,True,True
40.0,100.0,R40_T100,first_hop_content,100.0,0.5551657400403206,0.5444248266334476,0.5623907849273672,0.547940695153274,False,0.0,0.04560725014149095,0.041438709022043566,0.04272281381288677,0.040226600976524904,0.00859934650361538,117.0,0.0472780883727633,0.043901315603413774,0.04681119299524766,0.04442829492403548,0.004168541119447387,0.00472228896270309,0.0036178695296394062,5.303570911617388,5.443574886393864,5.1664726963556,12571,0.00859934766622786,True,0.01,0.025,275636,0.07402031930333818,0.08439869913964046,0.06482779265915942,0.06544768538673633,0.06969893694337599,0.06143861198469251,200,0,0.501618958876144,0.5066201140983899,0.49661780365389824,True,True,True,0.082315082209871,0.022812695003555414,0.02356902070950015,0.022055425379943663,0.006907522678375244,178.0,0.08384934355353876,0.08067919603385672,0.08336601014659405,0.08130948873083668,0.05950238720631557,0.06072167027377523,0.05830984281402538,8.231508220987099,8.336601014659404,8.130948873083668,11.916729427642974,12.068871945559064,11.771149965384755,22689,0.006907522966740062,True,True
40.0,100.0,R40_T100,cred_processor,100.0,0.5515508183997165,0.538637827462715,0.5602369455112303,0.5428646912882028,False,0.0,0.041453220914539464,0.041438709022043566,0.042668388851307366,0.04007726881267961,0.008599347434937954,117.0,0.043210243476928485,0.039684841838884016,0.04277407862264901,0.0401769373689289,1.451189249590039e-05,0.0002037926194713793,-0.00016807500872689023,4.820507615634419,4.974107372194668,4.672091294403112,5713,0.00859934766622786,True,0.01,0.025,137818,0.07111756168359942,0.08591369671791436,0.05870597549198224,0.05862719489188797,0.06442374431130576,0.05332246692058425,200,0,0.5035508416137509,0.5116042370492765,0.4954974461782253,True,True,True,0.02308842096097752,0.022812695003555414,0.02355456169852635,0.022067246622891057,0.006907522678375244,178.0,0.024083328647736588,0.021965112916509457,0.02380942489325916,0.02238364985724911,0.0002757259574221074,0.0006817748907651871,-0.00012246888186331055,2.3088420960977523,2.380942489325916,2.2383649857249113,3.3425036836140807,3.4468832037044654,3.240474185178548,3182,0.006907522966740062,True,True
40.0,100.0,R40_T100,content_server,100.0,0.5441926469211644,0.5350736214339429,0.5503267033068288,0.5380585905355001,False,0.0,0.046525127341856654,0.041438709022043566,0.04273667492609317,0.0401160208930695,0.00859934650361538,101.0,0.048016294623895776,0.044912191267178034,0.04766038188678119,0.04539338679258128,0.005086418319813087,0.006029531883753146,0.004128633531739275,4.596583205395624,4.708743929571751,4.484769656483867,12824,0.010121676311057285,True,0.01,0.025,275636,0.03737300435413643,0.045122605966789464,0.0309112756716005,0.05565230010158177,0.059604949535602976,0.051947287838832075,200,0,0.5027351335264442,0.5077697363590603,0.4977005306938281,True,True,True,0.027148122886705654,0.022812695003555414,0.02355074954387921,0.022082574584658246,0.006907522678375244,143.0,0.028049417521088454,0.026213618444225692,0.027795505348382397,0.02654850914585382,0.0043354278831502415,0.005233282563214309,0.003413131966351284,2.7148122886705655,2.77955053483824,2.654850914585382,3.059432206239744,3.1323883646185067,2.9918592989812343,7483,0.008873582108254195,True,True
40.0,100.0,R40_T100,validator,100.0,0.575233876550611,0.5691000388026223,0.5793598992993579,0.571107853801864,False,0.0,0.10167757477252609,0.041438709022043566,0.04266229824813215,0.04018861918914491,0.008599347434937954,40.0,0.10355811170861433,0.09994469508930814,0.10300918735216345,0.10042408842465628,0.06023886575048252,0.06189524577695501,0.05872794144589725,3.9809276573280195,4.033063571849819,3.9318505773378467,14013,0.025541176209359105,True,0.01,0.025,137818,0.1988388969521045,0.22073682136005152,0.1786154019345459,0.16746480917138296,0.17646554073902113,0.15883462136450535,200,0,0.49596101450194985,0.5008958513956789,0.49102617760822076,True,True,True,0.05735099914379834,0.022812695003555414,0.023577352231212177,0.022058069928646368,0.006907522678375244,56.0,0.059233851271886406,0.05551270258066946,0.05862067533559596,0.05604247461156642,0.03453830414024293,0.03589953680948749,0.03321079940494284,5.735099914379834,5.862067533559596,5.604247461156642,3.138197748387669,3.2076733464725473,3.066596402254813,7904,0.018275138707643235,True,True
40.0,100.0,R40_T100,gatekeeper,100.0,0.5510343492074762,0.5392489870000248,0.5589619590608851,0.5431067393540673,False,0.0,0.041697504438220456,0.041438709022043566,0.042706103605922904,0.040195677760293716,0.008599347434937954,117.0,0.04358665170988164,0.040039781364335954,0.042896798575618206,0.040453102113927046,0.0002587954161768903,0.0006837646370439824,-0.00013527573398499412,4.8489148312933885,4.98837821665083,4.704205910036427,17240,0.00859934766622786,True,0.01,0.025,413454,0.067956469165659,0.07603524409625423,0.06067969520512282,0.0593527789870846,0.06265630834517934,0.05621298142113478,200,0,0.5029617095677174,0.5077753072352478,0.49814811190018693,True,True,True,0.02276915932606771,0.022812695003555414,0.023563987623364348,0.02204271440031441,0.006907522678375244,178.0,0.02352280887936377,0.02198495595988382,0.023258810200629934,0.022267730975170454,-4.353567748770117e-05,0.0006545980108699921,-0.0006930918860160344,2.276915932606771,2.3258810200629934,2.226773097517045,3.296284273784093,3.367170882040035,3.223692643859495,9414,0.006907522966740062,True,True
40.0,200.0,R40_T200,baseline,200.0,0.5450242117269913,0.5284675289426635,0.5561613256544544,0.5338870977995283,False,0.0,0.022965069874762368,0.022965069874762368,0.023991600645055802,0.021936763848752122,0.004306628368794918,233.0,0.02441627067126645,0.021524060177686506,0.023958565043172512,0.021943116748897117,0.0,0.0,0.0,5.33249369992529,5.563183471623976,5.095195984960171,3165,0.004306628599501977,True,0.005,0.025,137818,0.03483309143686502,0.04587988299693821,0.02637258720025928,0.030764765636337253,0.035110511568330796,0.026941888240420264,200,0,0.5122831303242508,0.5221425970189696,0.502423663629532,True,True,True,0.01150793074924901,0.01150793074924901,0.01204629533487309,0.010967636631555228,0.003454863093793392,355.0,0.012366209055394766,0.010678004964747332,0.012059757010676077,0.010965134459225352,0.0,0.0,0.0,2.301586149849802,2.4119514021352155,2.1930268918450704,3.3309367343813525,3.490661223973341,3.1738259434736382,1586,0.0034548632012328965,True,True
40.0,200.0,R40_T200,first_hop_cred,200.0,0.5390295006272611,0.5231935025667342,0.5496818346033711,0.5283771666511511,False,0.0,0.026564019213745665,0.022965069874762368,0.023991612411034556,0.021943760843082725,0.004306628368794918,233.0,0.02806207573881218,0.025201633403781527,0.02755387308950967,0.025561759384443893,0.003598949338983297,0.004164942330343458,0.003058773467658975,6.168170437733487,6.398014700570192,5.93544551006787,3661,0.004306628599501977,True,0.005,0.025,137818,0.045718432510885344,0.05806641895407987,0.035896211846927366,0.039762008416775504,0.0446377674386331,0.03539909230883992,200,0,0.5080217282104725,0.5178954446248754,0.49814801179606966,True,True,True,0.05610297638915091,0.01150793074924901,0.012038786041890416,0.010953141147207197,0.003454863093793392,355.0,0.057859170459176865,0.054422390713163155,0.057360256794628875,0.05489342660634669,0.0445950456399019,0.045857884149346134,0.043307717131190394,11.220595277830183,11.472051358925775,10.978685321269339,16.238841633188283,16.602757751496323,15.888741003336259,7732,0.0034548632012328965,True,True
40.0,200.0,R40_T200,first_hop_content,200.0,0.5430237997794761,0.5289157229346513,0.5525138202844861,0.5335337792744661,False,0.0,0.02554093079278469,0.022965069874762368,0.023924252881869956,0.021996741559262463,0.004306628834456205,233.0,0.026998484011180688,0.024012644424135355,0.02655532130839425,0.024541185520782882,0.0025758609180223193,0.003039060063010677,0.002096648372157574,5.930609107025915,6.166150782416002,5.69846806005534,7040,0.004306628599501977,True,0.005,0.025,275636,0.03955007256894049,0.047490552281566185,0.03289140520793723,0.03555362066463503,0.03877684331688717,0.03258923627712961,200,0,0.5040397461581367,0.5104479120729222,0.49763158024335136,True,True,True,0.053995124004121375,0.01150793074924901,0.0120427243874784,0.010947891076984958,0.003454863093793392,355.0,0.05521510720172926,0.052728083865429425,0.05487769611205501,0.053187212154341794,0.042487193254872366,0.043379065638483226,0.04156580459871748,10.799024800824276,10.975539222411001,10.637442430868358,15.628729955169504,15.884187857994334,15.394882244646183,14883,0.0034548632012328965,True,True
40.0,200.0,R40_T200,cred_processor,200.0,0.5455390741400487,0.5285447521336137,0.5569705729958953,0.534107575284202,False,0.0,0.02295781392851442,0.022965069874762368,0.024057305043104923,0.02196209461415548,0.004306628368794918,233.0,0.024477980192679362,0.021383310211316363,0.024010280606844982,0.02197600380825438,-7.255946247950195e-06,9.441101354230713e-05,-0.00010172574174387535,5.330808867792612,5.57519183558609,5.102832366551345,3164,0.004306628599501977,True,0.005,0.025,137818,0.03483309143686502,0.04587988299693821,0.02637258720025928,0.030474531998258596,0.03480182414334198,0.026670431796418044,200,0,0.49820181426923343,0.5082815122887528,0.48812211624971397,True,True,True,0.01150793074924901,0.01150793074924901,0.012048127050783779,0.01096919792532203,0.003454863093793392,355.0,0.012310196123523206,0.010683504319063716,0.012055127673283846,0.010995529486023226,0.0,0.00023961970204571998,-0.00023304767382134183,2.301586149849802,2.411025534656769,2.199105897204645,3.3309367343813525,3.489321275870452,3.182623694651464,1586,0.0034548632012328965,True,True
40.0,200.0,R40_T200,content_server,200.0,0.536388895495402,0.5230950411239719,0.5453312164058361,0.5274465745849679,False,0.0,0.025747725260851267,0.022965069874762368,0.023985282581175472,0.02192034581850078,0.004306628834456205,202.0,0.026926850537286304,0.024616471285011814,0.02656885962935612,0.024968507918527994,0.0027826553860888998,0.0035816032141877006,0.002011650997668093,5.080942626864239,5.242981664218082,4.927175310719152,7097,0.0050675095453187125,True,0.005,0.025,275636,0.01995645863570392,0.0258848437569692,0.01536443107251309,0.02554056015092149,0.028309557060345412,0.023035981834401625,200,0,0.49747592885916997,0.5039857606706473,0.49096609704769273,True,True,True,0.013786297871105371,0.01150793074924901,0.012050844961966867,0.010955589073397113,0.003454863093793392,286.0,0.014388218888456603,0.013135923464789515,0.014228080870959812,0.01335701367588421,0.0022783671218563613,0.0029917905208178366,0.0016016791117638505,2.757259574221074,2.8456161741919623,2.671402735176842,3.106025388384418,3.2055582163077494,3.009308516193248,3800,0.004438565738278217,True,True
40.0,200.0,R40_T200,validator,200.0,0.575233876550611,0.5691000388026223,0.5793598992993579,0.571107853801864,False,0.0,0.10167757477252609,0.022965069874762368,0.024008339450915673,0.021998047278518305,0.004306628368794918,40.0,0.10364043690514638,0.09989860802366177,0.1029501544353558,0.10044711045077932,0.07871250489776371,0.08016589963770251,0.07726669034220007,3.9809276573280195,4.030752287658215,3.932751946403012,14013,0.025541176209359105,True,0.005,0.025,137818,0.1988388969521045,0.22073682136005152,0.1786154019345459,0.16746480917138296,0.17646554073902113,0.15883462136450535,200,0,0.5015326229018453,0.5062127544724634,0.4968524913312272,True,True,True,0.05735099914379834,0.01150793074924901,0.012091235906147937,0.010958315955945992,0.003454863093793392,56.0,0.059207530888067884,0.05558873427533529,0.05868234261633937,0.05606095701431764,0.04584306839454933,0.047244637102577716,0.04449484103811522,11.470199828759668,11.736468523267874,11.212191402863528,3.138197748387669,3.211047727467949,3.0676077435664655,7904,0.018275138707643235,True,True
40.0,200.0,R40_T200,gatekeeper,200.0,0.5446963357155754,0.529279927438648,0.5550664260029212,0.5343262454282296,False,0.0,0.0228393001397979,0.022965069874762368,0.023969507702884203,0.021964894672463226,0.004306628368794918,233.0,0.02426583974408988,0.021477310555115408,0.023782773135171912,0.021900455030098152,-0.00012576973496447006,0.00019495406272989648,-0.0004695591800636511,5.303289942958874,5.522364556331181,5.085289925541929,9443,0.004306628599501977,True,0.005,0.025,413454,0.032889963724304715,0.03877426376561493,0.027872758490533854,0.03081313790935036,0.03325738915677159,0.028543222961167243,200,0,0.500203886246537,0.5058560499126903,0.49455172258038366,True,True,True,0.011449883179265407,0.01150793074924901,0.012065166320864806,0.010985951358442318,0.003454863093793392,355.0,0.011989839786921789,0.010942606852952381,0.011782186808131704,0.011106164507007122,-5.804756998360156e-05,0.0004230809440419394,-0.0005042115794771769,2.2899766358530815,2.356437361626341,2.2212329014014243,3.314135035847272,3.4103193446059263,3.2146466763268067,4734,0.0034548632012328965,True,True
40.0,500.0,R40_T500,baseline,500.0,0.5388526297542368,0.5121322953225419,0.5568264843374379,0.5208787751710356,False,0.0,0.010143812854634372,0.010143812854634372,0.010814984685080782,0.009462793854783613,0.0017232757527381182,581.0,0.011128826527404934,0.009095778253014447,0.010826478612381963,0.009467744498971559,0.0,0.0,0.0,5.886355157849471,6.282499404770279,5.494039318682892,1398,0.001723275708416535,True,0.002,0.025,137818,0.01451378809869376,0.02231195329546804,0.009414883774617959,0.012770280075460745,0.015705907401839723,0.01037757252946743,200,0,0.5052625863617763,0.5206219966930979,0.4899031760304547,True,True,True,0.004563990189960673,0.004563990189960673,0.004962336704732228,0.004168761390167671,0.0013822369510307908,887.0,0.005160362196308463,0.003971725078007585,0.004972021477816095,0.004160117051337124,0.0,0.0,0.0,2.2819950949803363,2.4860107389080475,2.080058525668562,3.3018867217032626,3.597083037938314,3.0096986805003945,629,0.0013822370585767278,True,True
40.0,500.0,R40_T500,first_hop_cred,500.0,0.5479107230642912,0.5225074264767858,0.5649986513596853,0.5308227947688972,False,0.0,0.011798168599167018,0.010143812854634372,0.010844384034179009,0.009435122042700424,0.0017232757527381182,581.0,0.01294947988908154,0.010644309439863397,0.01253185572864123,0.011089772442598515,0.0016543557445326445,0.0020205183874957952,0.0012834778113529942,6.846361578442948,7.2721130272046635,6.435286233326276,1626,0.001723275708416535,True,0.002,0.025,137818,0.02177068214804064,0.030908557510203608,0.015291719962422217,0.01784936874183718,0.021254784532161286,0.01498121310648891,200,0,0.4916676379999526,0.5064332607668027,0.47690201523310244,True,True,True,0.026237501632587906,0.004563990189960673,0.004971404744868628,0.0041591622306187525,0.0013822369510307908,887.0,0.02755690671659615,0.02499773045135918,0.027135250767754117,0.025356417394623482,0.021673511442627233,0.022576808618677047,0.020797787055466956,13.118750816293952,13.567625383877058,12.67820869731174,18.981911582955483,19.631401574267546,18.34447805988697,3616,0.0013822370585767278,True,True
40.0,500.0,R40_T500,first_hop_content,500.0,0.5415889791617983,0.5185760140139337,0.5570690132966014,0.5261089450269951,False,0.0,0.011282996415562553,0.010143812854634372,0.010856229333251402,0.009470842924360293,0.0017232757527381182,581.0,0.01237871327855484,0.010271865945663865,0.011954437075701334,0.010607294911425171,0.0011391835609281806,0.0014340199802908768,0.0008385441954992328,6.5474122106265575,6.937042643446706,6.155309251803873,3110,0.001723275708416535,True,0.002,0.025,275636,0.015965166908563134,0.0213634392051937,0.011914363230580571,0.014439123494413002,0.016570349210635285,0.0125785032566605,200,0,0.497713371364101,0.5082459860686797,0.4871807566595223,True,True,True,0.02573321336835537,0.004563990189960673,0.00498164869245758,0.004162715036818382,0.0013822370674461126,887.0,0.026702732183809922,0.02480498714733702,0.026437697682222008,0.025059465132227596,0.021169223178394696,0.021929526721937345,0.020434313814384035,12.866606684177684,13.218848841111004,12.529732566113799,18.617076722608303,19.12674639865652,18.129643520071017,7093,0.0013822370585767278,True,True
40.0,500.0,R40_T500,cred_processor,500.0,0.5393473901090047,0.5127235976288663,0.5572563042251285,0.5214384759928808,False,0.0,0.010107533123394621,0.010143812854634372,0.010855528434214523,0.009461437670065617,0.0017232757527381182,581.0,0.011213761278132438,0.009093184435176933,0.010796124772613705,0.00942150371916929,-3.627973123975098e-05,0.0,-7.978236834550656e-05,5.865302385468035,6.264885369117128,5.467206247470649,1393,0.001723275708416535,True,0.002,0.025,137818,0.01451378809869376,0.02231195329546804,0.009414883774617959,0.012625163256421419,0.015546049862224035,0.010247358134587603,200,0,0.5008139574807992,0.5165362458878737,0.48509166907372453,True,True,True,0.004614781813696324,0.004563990189960673,0.0049793509248649715,0.004169400388448067,0.0013822369510307908,887.0,0.005178458292501681,0.004106451790311736,0.0050269572887801425,0.004250618490299704,5.079162373565137e-05,0.00014519388284323727,-3.634079022888182e-05,2.307390906848162,2.513478644390071,2.125309245149852,3.3386326788605327,3.6368271691082694,3.0751732952931476,636,0.0013822370585767278,True,True
40.0,500.0,R40_T500,content_server,500.0,0.5373005620013207,0.5196959195205045,0.5491426025546793,0.5254585214479621,False,0.0,0.011279368442438579,0.010143812854634372,0.010827874549178104,0.009483884951997333,0.0017232757527381182,507.0,0.012254719936668362,0.010427200060136338,0.011890047345494417,0.01067895064766499,0.0011355555878042056,0.0016333888128746846,0.0006511725382603136,5.5641250318155135,5.8653736157442085,5.267938264046013,3109,0.002027159414632752,True,0.002,0.025,275636,0.007982583454281567,0.0120573224487543,0.005277535199603959,0.010303294151792193,0.012130925647174407,0.008748573053031698,200,0,0.5052515746436888,0.515620610108673,0.49488253917870445,True,True,True,0.005478239417202397,0.004563990189960673,0.0049747744668443864,0.004169770718971591,0.0013822370674461126,718.0,0.005879711620238281,0.005115675578493724,0.0057470657628538565,0.005200180777836751,0.0009142492272417246,0.0013617986187809616,0.0004283759887080442,2.7391197086011987,2.8735328814269283,2.6000903889183755,3.084504373517173,3.2358661479359365,2.9279443870141444,1510,0.0017760517586673788,True,True
40.0,500.0,R40_T500,validator,500.0,0.575233876550611,0.5691000388026223,0.5793598992993579,0.571107853801864,False,0.0,0.10167757477252609,0.010143812854634372,0.010846885549331834,0.009414774863003827,0.0017232757527381182,40.0,0.10345145226178687,0.09966000728177882,0.10292397740813664,0.10039739175629186,0.09153376191789171,0.09284088729815701,0.09024170875702296,3.9809276573280195,4.029727392523998,3.930805336972032,14013,0.025541176209359105,True,0.002,0.025,137818,0.1988388969521045,0.22073682136005152,0.1786154019345459,0.16746480917138296,0.17646554073902113,0.15883462136450535,200,0,0.5020296245768291,0.5067775936449846,0.49728165550867354,True,True,True,0.05735099914379834,0.004563990189960673,0.004969036652100655,0.004169616644017184,0.0013822369510307908,56.0,0.0591854296160176,0.05559689948042652,0.05863508087960172,0.05611416738659729,0.05278700895383767,0.054077998584455056,0.05149569368731063,28.67549957189917,29.317540439800858,28.057083693298644,3.138197748387669,3.2084616055515185,3.0705193697451163,7904,0.018275138707643235,True,True
40.0,500.0,R40_T500,gatekeeper,500.0,0.5356203648774138,0.5105320736645818,0.552496399836975,0.5187443299178527,False,0.0,0.010093021230898721,0.010143812854634372,0.010849507798110789,0.00948407097972434,0.0017232757527381182,581.0,0.011018763455149063,0.009113067913229635,0.010760552061597395,0.009443225787191416,-5.079162373565137e-05,0.00015728524040399056,-0.00027843448320281634,5.856881276515461,6.244242873640304,5.479811350598393,4173,0.001723275708416535,True,0.002,0.025,413454,0.011124546553808947,0.014805717684276411,0.008350873302420339,0.012286557345329657,0.013881437782687326,0.010872897149950255,200,0,0.5087890492592565,0.5188875176740095,0.49869058084450346,True,True,True,0.004585758028704524,0.004563990189960673,0.004980972186183286,0.004189149590494509,0.0013822370674461126,887.0,0.004919476130369842,0.004272046263595808,0.00480372679001847,0.00436402199828933,2.1767838743850584e-05,0.00039709745227530316,-0.00034595663837006847,2.2928790143522617,2.401863395009235,2.182010999144665,3.317634989056379,3.4753277378952694,3.157216753241234,1896,0.0013822370585767278,True,True
40.0,40.0,R40_control,baseline,40.0,0.996282184073958,0.9958443361858886,0.9965767093647936,0.9959876587831223,True,1.0,0.9943729786956332,0.9943729786956332,0.9947569591344366,0.9939597020680359,0.986058235168457,1.0,0.9949774625007813,0.9938000713525429,0.9947888347557788,0.9939548167520175,0.0,0.0,0.0,1.0084324059258376,1.008854141769667,1.00800833159568,137130,0.9860581362245133,True,0.025,0.025,137906,1.0,1.0,0.9972220540567462,1.0,1.0,0.9994431733438689,200,0,0.49911287994460823,0.5043388067513871,0.49388695313782943,True,True,True,0.994271460270039,0.994271460270039,0.994683539111545,0.9938202724766658,0.9858611822128296,1.0,0.9948885928070034,0.9936153572973917,0.9946888704697365,0.9938327324046626,0.0,0.0,0.0,39.77085841080156,39.78755481878946,39.75330929618651,1.0085309358218024,1.0089543323650443,1.0080859158827618,137116,0.9858611421372573,True,True
40.0,40.0,R40_control,first_hop_cred,40.0,0.996282184073958,0.9958443361858886,0.9965767093647936,0.9959876587831223,True,1.0,0.9943729786956332,0.9943729786956332,0.994772087003297,0.9939612581141011,0.986058235168457,1.0,0.9949525134184606,0.9937853372090584,0.9947541648772308,0.9939770538895113,0.0,0.0,0.0,1.0084324059258376,1.0088189816941355,1.0080308831437854,137130,0.9860581362245133,True,0.025,0.025,137906,1.0,1.0,0.9972220540567462,1.0,1.0,0.9994431733438689,200,0,0.5049679465493275,0.5114957491359527,0.4984401439627023,True,True,True,0.994271460270039,0.994271460270039,0.9946924171582573,0.9938131751331171,0.9858611822128296,1.0,0.9949330150794621,0.9936503012790272,0.9947004098924505,0.9938090033991871,0.0,0.0,0.0,39.77085841080156,39.788016395698016,39.752360135967486,1.0085309358218024,1.0089660372819143,1.0080618465646183,137116,0.9858611421372573,True,True
40.0,40.0,R40_control,first_hop_content,40.0,0.996282184073958,0.9958443361858886,0.9965767093647936,0.9959876587831223,True,1.0,0.9943729786956332,0.9943729786956332,0.9947822660912677,0.9939782906168191,0.986058235168457,1.0,0.9949710812919236,0.9937417333112527,0.9947773520306469,0.9939670380066821,0.0,0.0,0.0,1.0084324059258376,1.0088424966904266,1.008020725646513,274260,0.9860581362245133,True,0.025,0.025,275812,1.0,1.0,0.9986090950990596,1.0,1.0000000000000002,0.9997215293244102,200,0,0.5002574735313996,0.5048986279920747,0.49561631907072445,True,True,True,0.994271460270039,0.994271460270039,0.9947108658886791,0.9938356987130889,0.9858611822128296,1.0,0.9949260403600716,0.993614023245588,0.9947208820247976,0.993839733669928,0.0,0.0,0.0,39.77085841080156,39.788835280991904,39.75358934679712,1.0085309358218024,1.008986803018053,1.0080930175575982,274232,0.9858611421372573,True,True
40.0,40.0,R40_control,cred_processor,40.0,0.996282184073958,0.9958443361858886,0.9965767093647936,0.9959876587831223,True,1.0,0.9943729786956332,0.9943729786956332,0.994795154485925,0.993934493754155,0.986058235168457,1.0,0.994975845421995,0.9937498360294991,0.9947830052021563,0.9939459419295397,0.0,0.0,0.0,1.0084324059258376,1.008848229792058,1.007999331292197,137130,0.9860581362245133,True,0.025,0.025,137906,1.0,1.0,0.9972220540567462,1.0,1.0,0.9994431733438689,200,0,0.5009415495567827,0.5068925361155531,0.4949905629980124,True,True,True,0.994271460270039,0.994271460270039,0.9947016394485492,0.9938114684847038,0.9858611822128296,1.0,0.9949668738371032,0.9936275498911415,0.994701108483152,0.9938456853724609,0.0,0.0,0.0,39.77085841080156,39.78804433932608,39.75382741489844,1.0085309358218024,1.0089667458915466,1.0080990546172597,137116,0.9858611421372573,True,True
40.0,40.0,R40_control,content_server,40.0,0.9967036867655009,0.9963308940019098,0.996954451700333,0.9964529218306688,True,1.0,0.9949204530622308,0.9943729786956332,0.9947761534304691,0.9939422167278857,0.986058235168457,1.0,0.9954774074597013,0.9943406812178146,0.9952717863558019,0.9945202208255454,0.0005474743665975374,0.0006502438347064358,0.00044622127136630655,1.0067554594557104,1.0071109720098073,1.0063504662845548,274411,0.9882444080314419,True,0.025,0.025,275812,1.0,1.0,0.9986090950990596,1.0,1.0000000000000002,0.9997215293244102,200,0,0.4986419527723477,0.5022814660759928,0.49500243946870254,True,True,True,0.9948189346366365,0.994271460270039,0.9947151765025066,0.9938055586077926,0.9858611822128296,1.0,0.9954323129303646,0.9942122481164317,0.9952308127187991,0.9943976614028598,0.0005474743665975374,0.0006461745118821634,0.00044991739224327723,39.792757385465464,39.80923250875196,39.77590645611439,1.0068177231393807,1.007234568997914,1.0063913688116903,274383,0.9880824619720335,True,True
40.0,40.0,R40_control,validator,40.0,0.9984016889120397,0.9981261331393838,0.9985870458505893,0.9982163319734901,True,1.0,0.9977448406885849,0.9943729786956332,0.9947747407429974,0.9939660292965913,0.986058235168457,1.0,0.9981113157991127,0.9973528111187837,0.9980042272531116,0.9974663013144922,0.0033718619929517207,0.0037107305381029465,0.003027114450781287,1.003677610341907,1.0039385392654372,1.0033974147227718,137595,0.9940889688160913,True,0.025,0.025,137906,1.0,1.0,0.9972220540567462,1.0,1.0,0.9994431733438689,200,0,0.4973431627303625,0.5018191241799308,0.49286720128079425,True,True,True,0.9977448406885849,0.994271460270039,0.9947117228906406,0.9938466716869332,0.9858611822128296,1.0,0.9981037110737252,0.997357278548595,0.9979844996537425,0.99750503898512,0.003473380418545966,0.003866977040622272,0.003091552117025164,39.909793627543394,39.9193799861497,39.9002015594048,1.0037569302579565,1.003998033330972,1.0035156835865386,137595,0.9940104128916684,True,True
40.0,40.0,R40_control,gatekeeper,40.0,0.9962854360646296,0.9958470581456905,0.9965803178890933,0.9959905542401659,True,1.0,0.9943705615902619,0.9943729786956332,0.9947658136612291,0.9939632906255895,0.9860581159591675,1.0,0.9949643455430448,0.993721795373676,0.9947622760755714,0.9939638643699324,-2.417105371291556e-06,0.0,-7.277245782903191e-06,1.0084299546450433,1.0088272075766092,1.0080175071377526,411389,0.9860581362245133,True,0.025,0.025,413718,1.0,1.0000000000000002,0.9990722999518588,1.0,1.0,0.9998143311620662,200,0,0.4980521173782023,0.5011484028119995,0.49495583194440523,True,True,True,0.994271460270039,0.994271460270039,0.9946835013086404,0.9938360435983514,0.9858611226081848,1.0,0.9949440839920044,0.9936123482788576,0.9947021729848284,0.9938159526669292,0.0,0.0,0.0,39.77085841080156,39.78808691939314,39.75263810667717,1.0085309358218024,1.0089678256599146,1.008068895496202,411348,0.9858611421372573,True,True
