R,T,cell,vantage,L,auc,auc_adj_lo,auc_hi,auc_lo,bundle,bundle_alone_share,bundle_bundles,bundle_mean,bundle_p0,bundle_p1,bundle_p1_nonempty,bundle_p_lt2,claim_rate,claims_on_own_records,control,coverage_p50,decoys,dev_accuracy,dev_baseline,dev_baseline_hi,dev_baseline_lo,dev_baseline_random,dev_candidates_median,dev_ci_adj_hi,dev_ci_adj_lo,dev_ci_hi,dev_ci_lo,dev_claimed,dev_claimed_baseline,dev_claimed_hi,dev_claimed_lo,dev_claimed_n,dev_contribution,dev_contribution_hi,dev_contribution_lo,dev_lift_random,dev_lift_random_hi,dev_lift_random_lo,dev_n_correct,dev_random,dev_signal_random,dev_took_part,dev_took_part_baseline,dev_took_part_hi,dev_took_part_lo,dev_took_part_n,inv_L,inv_R,n,p_at_1,p_at_1_hi,p_at_1_lo,p_at_5,p_at_5_hi,p_at_5_lo,runs,runs_needed,shuffle_auc,shuffle_auc_hi,shuffle_auc_lo,signal,signal_auc,stable,sub_accuracy,sub_baseline,sub_baseline_hi,sub_baseline_lo,sub_baseline_random,sub_candidates_median,sub_ci_adj_hi,sub_ci_adj_lo,sub_ci_hi,sub_ci_lo,sub_claimed,sub_claimed_baseline,sub_claimed_hi,sub_claimed_lo,sub_claimed_n,sub_contribution,sub_contribution_hi,sub_contribution_lo,sub_lift,sub_lift_hi,sub_lift_lo,sub_lift_random,sub_lift_random_hi,sub_lift_random_lo,sub_n_correct,sub_random,sub_signal_L,sub_signal_random,sub_took_part,sub_took_part_baseline,sub_took_part_hi,sub_took_part_lo,sub_took_part_n,took_part_rate
1.0,21.0,R1_D20,baseline,21.0,0.5892300315796288,0.5760032630051152,0.5981272261702013,0.5803328369890564,False,0.36495341388935043,2501697,1.0080713211871781,0.36492388966369627,0.36789907011120854,0.5792991802453221,0.7328229597749047,,,False,0.0,20.0,0.14566338021120065,0.14566338021120065,0.1500149391105964,0.14130785999695572,0.041036371141672134,25.0,0.15232374303298624,0.13871774303857431,0.1500524631442579,0.14100958182654963,,,,,,0.0,0.0,0.0,3.5496162694284825,3.65657218494041,3.4362096023798006,5821,0.041036373837291897,True,,,,,,0.047619047619047616,1.0,39962,0.3,0.34663724577752153,0.25716767195619705,0.24224224224224225,0.2615116194060633,0.22396212005441138,200,0,0.5017548188260834,0.5097513183451273,0.49375831930703945,True,True,True,0.10372353736049247,0.10372353736049247,0.10664511424862366,0.10097492901315795,0.032612286508083344,38.0,0.10772345064843734,0.09904061107065791,0.10671028610182427,0.10086078875127877,,,,,,0.0,0.0,0.0,2.178194284570342,2.24091600813831,2.118076563776854,3.1805050190399737,3.272088565110158,3.09272372511621,4145,0.032612285388501326,True,True,,,,,,
1.0,21.0,R1_D20,first_hop_cred,21.0,0.5894289719511792,0.5765971233879106,0.5980605173646331,0.5807974265377253,False,0.36495341388935043,2501697,1.0080713211871781,0.36492388966369627,0.36789907011120854,0.5792991802453221,0.7328229597749047,0.2861656073269606,0.07402225477122183,False,0.0,20.0,0.1456884039837846,0.14566338021120065,0.15030148102398821,0.14134015900495586,0.041036371141672134,25.0,0.15195162373252938,0.13955975007909255,0.14978103638838425,0.14139606859586143,0.1421856896137114,0.14222941215049298,0.14701881900462244,0.13730415485699327,45743,2.5023772583954755e-05,0.0008287949972934551,-0.0007998165652698769,3.550226064355373,3.6499578881472807,3.4456277534777557,23288,0.041036373837291897,True,0.1661865998747652,0.14690043832185348,0.1746825747745881,0.15733923716994455,7985,0.047619047619047616,1.0,159848,0.29224030037546933,0.31501570565914705,0.270461373646286,0.24336836836836837,0.25289815302932944,0.2340851718495253,200,0,0.5032198358970892,0.5069465613116976,0.49949311048248085,True,True,True,0.10329187728341925,0.10372353736049247,0.10655829532035437,0.10084512246822999,0.032612286508083344,38.0,0.10649619475827193,0.10004380054920199,0.10543312448075093,0.10098925632472293,0.09992785781431039,0.10119581138097633,0.10284836141546452,0.09697485875408703,45743,-0.00043166007707321955,0.000843855276454329,-0.0017492256380686098,2.169129422951804,2.2140956140957693,2.1207743828191816,3.1672689004444514,3.232926586553339,3.096662963716442,16511,0.032612285388501326,True,True,0.19298685034439575,0.10720100187852223,0.20173786698859866,0.1838964357342415,7985,0.04995370602071968
1.0,21.0,R1_D20,first_hop_content,21.0,0.5894289719511792,0.5765971233879106,0.5980605173646331,0.5807974265377253,False,0.36495341388935043,2501697,1.0080713211871781,0.36492388966369627,0.36789907011120854,0.5792991802453221,0.7328229597749047,0.2861656073269606,0.13868788667118467,False,0.0,20.0,0.1456884039837846,0.14566338021120065,0.1500900413051559,0.1415731779896593,0.041036371141672134,25.0,0.15257650090972394,0.13934537826315896,0.14987261276632172,0.14159776552219422,0.1421856896137114,0.14222941215049298,0.14701917669137088,0.13743983191579914,45743,2.5023772583954755e-05,0.0008697655126765522,-0.0008388714372500677,3.550226064355373,3.6521894785480447,3.450542830212667,23288,0.041036373837291897,True,0.1544218535611825,0.143195709118124,0.16075475235581144,0.1483332806416936,16034,0.047619047619047616,1.0,159848,0.29224030037546933,0.31501570565914705,0.270461373646286,0.24336836836836837,0.25289815302932944,0.2340851718495253,200,0,0.4997743609187883,0.503153887818894,0.49639483401868256,True,True,True,0.10329187728341925,0.10372353736049247,0.10678254007771067,0.1008601643517942,0.032612286508083344,38.0,0.10667191193631533,0.09988565269702919,0.10547290252675835,0.10101041695482775,0.09992785781431039,0.10119581138097633,0.10292418930905314,0.09702638473096338,45743,-0.00043166007707321955,0.0009485311530272514,-0.001725870469447148,2.169129422951804,2.2149309530619252,2.1212187560513827,3.1672689004444514,3.2341463123570833,3.0973118182770083,16511,0.032612285388501326,True,True,0.17094923288012973,0.10434077585131596,0.17645245233428655,0.16509066507646686,16034,0.10030779240278265
1.0,21.0,R1_D20,cred_processor,21.0,0.5903268753632362,0.57742519785485,0.5990053923184742,0.5816483584079983,False,0.36495341388935043,2501697,1.0080713211871781,0.36492388966369627,0.36789907011120854,0.5792991802453221,0.7328229597749047,0.42512261648566135,0.10801265543374292,False,0.0,20.0,0.14490015514739002,0.14566338021120065,0.14990423213242213,0.1412519520451598,0.041036371141672134,25.0,0.15102820400037592,0.13807905264326134,0.1490373253900209,0.14073023759361397,0.1402104333750276,0.1416084173350011,0.14472667485392196,0.1354107458389342,67955,-0.0007632250638106201,-0.00021301577345033806,-0.0013137004619278162,3.531017524158328,3.631834673817668,3.429402367558243,23162,0.041036373837291897,True,0.1445019541565438,0.14555825499102143,0.1521186969944848,0.13662321672274463,9467,0.047619047619047616,1.0,159848,0.302252816020025,0.3252211678016348,0.2802329197300424,0.24186686686686687,0.25137762338282016,0.2326041412320395,200,0,0.49769568343751147,0.502118158527358,0.493273208347665,True,True,True,0.10329187728341925,0.10372353736049247,0.1067219473589642,0.10070696297840429,0.032612286508083344,38.0,0.10707432619202031,0.09931173713261517,0.1059345496608195,0.10063345032895571,0.09919799867559415,0.09955117357074535,0.10222655136710443,0.0961200152126319,67955,-0.00043166007707321955,0.00045503908229827526,-0.0013066606036104926,2.169129422951804,2.2246255428772095,2.11330245690807,3.1672689004444514,3.248301932809979,3.0857527808964216,16511,0.032612285388501326,True,True,0.10224992077743741,0.10235555086088519,0.10838919282558739,0.09619551069059644,9467,0.05922501376307492
1.0,21.0,R1_D20,content_server,21.0,0.5858483877569003,0.5757941147989896,0.5926115531112583,0.5790852224025422,False,0.36495341388935043,2501697,1.0080713211871781,0.36492388966369627,0.36789907011120854,0.5792991802453221,0.7328229597749047,,,False,0.0,20.0,0.16096541714628898,0.14566338021120065,0.1497917787776651,0.14123642737653186,0.041036371141672134,21.0,0.1665175254943741,0.1550672931107355,0.16484772065178602,0.15702153784689432,,,,,,0.015302036935088335,0.018331926262512944,0.012408017055682995,3.3369674424708213,3.4174513167670004,3.2552070429239177,12865,0.04823703554839117,True,,,,,,0.047619047619047616,1.0,79924,0.25406758448060074,0.28538055768485315,0.22510810021619296,0.25575575575575576,0.2695130002696733,0.2424676569397942,200,0,0.5037514331153775,0.5093543898575431,0.49814847637321186,True,True,True,0.1247810419898904,0.10372353736049247,0.10655901639903655,0.10083639503560331,0.032612286508083344,30.0,0.12821024425360242,0.12107166396260019,0.12704147127868884,0.12240967407710737,,,,,,0.021057504629397927,0.02409290738269218,0.018117518796539625,2.6204018817876986,2.667870896852466,2.570603155619255,2.9828440259628044,3.0368787406332434,2.9261573650790313,9973,0.04183290876217153,True,True,,,,,,
1.0,21.0,R1_D20,validator,21.0,0.5991139491052885,0.5867373476238118,0.6074392653857024,0.5907886328248746,False,0.36495341388935043,2501697,1.0080713211871781,0.36492388966369627,0.36789907011120854,0.5792991802453221,0.7328229597749047,,,False,0.0008758320404384165,20.0,0.16130323807617236,0.14566338021120065,0.15000383337546241,0.14107231964857808,0.041036371141672134,21.0,0.16747943276900848,0.15482797996357106,0.16635575231086494,0.15662701355892042,,,,,,0.015639857864971723,0.019831600847535005,0.011651142268249854,3.3153122558318135,3.419158046931995,3.219200456478192,6446,0.04865401073230168,True,,,,,,0.047619047619047616,1.0,39962,0.3425,0.3903053542110871,0.29769101850421636,0.2807807807807808,0.3008914998795276,0.26151140863248773,200,0,0.495313006320153,0.5030788977318816,0.48754711490842445,True,True,True,0.11213152494870127,0.10372353736049247,0.10665611896712728,0.10084869759872608,0.032612286508083344,30.0,0.11680623655406513,0.10756786222849035,0.11513227006860817,0.10912140630465103,,,,,,0.008407987588208798,0.01260243242254297,0.003949449783850826,2.3547620239227265,2.4177776714407715,2.2915495323976716,3.2299465971484724,3.3163830073675187,3.1432401827319096,4481,0.03471621637574303,True,True,,,,,,
1.0,21.0,R1_D20,gatekeeper,21.0,0.5890715005501258,0.5768596445456102,0.5972859981858963,0.5808570029143553,False,0.36495341388935043,2501697,1.0080713211871781,0.36492388966369627,0.36789907011120854,0.5792991802453221,0.7328229597749047,,,False,0.0,20.0,0.14394508116043575,0.14566338021120065,0.15022770583205905,0.14135763457550818,0.041036371141672134,25.0,0.15024607573566437,0.13720022668094461,0.1481282758572875,0.13976367998223585,,,,,,-0.0017182990507648933,-0.00022558836516518654,-0.0032465981155248313,3.5077436844486813,3.609682386767702,3.405848687712882,17257,0.041036373837291897,True,,,,,,0.047619047619047616,1.0,119886,0.2944120100083403,0.3208340707033574,0.2693031029160539,0.2434100767434101,0.2544361674369988,0.2327126641686955,200,0,0.49933646530414877,0.5041829771497159,0.4944899534585816,True,True,True,0.10264751513938242,0.10372353736049247,0.10668356053384782,0.1006873818331598,0.032612286508083344,38.0,0.10592099742357894,0.09935136616622363,0.10481687152088268,0.10036961873971299,,,,,,-0.0010760222211100546,0.0013296900865906796,-0.0032984799290435513,2.1555978179270308,2.2011543019385362,2.107761993533973,3.1475106364540344,3.2140302426594047,3.077662836076555,12306,0.032612285388501326,True,True,,,,,,
1.0,41.0,R1_D40,baseline,41.0,0.5686808002675384,0.5505446221131818,0.5808803866789559,0.5564812138561209,False,0.13957661820771286,2501697,1.9674784756107555,0.14006092664299474,0.2746139920222153,0.3193412190821673,0.41467491866521006,,,False,0.0,40.0,0.08750813272608979,0.08750813272608979,0.09126073557637425,0.08375492661527116,0.020940721035003662,48.0,0.09298457520851407,0.08230670205262676,0.09113473166590462,0.08379164620336207,,,,,,0.0,0.0,0.0,4.178849677689391,4.352033716002616,4.001373161806573,3497,0.02094072280065255,True,,,,,,0.024390243902439025,1.0,39962,0.155,0.19373089637312538,0.12283258671753924,0.13463463463463463,0.15030460309690102,0.1203669110897912,200,0,0.5083292094091266,0.5176368433506671,0.49902157546758624,True,True,True,0.05320054051348781,0.05320054051348781,0.05534112288409172,0.051116048406848635,0.016743196174502373,74.0,0.05672096617773554,0.05025289224090389,0.055212103393348276,0.051141113641908396,,,,,,0.0,0.0,0.0,2.1812221610530003,2.2636962391272792,2.096785659318244,3.1774423433359322,3.297584451086341,3.0544415226374797,2126,0.016743196182635887,True,True,,,,,,
1.0,41.0,R1_D40,first_hop_cred,41.0,0.5675898940408144,0.5509720720979384,0.5787681341880069,0.5564116538936219,False,0.13957661820771286,2501697,1.9674784756107555,0.14006092664299474,0.2746139920222153,0.3193412190821673,0.41467491866521006,0.40579800810770233,0.06168100391576481,False,0.0,40.0,0.0869450978429508,0.08750813272608979,0.09117851461907875,0.0839379802709809,0.020940721035003662,48.0,0.09191564033873882,0.08169007251958053,0.09044391892507211,0.08331230097745909,0.08585391422316777,0.0865322356858755,0.09016474110457925,0.08177210133637547,64866,-0.000563034883138982,0.0002120729574870947,-0.0013184288344011597,4.151962597978779,4.319044752469276,3.9784825848925776,13898,0.02094072280065255,True,0.09893550407013149,0.08954289292423294,0.10559943634241627,0.09223134027389768,7985,0.024390243902439025,1.0,159848,0.15769712140175218,0.1763846698959289,0.14065136136934783,0.13413413413413414,0.141781809934355,0.12683800573886359,200,0,0.49761089666597,0.5026205423769375,0.49260125095500246,True,True,True,0.05355087332966318,0.05320054051348781,0.055328039220388155,0.051014267249298514,0.016743194311857224,74.0,0.055856676849412104,0.051282345286823246,0.05509704361123451,0.05205932066381715,0.052292418216014554,0.052323251009773995,0.0541274304134753,0.05036493696888794,64866,0.0003503328161753666,0.0016042117800831879,-0.000900883177575767,2.19558580651619,2.258978788060615,2.1344321472165033,3.198366234590261,3.2907124189570696,3.1092821284509036,8560,0.016743196182635887,True,True,0.13412648716343142,0.053600500939261116,0.142303619916817,0.1261534136473102,7985,0.04995370602071968
1.0,41.0,R1_D40,first_hop_content,41.0,0.5675898940408144,0.5509720720979384,0.5787681341880069,0.5564116538936219,False,0.13957661820771286,2501697,1.9674784756107555,0.14006092664299474,0.2746139920222153,0.3193412190821673,0.41467491866521006,0.40579800810770233,0.12049455801190145,False,0.0,40.0,0.0869450978429508,0.08750813272608979,0.0912064824036307,0.08379149662087897,0.020940721035003662,48.0,0.09259593392989741,0.08131238330138528,0.09056508325466188,0.08344086012652187,0.08585391422316777,0.0865322356858755,0.08999586990933975,0.0814509998103552,64866,-0.000563034883138982,0.0002572427828738221,-0.001293062856574439,4.151962597978779,4.324830814905764,3.984621778381103,13898,0.02094072280065255,True,0.09317699887738555,0.0873144567793439,0.09900687035846242,0.08739623622153843,16034,0.024390243902439025,1.0,159848,0.15769712140175218,0.1763846698959289,0.14065136136934783,0.13413413413413414,0.141781809934355,0.12683800573886359,200,0,0.5035608382730322,0.5087229921184393,0.4983986844276252,True,True,True,0.05355087332966318,0.05320054051348781,0.05533849918669686,0.05111458466860967,0.016743194311857224,74.0,0.055685597582803906,0.05139794629820054,0.05519598086144086,0.052020651629101,0.052292418216014554,0.052323251009773995,0.05412508449000371,0.050531253926034296,64866,0.0003503328161753666,0.0015645780035435433,-0.0009542427009586274,2.19558580651619,2.2630352153190754,2.132846716793141,3.198366234590261,3.2966215207275518,3.106972591233854,8560,0.016743196182635887,True,True,0.1235499563427716,0.05245104153673444,0.12850988126953242,0.11848840072645184,16034,0.10030779240278265
1.0,41.0,R1_D40,cred_processor,41.0,0.5681453890442765,0.5507928911562764,0.5798178205586164,0.5564729575299365,False,0.13957661820771286,2501697,1.9674784756107555,0.14006092664299474,0.2746139920222153,0.3193412190821673,0.41467491866521006,0.5111230669135679,0.08488164304423393,False,0.0,40.0,0.087389269806316,0.08750813272608979,0.09123929260898665,0.08375760015296202,0.020940721035003662,48.0,0.09253431817182471,0.08210113834161915,0.091107255810378,0.08368300311079524,0.08742748035543806,0.08746419916281119,0.09116910851596331,0.0833691424406585,81702,-0.00011886291977378509,0.0003195989356060444,-0.0005453906266178035,4.173173516417151,4.350721638296981,3.996185036563663,13969,0.02094072280065255,True,0.08746170909475018,0.08767296926164572,0.09352806798882858,0.08166272971687154,9467,0.024390243902439025,1.0,159848,0.15519399249061328,0.17377201891795663,0.1382697602907591,0.13163163163163163,0.13922123117966162,0.12439598405356529,200,0,0.5052689243864719,0.5104165487434867,0.500121300029457,True,True,True,0.05352584955707922,0.05320054051348781,0.05543157223055242,0.051057126537432586,0.016743194311857224,74.0,0.056275537110779775,0.05048646650083415,0.055420557139734934,0.0515940568024004,0.05272820738782404,0.05211622726493843,0.054882844752628154,0.050649070356195494,81702,0.00032530904359141186,0.001179778841688662,-0.0005061122931885383,2.194559831840248,2.272242842729132,2.1153563288984163,3.1968716709292377,3.3100345080595033,3.081493893973948,8556,0.016743196182635887,True,True,0.05471638322594275,0.05492764339283828,0.05889989616536269,0.05060145069824503,9467,0.05922501376307492
1.0,41.0,R1_D40,content_server,41.0,0.5697933912621761,0.5567028947713917,0.5785989202853523,0.5609878622389999,False,0.13957661820771286,2501697,1.9674784756107555,0.14006092664299474,0.2746139920222153,0.3193412190821673,0.41467491866521006,,,False,0.0,40.0,0.09624142935789,0.08750813272608979,0.09112057137204875,0.08395305275131909,0.020940721035003662,42.0,0.10054230399423271,0.09147377390175886,0.09924351880788482,0.09322869286191127,,,,,,0.008733296631800211,0.011032165260718456,0.006352001906877023,3.904665674903796,4.026465150520423,3.782434231939325,7692,0.024647802749530205,True,,,,,,0.024390243902439025,1.0,79924,0.1113892365456821,0.13509055550798,0.09140678941962721,0.13713713713713713,0.14815176634248373,0.1268194969297784,200,0,0.5041313052594094,0.5108888122167679,0.49737379830205103,True,True,True,0.06503678494569841,0.05320054051348781,0.05527466557976807,0.05101108463447356,0.016743198037147522,59.0,0.06734892280271568,0.06250803801507533,0.06669498646178017,0.0633894506515489,,,,,,0.0118362444322106,0.014344410102613597,0.009392471615072652,2.6665081827736348,2.7344944449329867,2.5989674767135047,3.0249259072002332,3.1020505179807696,2.948306741779421,5198,0.02150029023550339,True,True,,,,,,
1.0,41.0,R1_D40,validator,41.0,0.575743185938226,0.5579132368036084,0.5877367825674417,0.5637495893090104,False,0.13957661820771286,2501697,1.9674784756107555,0.14006092664299474,0.2746139920222153,0.3193412190821673,0.41467491866521006,,,False,0.0,40.0,0.09814323607427056,0.08750813272608979,0.09118340835329149,0.08363035842238345,0.020940721035003662,41.0,0.10350119265313433,0.09244776004754895,0.10177672724657526,0.09426977117279721,,,,,,0.010635103348180772,0.014110197124020243,0.007379309239711382,3.9502317317418827,4.096478510429517,3.7943260924168327,3922,0.02484493132026804,True,,,,,,0.024390243902439025,1.0,39962,0.18,0.22063755304811672,0.14545031532583302,0.16366366366366367,0.1805288236946976,0.1480893373100383,200,0,0.506915594237464,0.5172538665312112,0.4965773219437169,True,True,True,0.058630699164206,0.05320054051348781,0.055314924329076934,0.05108323224074848,0.016743196174502373,57.0,0.06183530895525691,0.055467011395796066,0.06068974370860793,0.05646852081092798,,,,,,0.0054301586507181825,0.008756018591440077,0.0022058168060690073,2.403858665732446,2.488279492052925,2.315209353248047,3.2954232860677406,3.4111548641556815,3.1738949230156766,2343,0.01779155333764938,True,True,,,,,,
1.0,41.0,R1_D40,gatekeeper,41.0,0.570460442789401,0.5539256506957181,0.5815828315983823,0.5593380539804197,False,0.13957661820771286,2501697,1.9674784756107555,0.14006092664299474,0.2746139920222153,0.3193412190821673,0.41467491866521006,,,False,0.0,40.0,0.08629865038453197,0.08750813272608979,0.09126208355050638,0.08379916935349012,0.02094072289764881,48.0,0.09148725751787301,0.0808196496877519,0.08985714289729654,0.08264234492356576,,,,,,-0.0012094823415578133,-0.00025165004017208757,-0.002133492572733315,4.121092247199927,4.291023941852496,3.9464896083238576,10346,0.02094072280065255,True,,,,,,0.024390243902439025,1.0,119886,0.15512927439532945,0.17671936791515463,0.13574197606710353,0.13763763763763764,0.1465917577205084,0.12914768457309886,200,0,0.503153828951543,0.5088566562380932,0.49745100166499295,True,True,True,0.053392389436631466,0.05320054051348781,0.05523464849462718,0.05106026745386695,0.016743196174502373,74.0,0.05585624760756842,0.051079076816309375,0.05499115799856197,0.051878010000740646,,,,,,0.00019184892314365312,0.001995855335044709,-0.0015130250232518012,2.18908796690189,2.2546374779410407,2.1269984100303665,3.1889006647371123,3.2843883210060247,3.0984532125677733,6401,0.016743196182635887,True,True,,,,,,
1.0,61.0,R1_D60,baseline,61.0,0.5642090843876603,0.5421537760279893,0.5790449355727475,0.549373233202573,False,0.05351090319152409,2501697,2.927008746462901,0.05356843774445906,0.15662688167272057,0.16549203124571046,0.21019531941717962,,,False,0.0,60.0,0.059956959111155596,0.059956959111155596,0.0632777704708555,0.056768223448704094,0.014114064164459705,71.0,0.06482198309569316,0.05515949603789247,0.0631696787438986,0.05669052058500255,,,,,,0.0,0.0,0.0,4.248029218333439,4.475654619496695,4.0165977630912995,2396,0.014114064670835185,True,,,,,,0.01639344262295082,1.0,39962,0.135,0.1719809842480312,0.10496299061600528,0.08808808808808809,0.10131928453128537,0.07643777872302653,200,0,0.4949107878425568,0.5065424398778332,0.48327913580728044,True,True,True,0.0368349932435814,0.0368349932435814,0.03863591231887778,0.03506212845658,0.011262678541243076,109.0,0.039504626714971444,0.034157446029783954,0.038682843536204214,0.035106789252972725,,,,,,0.0,0.0,0.0,2.2469345878584654,2.359653455708457,2.141514144431336,3.270535834356665,3.4346042938941848,3.117090629602928,1472,0.011262678383350317,True,True,,,,,,
1.0,61.0,R1_D60,first_hop_cred,61.0,0.5617770252004918,0.5410580082337157,0.575713998894428,0.5478400515065556,False,0.05351090319152409,2501697,2.927008746462901,0.05356843774445906,0.15662688167272057,0.16549203124571046,0.21019531941717962,0.5006631299734748,0.05769086592527802,False,0.0,60.0,0.06046369050598068,0.059956959111155596,0.06324922477921655,0.05671713523283383,0.014114064164459705,71.0,0.06509237601462102,0.05558799020834179,0.06354613405608822,0.057449747187342456,0.05904035986505061,0.058752967637136076,0.06248003436234621,0.055701598874348404,80030,0.0005067313948250838,0.0011506241368466066,-0.0001386033457579679,4.28393180250341,4.502326972285862,4.070389963994896,9665,0.014114064670835185,True,0.07025673137132123,0.061365059486537255,0.07670220468240019,0.06393007030096799,7985,0.01639344262295082,1.0,159848,0.123279098873592,0.140307410931064,0.10805765455649838,0.08983983983983984,0.09630770811258106,0.08376607977278507,200,0,0.5038439405012279,0.5099246857911017,0.49776319521135415,True,True,True,0.03699764776537711,0.0368349932435814,0.03873431916733766,0.035000820404166584,0.011262677609920502,109.0,0.03898586161250103,0.03522031831490112,0.03823205335186937,0.03575144905811223,0.03631138323128827,0.03617393477445958,0.03779909694433304,0.034895528763427094,80030,0.00016265452179570593,0.0013841732844101986,-0.0010668328948677467,2.2568565136880037,2.3321552544640314,2.180838392544846,3.284977738516528,3.3945791623054813,3.17432921737016,5914,0.011262678383350317,True,True,0.11496556042579838,0.03706950532247965,0.12206676791423082,0.10739989077756068,7985,0.04995370602071968
1.0,61.0,R1_D60,first_hop_content,61.0,0.5617770252004918,0.5410580082337157,0.575713998894428,0.5478400515065556,False,0.05351090319152409,2501697,2.927008746462901,0.05356843774445906,0.15662688167272057,0.16549203124571046,0.21019531941717962,0.5006631299734748,0.11356991128326878,False,0.0,60.0,0.06046369050598068,0.059956959111155596,0.06318887525952163,0.05671206175955605,0.014114064164459705,71.0,0.0648660445908189,0.05578388545905671,0.06340873847305142,0.057369100627877576,0.05904035986505061,0.058752967637136076,0.06241449589331678,0.05557287259865996,80030,0.0005067313948250838,0.0011928933556568959,-0.00013239446035845733,4.28393180250341,4.492592314960626,4.064676049446131,9665,0.014114064670835185,True,0.0628664088811276,0.056816764375701635,0.06716761127144098,0.05846792914675461,16034,0.01639344262295082,1.0,159848,0.123279098873592,0.140307410931064,0.10805765455649838,0.08983983983983984,0.09630770811258106,0.08376607977278507,200,0,0.5002313163455329,0.5061937294831963,0.49426890320786937,True,True,True,0.03699764776537711,0.0368349932435814,0.03865406723293979,0.0350976808726575,0.011262677609920502,109.0,0.03882952534039659,0.03518288463444789,0.03819911201116844,0.035717405417295116,0.03631138323128827,0.03617393477445958,0.03771277651801953,0.03488396697769848,80030,0.00016265452179570593,0.0014708779868494754,-0.0011309298714060258,2.2568565136880037,2.330145832681275,2.178761730455002,3.284977738516528,3.3916543393122556,3.1713065224428645,5914,0.011262678383350317,True,True,0.1052762878882375,0.03561182487214669,0.11021564426089722,0.10056652238442594,16034,0.10030779240278265
1.0,61.0,R1_D60,cred_processor,61.0,0.5636906482079196,0.5418193117040465,0.5784027478212603,0.5489785485945788,False,0.05351090319152409,2501697,2.927008746462901,0.05356843774445906,0.15662688167272057,0.16549203124571046,0.21019531941717962,0.5360530003503328,0.07933525505619289,False,0.0,60.0,0.05985060807767379,0.059956959111155596,0.06312760659118032,0.056679814604318784,0.014114064164459705,71.0,0.06448503435790003,0.05517859339142217,0.06308120888797532,0.056786614767563554,0.059203846557820905,0.05916883541260635,0.06267315428132482,0.055978032342844,85687,-0.00010635103348180771,0.000231450616730394,-0.00043013062287262016,4.240494108075544,4.469386414129457,4.0234061620041635,9567,0.014114064670835185,True,0.05862469631351009,0.05883595648040562,0.06354369777778843,0.0534082365216587,9467,0.01639344262295082,1.0,159848,0.1332916145181477,0.1508389630365712,0.11750311067723537,0.08871371371371371,0.0951466034684486,0.08267601421892128,200,0,0.49977054204245325,0.5057617679253894,0.49377931615951703,True,True,True,0.036616035233471796,0.0368349932435814,0.03864945403443784,0.034933028544099166,0.011262677609920502,109.0,0.03925209319771067,0.03412580010526405,0.03828915476952969,0.0349260406802925,0.036481613313571484,0.03627154644228413,0.038408390878763445,0.03470922823372642,85687,-0.00021895801010960413,0.0005186662938962038,-0.0009795326929116779,2.2335781492417794,2.335638440941311,2.1304884814978426,3.25109480952608,3.399649130186721,3.1010421758934243,5853,0.011262678383350317,True,True,0.03559733812189712,0.03559733812189712,0.03919588873472508,0.031976819734293796,9467,0.05922501376307492
1.0,61.0,R1_D60,content_server,61.0,0.5512619526434521,0.5344664198009561,0.5625597328314247,0.5399641724554796,False,0.05351090319152409,2501697,2.927008746462901,0.05356843774445906,0.15662688167272057,0.16549203124571046,0.21019531941717962,,,False,1.2511886291977378e-05,60.0,0.06798959011060507,0.059956959111155596,0.06314294450631372,0.05681460458013795,0.014114064164459705,62.0,0.07222532097223731,0.06407992543312675,0.07059369696620743,0.06521240002521865,,,,,,0.008032630999449477,0.010112950821177963,0.005923609423399936,4.09512027689129,4.251969741202231,3.9278457365837816,5434,0.01660258686277652,True,,,,,,0.01639344262295082,1.0,79924,0.09011264080100125,0.1119777963937686,0.07216996677464159,0.09684684684684684,0.10640758402414195,0.08806048848041965,200,0,0.4975944804007207,0.5056246307548635,0.4895643300465779,True,True,True,0.04401681597517642,0.0368349932435814,0.03871280223437113,0.0350417487736808,0.011262677609920502,87.0,0.04625322338335225,0.04175633270270604,0.045541137435385216,0.04250216999301303,,,,,,0.0071818227315950155,0.009297126060923698,0.004984749042305308,2.6850257744857617,2.7780093835584982,2.592632369573795,3.0429660200689614,3.1483452553524307,2.938255668944145,3518,0.014465102694172997,True,True,,,,,,
1.0,61.0,R1_D60,validator,61.0,0.5656402263699466,0.5461696469729007,0.578737418833154,0.5525430339067392,False,0.05351090319152409,2501697,2.927008746462901,0.05356843774445906,0.15662688167272057,0.16549203124571046,0.21019531941717962,,,False,0.0,60.0,0.06981632550923378,0.059956959111155596,0.06319974864390143,0.056782553638266946,0.014114064164459705,60.0,0.07442704021328655,0.06533678173519343,0.07293508045394638,0.06673477939043612,,,,,,0.009859366398078174,0.013122571165458912,0.0067789586647984635,4.173342537391581,4.359769316222099,3.989139954332246,2790,0.01672911458470177,True,,,,,,0.01639344262295082,1.0,39962,0.1225,0.1582686270177171,0.09391315520467675,0.11211211211211211,0.12669745549922137,0.09901545339760938,200,0,0.5062296668359851,0.5175331669640244,0.49492616670794587,True,True,True,0.03923727541164106,0.0368349932435814,0.03869236675344201,0.03503970377321756,0.011262678541243076,84.0,0.042172070932487,0.03648916964217644,0.04114647442264932,0.03734711131832732,,,,,,0.002402282168059657,0.005104640026018117,-0.00037394969358303665,2.3934738001101046,2.5099349397816084,2.2781737904179664,3.2813368474822324,3.440999438685989,3.123266109335666,1568,0.011957710297785426,True,True,,,,,,
1.0,61.0,R1_D60,gatekeeper,61.0,0.5635989481320922,0.5424109312453744,0.5778514020226597,0.5493464942415247,False,0.05351090319152409,2501697,2.927008746462901,0.05356843774445906,0.15662688167272057,0.16549203124571046,0.21019531941717962,,,False,0.0,60.0,0.05980681647565187,0.059956959111155596,0.06329942453835441,0.05680612782094407,0.014114064164459705,71.0,0.06425105795291089,0.05540709340021591,0.06296061620723761,0.056836391686853054,,,,,,-0.00015014263550372855,0.0007508134279859488,-0.0010285474613146895,4.23739141561641,4.460842264478018,4.026932922044619,7170,0.014114064670835185,True,,,,,,0.01639344262295082,1.0,119886,0.10925771476230192,0.12817946352484358,0.09283175692422038,0.08925592258925592,0.09673930179897915,0.08229868481559778,200,0,0.5098817764081712,0.5168397185667274,0.5029238342496151,True,True,True,0.03573394724988739,0.0368349932435814,0.038628165623009074,0.03499759162922596,0.011262678541243076,109.0,0.03774122668090499,0.03361029937451825,0.03705293454293017,0.034449853680698514,,,,,,-0.0011010459936940094,0.0003426197606628884,-0.0026058555912750717,2.1797707822431307,2.26022900711874,2.1014410745226093,3.1727752523514385,3.2898865866316256,3.058762090874044,4284,0.011262678383350317,True,True,,,,,,
15.0,35.0,R15_D20,baseline,35.0,0.5668678939144404,0.5533955565855028,0.575930274202575,0.5578055136263057,False,0.18349612830492992,215400,1.6925208913649026,0.18423398328690807,0.31057103064066854,0.38071091989346445,0.4948050139275766,,,False,0.0,20.0,0.09885216323083419,0.09885216323083419,0.10184743824804106,0.09580560271551535,0.02452697604894638,41.0,0.1029099391110955,0.0946636615140361,0.10170927919663567,0.09606667492059595,,,,,,0.0,0.0,0.0,4.030344908727095,4.14683363704679,3.916776542971941,5150,0.024526973613792944,True,,,,,,0.02857142857142857,0.06666666666666667,52098,0.1785028790786948,0.21370159398156915,0.14801041567419085,0.15930902111324377,0.17386272648241258,0.14575863494658953,200,0,0.49969488241897053,0.5075128591285525,0.4918769057093886,True,True,True,0.06399477907021382,0.06399477907021382,0.06614532046909541,0.06177471465731897,0.019500456750392914,63.0,0.06697819857963397,0.060947054839643404,0.06621413001100006,0.06177316380868968,,,,,,0.0,0.0,0.0,2.2398172674574837,2.317494550385002,2.1620607333041386,3.28170661943417,3.39551682050127,3.1677803020766158,3334,0.019500457076582843,True,True,,,,,,
15.0,35.0,R15_D20,first_hop_cred,35.0,0.5671399915480305,0.5548295160261637,0.5754208271582926,0.5588591559377685,False,0.18349612830492992,215400,1.6925208913649026,0.18423398328690807,0.31057103064066854,0.38071091989346445,0.4948050139275766,0.37446734999424164,0.06356040801681276,False,0.0,20.0,0.09859303620100579,0.09885216323083419,0.10195291998318438,0.09574695982459683,0.02452697418630123,41.0,0.10268938682967359,0.0947733905634213,0.10147332455445694,0.09579227307661005,0.09832641345020247,0.09947972730534625,0.10142084634019596,0.09520216478867996,78036,-0.00025912702982840033,0.0003734680566930468,-0.0009189129816376689,4.019779926927519,4.137213426828681,3.905588785024031,20546,0.024526973613792944,True,0.11478507321681625,0.1007085498346717,0.12146671201557242,0.1083096300651772,10585,0.02857142857142857,0.06666666666666667,208392,0.17610364683301344,0.19304924095765197,0.16034993870872932,0.1598848368522073,0.167046993464999,0.15297336294572642,200,0,0.5011228032281817,0.5048665286649623,0.49737907779140106,True,True,True,0.06298706284310338,0.06399477907021382,0.06629326296844243,0.0619027346492377,0.019500456750392914,63.0,0.06552710658668966,0.0605683842816456,0.06471677718374265,0.061280107889518584,0.05952380952380952,0.06168947665180173,0.06122371264588642,0.057858549881515016,78036,-0.0010077162271104458,8.624721153791886e-05,-0.0021160907360107113,2.2045471995086183,2.2650872014309926,2.1448037761331507,3.230030075486871,3.3187312958657724,3.142495975804942,13126,0.019500457076582843,True,True,0.1413320736891828,0.06376948512045347,0.14796826456407783,0.1351647833984616,10585,0.05079369649506699
15.0,35.0,R15_D20,first_hop_content,35.0,0.5671399915480305,0.5548295160261637,0.5754208271582926,0.5588591559377685,False,0.18349612830492992,215400,1.6925208913649026,0.18423398328690807,0.31057103064066854,0.38071091989346445,0.4948050139275766,0.37446734999424164,0.1233533241068225,False,0.0,20.0,0.09859303620100579,0.09885216323083419,0.10159774934602242,0.09590229532837943,0.02452697418630123,41.0,0.10270829662027492,0.09421429593185757,0.10148303275514052,0.09580228562522128,0.09832641345020247,0.09947972730534625,0.10143525740677774,0.09514298648929942,78036,-0.00025912702982840033,0.0003652976954839739,-0.0009068584956692155,4.019779926927519,4.137609244137267,3.905997011035478,20546,0.024526973613792944,True,0.10627627053878487,0.10006687046236148,0.11099472144973681,0.10191588161032587,20936,0.02857142857142857,0.06666666666666667,208392,0.17610364683301344,0.19304924095765197,0.16034993870872932,0.1598848368522073,0.167046993464999,0.15297336294572642,200,0,0.5016158117602582,0.5061698459041928,0.4970617776163236,True,True,True,0.06298706284310338,0.06399477907021382,0.06611972621459658,0.06175292042696887,0.019500456750392914,63.0,0.06553978123328164,0.06079073198395703,0.06463307189797785,0.06134802562350359,0.05952380952380952,0.06168947665180173,0.06130831778080979,0.05788455921276965,78036,-0.0010077162271104458,1.9553363049546186e-05,-0.0020606012805651696,2.2045471995086183,2.2621575164292245,2.1471808968226256,3.230030075486871,3.314438817723538,3.145978854884046,13126,0.019500457076582843,True,True,0.1323557508597631,0.06290599923576615,0.13725554218204478,0.1275283682865153,20936,0.1004645091942109
15.0,35.0,R15_D20,cred_processor,35.0,0.5656625811071786,0.5524725463410585,0.574535066121902,0.5567900960924552,False,0.18349612830492992,215400,1.6925208913649026,0.18423398328690807,0.31057103064066854,0.38071091989346445,0.4948050139275766,0.49647779185381397,0.08699812491542788,False,0.0,20.0,0.09855944566010212,0.09885216323083419,0.10183508337077206,0.09574303535799349,0.02452697418630123,41.0,0.10312438030997885,0.0942119631733893,0.10138370078614022,0.09572154242298016,0.0979683362007307,0.09824863234810849,0.10103576302362294,0.09477691609151902,103462,-0.00029271757073208183,8.645907514758635e-05,-0.0006975151471067792,4.0184103922497965,4.133559336857045,3.902704994518784,20539,0.024526973613792944,True,0.09804082976621666,0.09878169245966414,0.10289194671944578,0.09341236968277375,12148,0.02857142857142857,0.06666666666666667,208392,0.18234165067178504,0.19949901391869343,0.16635321858374277,0.15681381957773513,0.16392196350155086,0.14995862186096437,200,0,0.5016220894670668,0.5063487463446388,0.4968954325894947,True,True,True,0.06339974663134862,0.06399477907021382,0.06614440256995628,0.06188561224627136,0.019500456750392914,63.0,0.06654160831058573,0.06050359654337756,0.0653766200744812,0.06138933977817746,0.06168448319189654,0.0628926562409387,0.0639285556752373,0.059603756788692876,103462,-0.0005950324388652155,0.0001865446729123212,-0.0014235326589745131,2.2189911320972016,2.288181702606842,2.1486268922362113,3.2511928506271945,3.3525685996862515,3.148097479822509,13212,0.019500457076582843,True,True,0.06494896279222917,0.0638788277905828,0.0693765585613121,0.06053771402920551,12148,0.058293984413989024
15.0,35.0,R15_D20,content_server,35.0,0.5660803532510035,0.5562747697462735,0.5726762337205381,0.5594844727814688,False,0.18349612830492992,215400,1.6925208913649026,0.18423398328690807,0.31057103064066854,0.38071091989346445,0.4948050139275766,,,False,4.798648700525932e-05,20.0,0.11078160390034167,0.09885216323083419,0.10184241923840137,0.09588961571692668,0.02452697418630123,36.0,0.11466949717200928,0.10667445028643956,0.11359423212590704,0.10816398637318736,,,,,,0.011929440669507466,0.01381308557797507,0.010090316981037052,3.8384999924398513,3.935955463767754,3.747801496440181,11543,0.0288606497638485,True,,,,,,0.02857142857142857,0.06666666666666667,104196,0.16026871401151632,0.18378516041264503,0.13924798765326646,0.16276391554702496,0.17303556848053595,0.15298920082750075,200,0,0.502988657026804,0.5084628176013554,0.49751449645225254,True,True,True,0.07792045759914008,0.06399477907021382,0.06619399164733825,0.06179813253679621,0.019500456750392914,50.0,0.08025103866267594,0.07560345893923275,0.07952834452489155,0.07627582434629762,,,,,,0.013925678528926254,0.016323611924107813,0.011463948664222602,2.727216015969903,2.783492058371204,2.6696538521204167,3.1090807675156733,3.1732365806515674,3.04345875022293,8119,0.02506221723580466,True,True,,,,,,
15.0,35.0,R15_D20,validator,35.0,0.5705746698468619,0.5581684056707397,0.5789199392068852,0.5622294004868386,False,0.18349612830492992,215400,1.6925208913649026,0.18423398328690807,0.31057103064066854,0.38071091989346445,0.4948050139275766,,,False,0.0,20.0,0.11238435256631732,0.09885216323083419,0.10171389971369205,0.09587075481528431,0.02452697604894638,35.0,0.11642099936047406,0.10840376216441207,0.1152481471086551,0.10949646402749338,,,,,,0.013532189335483127,0.016621254066206664,0.010457049476802092,3.8681321008338,3.966700409912883,3.7687345058344155,5855,0.029053907580377663,True,,,,,,0.02857142857142857,0.06666666666666667,52098,0.21880998080614203,0.25629879958958746,0.18543737601977878,0.17389635316698657,0.1889285545082348,0.15982451200887762,200,0,0.49794966636813476,0.5050747130474329,0.4908246196888366,True,True,True,0.06551115205958002,0.06399477907021382,0.06613289986360955,0.06195408747116351,0.019500456750392914,49.0,0.06857378917958395,0.062487354362643674,0.0676471829744014,0.06342691954334474,,,,,,0.0015163729893661944,0.004464571224312899,-0.0014366707055696063,2.292890322085301,2.3676514041040493,2.219942184017066,3.166755342323138,3.2700093242516823,3.066005252484556,3413,0.02068715293033055,True,True,,,,,,
15.0,35.0,R15_D20,gatekeeper,35.0,0.5668894209975364,0.5538906602655626,0.5756332425150241,0.5581455994800486,False,0.18349612830492992,215400,1.6925208913649026,0.18423398328690807,0.31057103064066854,0.38071091989346445,0.4948050139275766,,,False,0.0,20.0,0.09836590016251423,0.09885216323083419,0.10178344507951814,0.09579993070108836,0.02452697418630123,41.0,0.10255665260272086,0.09434252086526879,0.10124175705395926,0.09552475305594778,,,,,,-0.0004862630683199611,0.00048252973657150245,-0.0014720703509748362,4.010519263868631,4.127772086688474,3.89468160891357,15374,0.024526973613792944,True,,,,,,0.02857142857142857,0.06666666666666667,156294,0.1836212412028151,0.20358351589363216,0.16521031169350275,0.1579014715291107,0.16615390100529567,0.14998519349343312,200,0,0.49966657828772704,0.5047311101473314,0.4946020464281226,True,True,True,0.062433618692976055,0.06399477907021382,0.06610866847283559,0.06189718125285584,0.019500456750392914,63.0,0.06493170618085806,0.05988366840153291,0.06400016804515449,0.060842244507061924,,,,,,-0.00156116037723777,-5.1136642506135955e-05,-0.0030168318350465156,2.1851766542541617,2.240005881580407,2.1294785577471673,3.201648989445974,3.281982970645811,3.1200419696892356,9758,0.019500457076582843,True,True,,,,,,
15.0,55.0,R15_D40,baseline,55.0,0.5557698525488655,0.5397647088331989,0.5665359650189024,0.5450037400788286,False,0.07029760134366744,215400,2.6535283194057566,0.07110492107706592,0.18653667595171775,0.20081565742388197,0.25764159702878364,,,False,0.0,40.0,0.06965718453683442,0.06965718453683442,0.0723278655006937,0.06690344746341703,0.015575741417706013,65.0,0.07350413087024965,0.0659894773025037,0.07236109460157417,0.06707695672492917,,,,,,0.0,0.0,0.0,4.4721582365547095,4.645755744799314,4.306501425445759,3629,0.015575742371427666,True,,,,,,0.01818181818181818,0.06666666666666667,52098,0.1343570057581574,0.16633225723515438,0.10773423732856081,0.109021113243762,0.12157017584621359,0.09762346541061868,200,0,0.5002567370106045,0.5108313428398996,0.4896821311813093,True,True,True,0.0411916004453146,0.0411916004453146,0.04278270069400879,0.03960275691673537,0.01244340930134058,99.0,0.04345592781702092,0.03876850327367418,0.0428104093888659,0.03949617931781452,,,,,,0.0,0.0,0.0,2.265538024492303,2.3545725163876243,2.1722898624797984,3.310314790883526,3.4404084782256,3.1740642549862654,2146,0.012443408874211786,True,True,,,,,,
15.0,55.0,R15_D40,first_hop_cred,55.0,0.5600182412832421,0.5453866746119485,0.5698603954803205,0.5501760870861636,False,0.07029760134366744,215400,2.6535283194057566,0.07110492107706592,0.18653667595171775,0.20081565742388197,0.25764159702878364,0.4792602403163269,0.058283437130784786,False,0.0,40.0,0.06867346155322661,0.06965718453683442,0.0722258609513283,0.06691987367138534,0.015575741417706013,65.0,0.0724149972375227,0.06480817226211708,0.07118503107121582,0.0660282410763943,0.06946752908664917,0.07043875282856399,0.07232952680769897,0.0666422751094691,99874,-0.000983722983607816,-0.0003346838527736577,-0.0016314131975622616,4.4090008627262645,4.570249646771156,4.239171366721968,14311,0.015575742371427666,True,0.0781294284364667,0.07000472366556448,0.08327883691422228,0.07296019886578568,10585,0.01818181818181818,0.06666666666666667,208392,0.13723608445297505,0.15267839072683412,0.12312869049951296,0.10844529750479846,0.11456050411268258,0.10261868724052274,200,0,0.49804833940995247,0.5035279430715406,0.49256873574836435,True,True,True,0.04053418557334255,0.0411916004453146,0.04289384618237497,0.0395700432569268,0.01244340930134058,99.0,0.04216851241192985,0.03882318557051652,0.04168705522490011,0.039329518334187644,0.03909926507399323,0.04048100606764523,0.0403456868900632,0.03788501194321114,99874,-0.0006574148719720527,0.0003975015879605506,-0.001768608925348,2.22938020653384,2.2927880373695064,2.16312350838032,3.257482413629211,3.350131434746472,3.160670739968667,8447,0.012443408874211786,True,True,0.11743032593292395,0.04166273027869627,0.12402928266709182,0.1103340877839005,10585,0.05079369649506699
15.0,55.0,R15_D40,first_hop_content,55.0,0.5600182412832421,0.5453866746119485,0.5698603954803205,0.5501760870861636,False,0.07029760134366744,215400,2.6535283194057566,0.07110492107706592,0.18653667595171775,0.20081565742388197,0.25764159702878364,0.4792602403163269,0.11399363197629013,False,0.0,40.0,0.06867346155322661,0.06965718453683442,0.07249179057471493,0.06706570369695661,0.015575741417706013,65.0,0.07262063103707668,0.0649830615056104,0.07126280064206611,0.06615914488506318,0.06946752908664917,0.07043875282856399,0.07222659298602946,0.06660152382254421,99874,-0.000983722983607816,-0.0003511474113832669,-0.0016247198510668923,4.4090008627262645,4.575242639656873,4.247575705054439,14311,0.015575742371427666,True,0.07293656858998854,0.07045280855941918,0.07674366568830322,0.06919496405823851,20936,0.01818181818181818,0.06666666666666667,208392,0.13723608445297505,0.15267839072683412,0.12312869049951296,0.10844529750479846,0.11456050411268258,0.10261868724052274,200,0,0.5069223039186201,0.5123362794137113,0.501508328423529,True,True,True,0.04053418557334255,0.0411916004453146,0.04287981767107022,0.03962369666471949,0.01244340930134058,99.0,0.04221968243796238,0.038800190000150676,0.041705800433963436,0.03932171960178634,0.03909926507399323,0.04048100606764523,0.040265731808143614,0.03786708756348288,99874,-0.0006574148719720527,0.0004702518841125501,-0.0017451074706368477,2.22938020653384,2.293819023867989,2.162694578098249,3.257482413629211,3.3516378715479,3.1600440039608624,8447,0.012443408874211786,True,True,0.10856897210546428,0.040026748184944595,0.1131394116226298,0.10425387766610143,20936,0.1004645091942109
15.0,55.0,R15_D40,cred_processor,55.0,0.5560076479093449,0.5400540806205364,0.5667390666820167,0.5452762291366731,False,0.07029760134366744,215400,2.6535283194057566,0.07110492107706592,0.18653667595171775,0.20081565742388197,0.25764159702878364,0.5305338016814465,0.07860056621351495,False,0.0,40.0,0.06935007102000076,0.06965718453683442,0.07236469132312741,0.06708806220197552,0.015575741417706013,65.0,0.07370340357204865,0.06516282537329589,0.0721064667103458,0.06659332740682537,0.06839786901111623,0.06873253195126584,0.07133291887765839,0.0655223799793537,110559,-0.00030711351683365966,4.807056847120667e-06,-0.0006318961495974904,4.452440812530219,4.629408023762565,4.275451263818089,14452,0.015575742371427666,True,0.06865327625946657,0.06857095818241686,0.0724806419342493,0.06452596708283745,12148,0.01818181818181818,0.06666666666666667,208392,0.13291746641074856,0.14817050801012333,0.1190152289451088,0.10758157389635317,0.11367617332353874,0.10177620742235749,200,0,0.4996463705522273,0.5049569701089694,0.49433577099548515,True,True,True,0.04039022611232677,0.0411916004453146,0.042805671397376385,0.03960014447788319,0.01244340930134058,99.0,0.04242430105961114,0.03820854730811992,0.041863443759299825,0.03890613270491595,0.03966208087989218,0.04071129442198283,0.04131055767960189,0.0380823827563903,110559,-0.0008013743329878307,-0.0002257433972756459,-0.0013852257292630021,2.2214624361779722,2.3024894067614903,2.1398372987703773,3.245913279923886,3.364306693004301,3.126645849076499,8417,0.012443408874211786,True,True,0.03868949621336846,0.04025353967731314,0.04171863555879638,0.035841462495400926,12148,0.058293984413989024
15.0,55.0,R15_D40,content_server,55.0,0.5483605453040526,0.5349706505811357,0.5573674692723622,0.539353621335743,False,0.07029760134366744,215400,2.6535283194057566,0.07110492107706592,0.18653667595171775,0.20081565742388197,0.25764159702878364,,,False,0.0,40.0,0.07718146569925909,0.06965718453683442,0.07252034486804851,0.06695251621643962,0.015575741417706013,56.0,0.08083657201597186,0.07366225220781869,0.07959683703167865,0.07466862876130358,,,,,,0.007524281162424661,0.009278568623281873,0.005767121637682254,4.209100363835958,4.340822925230432,4.072062504111684,8042,0.01833680811281959,True,,,,,,0.01818181818181818,0.06666666666666667,104196,0.11036468330134357,0.13084018873161826,0.09275150085809938,0.1107485604606526,0.11955843259022891,0.10251227438569499,200,0,0.4992264931550444,0.5075586115307295,0.4908943747793594,True,True,True,0.049838765403662326,0.0411916004453146,0.04280643794000209,0.03960200500997232,0.01244340930134058,79.0,0.051831683062861324,0.047979706760658394,0.051090787432634836,0.04849458358478528,,,,,,0.00864716495834773,0.010555996224231222,0.006658346989090571,2.741132097201428,2.809993308794916,2.66720209716319,3.115630783224699,3.193899944652513,3.031600325824232,5193,0.015996364419046748,True,True,,,,,,
15.0,55.0,R15_D40,validator,55.0,0.562140480517919,0.5458161430109184,0.5731213037283459,0.5511596573074921,False,0.07029760134366744,215400,2.6535283194057566,0.07110492107706592,0.18653667595171775,0.20081565742388197,0.25764159702878364,,,False,5.758378440631118e-05,40.0,0.07789166570693692,0.06965718453683442,0.07247773487163124,0.06692994925239645,0.015575741417706013,55.0,0.08162300077519931,0.07412650384999198,0.08051332431771441,0.07529023639459288,,,,,,0.0082344811701025,0.011125615965277787,0.005547324331590993,4.219775122730353,4.3618032805010944,4.078842885678537,4058,0.018458724325702475,True,,,,,,0.01818181818181818,0.06666666666666667,52098,0.1401151631477927,0.17256177222008603,0.11293674605128715,0.12207293666026871,0.13520387191431138,0.11005497915819856,200,0,0.5054272658237406,0.5148291523712231,0.49602537927625817,True,True,True,0.04176743828937771,0.0411916004453146,0.04279742619828878,0.039479452030165944,0.01244340930134058,77.0,0.04436192081652046,0.039327322818992934,0.04345014975680211,0.040164573928616554,,,,,,0.0005758378440631119,0.0028024956647272987,-0.0016709897765773765,2.2972091059157744,2.389758236624116,2.2090515660739105,3.1668743750671893,3.294460266016438,3.0453426202194445,2176,0.01318885226967412,True,True,,,,,,
15.0,55.0,R15_D40,gatekeeper,55.0,0.5578020784986,0.5416841366291735,0.5686440664266376,0.5469600905705624,False,0.07029760134366744,215400,2.6535283194057566,0.07110492107706592,0.18653667595171775,0.20081565742388197,0.25764159702878364,,,False,0.0,40.0,0.0688638079516808,0.06965718453683442,0.07239438881936805,0.06700297248974098,0.015575742349028587,65.0,0.07272481795431664,0.06535314436698896,0.07149772053495149,0.06646359209805701,,,,,,-0.0007933765851536207,1.2745406894275942e-05,-0.001597085173372177,4.421221557824777,4.590325059953982,4.267121945980478,10763,0.015575742371427666,True,,,,,,0.01818181818181818,0.06666666666666667,156294,0.13883557261676263,0.15686492396921808,0.12257717041488235,0.10620601407549585,0.11323143334216094,0.0995675430258353,200,0,0.5012999740167293,0.5072921846759092,0.4953077633575495,True,True,True,0.03996314637797996,0.0411916004453146,0.042761001370797316,0.03963306923748865,0.012443408370018005,99.0,0.04176165721974886,0.03818846200766934,0.041134693430479714,0.038736464410152084,,,,,,-0.0012284540673346387,3.869917742948046e-05,-0.0025390811053240163,2.1979730507888977,2.2624081386763844,2.1305055425583648,3.21159151659809,3.305741525196434,3.1130106550168155,6246,0.012443408874211786,True,True,,,,,,
15.0,75.0,R15_D60,baseline,75.0,0.5616309913916653,0.5404287992120368,0.5758929805166851,0.5473690022666454,False,0.02690763722445668,215400,3.616346332404828,0.026796657381615598,0.09730733519034354,0.09998664300570534,0.12410399257195914,,,False,0.0,60.0,0.05320741679143153,0.05320741679143153,0.05569287300917591,0.05075239460350428,0.011434589512646198,88.0,0.0569020573237319,0.04934109950276504,0.05569708266256955,0.050799720992719,,,,,,0.0,0.0,0.0,4.653198323742906,4.870929417580278,4.442635835836968,2772,0.011434590380543449,True,,,,,,0.013333333333333334,0.06666666666666667,52098,0.09404990403071017,0.12216999476868402,0.07187233384142498,0.07907869481765835,0.09007238466190248,0.06932459878249278,200,0,0.5048555867875294,0.5156555180805213,0.4940556554945374,True,True,True,0.029924373296479713,0.029924373296479713,0.03139656301647353,0.028534605458261645,0.009132389910519123,135.0,0.03197298914447705,0.0275619103922211,0.03139600293493452,0.02849388274376336,,,,,,0.0,0.0,0.0,2.2443279972359784,2.354700220120089,2.137041205782252,3.2767299030389876,3.437873890742502,3.1200906603835077,1559,0.009132389358282627,True,True,,,,,,
15.0,75.0,R15_D60,first_hop_cred,75.0,0.5614282203641916,0.5417956212436159,0.5746343979509865,0.5482220427773967,False,0.02690763722445668,215400,3.616346332404828,0.026796657381615598,0.09730733519034354,0.09998664300570534,0.12410399257195914,0.5619025682367845,0.05543314886930382,False,0.0,60.0,0.05326979922453837,0.05320741679143153,0.055637971738654354,0.05086087657467455,0.011434589512646198,88.0,0.05660485182971459,0.050140268896993724,0.05548301649415798,0.051016277246970526,0.05367390858782537,0.053204208512673365,0.05615758413208131,0.05122364354383815,117096,6.238243310683711e-05,0.0005729752676615197,-0.00044949529094082195,4.658653913408188,4.852208487377495,4.461574533861517,11101,0.011434590380543449,True,0.06386395843174303,0.05545583372697213,0.0689689834956125,0.05899606962807688,10585,0.013333333333333334,0.06666666666666667,208392,0.08349328214971209,0.09615002974030451,0.07236921166772359,0.08128598848368522,0.08668861184669337,0.07619197929890338,200,0,0.49972353891262755,0.5055687791763975,0.49387829864885757,True,True,True,0.029439709777726593,0.029924373296479713,0.03140280852612695,0.02849911002516143,0.009132389910519123,135.0,0.030714458452668694,0.0282603129071763,0.030399780569853346,0.028588051924613264,0.028796884607501537,0.02967650474824076,0.029853712935292136,0.02779594104778121,117096,-0.0004846635187531191,0.0005849042637947955,-0.0015776322428472966,2.2079782333294946,2.279983542739001,2.144103894345995,3.223659069137939,3.3287871746600732,3.1304022203877357,6135,0.009132389358282627,True,True,0.09985829003306566,0.030136986301369864,0.10558449529490228,0.09435881890745948,10585,0.05079369649506699
15.0,75.0,R15_D60,first_hop_content,75.0,0.5614282203641916,0.5417956212436159,0.5746343979509865,0.5482220427773967,False,0.02690763722445668,215400,3.616346332404828,0.026796657381615598,0.09730733519034354,0.09998664300570534,0.12410399257195914,0.5619025682367845,0.10958529753364761,False,0.0,60.0,0.05326979922453837,0.05320741679143153,0.055673496143242684,0.0507901932321081,0.011434589512646198,88.0,0.05637783380250004,0.04993320241555043,0.055640906262529946,0.05086582208823383,0.05367390858782537,0.053204208512673365,0.05608954810483313,0.05124107125379658,117096,6.238243310683711e-05,0.0005386391317175268,-0.0004556061124591621,4.658653913408188,4.866016569968772,4.448416637187518,11101,0.011434590380543449,True,0.058177302254489874,0.05349636988918609,0.06148115564390161,0.05462919594803788,20936,0.013333333333333334,0.06666666666666667,208392,0.08349328214971209,0.09615002974030451,0.07236921166772359,0.08128598848368522,0.08668861184669337,0.07619197929890338,200,0,0.49506702461948254,0.501085468828676,0.48904858041028915,True,True,True,0.029439709777726593,0.029924373296479713,0.031363935988179964,0.02850457078065727,0.009132389910519123,135.0,0.030744136480327245,0.02807281646419872,0.03032393496960976,0.028576674413827018,0.028796884607501537,0.02967650474824076,0.029800285133509553,0.027834395138465588,117096,-0.0004846635187531191,0.0005945604652153902,-0.0015475781570024102,2.2079782333294946,2.274295122720732,2.143250581037026,3.223659069137939,3.320482053484442,3.129156378764051,6135,0.009132389358282627,True,True,0.09337982422621321,0.029231944975162398,0.09750151170969075,0.08924886053195655,20936,0.1004645091942109
15.0,75.0,R15_D60,cred_processor,75.0,0.5612344062887158,0.5400480012950376,0.5754857759139957,0.5469830366634358,False,0.02690763722445668,215400,3.616346332404828,0.026796657381615598,0.09730733519034354,0.09998664300570534,0.12410399257195914,0.5415227072056509,0.07486109757286286,False,0.0,60.0,0.05321701408883259,0.05320741679143153,0.05559798582611873,0.05078512873436862,0.011434589512646198,88.0,0.056791501142226836,0.04943895590065208,0.055721211644884396,0.05076163348808185,0.053283591347730155,0.05320383875798634,0.055784619706489465,0.05066776318419184,112849,9.597297401051864e-06,0.00026529845979676747,-0.00024406134977448401,4.654037645229873,4.873039592191859,4.43930493342861,11090,0.011434590380543449,True,0.05251893315772144,0.052683569311820874,0.056647339639073986,0.04849745246050972,12148,0.013333333333333334,0.06666666666666667,208392,0.09644913627639155,0.10987604339472927,0.08450723082664356,0.07965451055662189,0.08500946999275262,0.0746093677834825,200,0,0.5009272130179494,0.506653256459304,0.4952011695765947,True,True,True,0.02981880302506814,0.029924373296479713,0.03143004861798567,0.028466631870605132,0.009132389910519123,135.0,0.03184884278057289,0.028008502675630206,0.03114690329843248,0.02847991495845615,0.029614794991537362,0.02980088436760627,0.031033675452939623,0.02823214779768075,112849,-0.0001055702714115705,0.00047663209845674607,-0.0006603972160667865,2.2364102268801105,2.336017747382436,2.1359936218842113,3.2651699194169765,3.4105973887527883,3.118561182745266,6214,0.009132389358282627,True,True,0.029881461969048402,0.029552189660849524,0.03271490549159506,0.026864742256934294,12148,0.058293984413989024
15.0,75.0,R15_D60,content_server,75.0,0.5349990635097903,0.5194176971881953,0.5454801154288015,0.5245180115907792,False,0.02690763722445668,215400,3.616346332404828,0.026796657381615598,0.09730733519034354,0.09998664300570534,0.12410399257195914,,,False,2.879189220315559e-05,60.0,0.06091404660447618,0.05320741679143153,0.05569947561491715,0.05088562767957205,0.011434590443968773,76.0,0.0640525932502946,0.0576003782893303,0.06302397100302441,0.058719129816759995,,,,,,0.007706629813044647,0.00919852401579245,0.006151563984265519,4.5259170426074435,4.682684542491468,4.362834603492327,6347,0.01345894015091862,True,,,,,,0.013333333333333334,0.06666666666666667,104196,0.06525911708253358,0.08190949535620824,0.05180241445694962,0.07965451055662189,0.08732010053692926,0.07260832563529626,200,0,0.5011623480978156,0.5105087096142061,0.491815986581425,True,False,True,0.036700065261622325,0.029924373296479713,0.031330573378092454,0.028433809373625198,0.009132388979196548,108.0,0.03859444536311037,0.03480481209560061,0.037811518766651044,0.03544458378411213,,,,,,0.0067756919651426155,0.008638949135602219,0.004978995936094353,2.7525048946216746,2.8358639074988283,2.6583437838084096,3.1259543321776406,3.2206231801562764,3.019017798533496,3824,0.01174043551559369,True,True,,,,,,
15.0,75.0,R15_D60,validator,75.0,0.5594286436815312,0.5422898823470882,0.5709573019305115,0.5478999854325509,False,0.02690763722445668,215400,3.616346332404828,0.026796657381615598,0.09730733519034354,0.09998664300570534,0.12410399257195914,,,False,1.919459480210373e-05,60.0,0.06184498445237821,0.05320741679143153,0.05554065715316685,0.05079733438335839,0.011434589512646198,74.0,0.0653901963285374,0.05838195384588789,0.06430662859869246,0.059360279639033384,,,,,,0.008637567660946678,0.011012554478089707,0.0060464357881298905,4.562868850346911,4.7444868019935,4.379549502860485,3222,0.01355396932955375,True,,,,,,0.013333333333333334,0.06666666666666667,52098,0.11516314779270634,0.14543479045694852,0.09052495841457327,0.08790786948176584,0.0993972899645002,0.0776320412963829,200,0,0.499594903359235,0.5098408994965976,0.48934890722187246,True,True,True,0.03126799493262697,0.029924373296479713,0.03147277232642644,0.02843383642757302,0.009132389910519123,104.0,0.03349234731153787,0.029040043262787443,0.03285093830516679,0.02965209219131535,,,,,,0.0013436216361472609,0.00327650073697302,-0.0006730614299826414,2.345099619947023,2.4638203728875094,2.2239069143486514,3.2319642427155433,3.395582549208035,3.0649391459391695,1629,0.009674610417829112,True,True,,,,,,
15.0,75.0,R15_D60,gatekeeper,75.0,0.5599340402059483,0.5395182440167202,0.5736670476592604,0.5462010327526362,False,0.02690763722445668,215400,3.616346332404828,0.026796657381615598,0.09730733519034354,0.09998664300570534,0.12410399257195914,,,False,0.0,60.0,0.05345054832559151,0.05320741679143153,0.055773961605427004,0.05089723223589326,0.011434590443968773,88.0,0.05685242702588633,0.05004252445982878,0.055835206188806455,0.05109429690838544,,,,,,0.00024313153415998054,0.0008955805113103121,-0.0004083811023223892,4.67446113474606,4.8830088643851175,4.4683976607789155,8354,0.011434590380543449,True,,,,,,0.013333333333333334,0.06666666666666667,156294,0.09341010876519514,0.10885053031449848,0.07996337753509561,0.08150991682661549,0.08778384853357801,0.07564720011354845,200,0,0.5065682071285976,0.5129308158272546,0.5002055984299406,True,True,True,0.02983479852073656,0.029924373296479713,0.031419358512503354,0.02846390539232164,0.009132388979196548,135.0,0.03135905341355432,0.028307567573428435,0.030899769948611634,0.028838053222982312,,,,,,-8.957477574315073e-05,0.0010573911161208416,-0.0011910106102289175,2.237609889055242,2.3174827461458727,2.1628539917236735,3.266921432086978,3.383536195879238,3.157777454684148,4663,0.009132389358282627,True,True,,,,,,
50.0,70.0,R50_D20,baseline,70.0,0.556852340482021,0.5479924985207576,0.5628120529792194,0.5508926279848226,False,0.0352156546085446,215400,3.346142061281337,0.035078922934076134,0.11783658310120705,0.12212043648120706,0.1529155060352832,,,False,0.0,20.0,0.05656530553142195,0.05656530553142195,0.05783254518438907,0.05537396129461308,0.012336445041000843,82.0,0.058381931509375866,0.05469469649440487,0.05775993186064112,0.055387087354009934,,,,,,0.0,0.0,0.0,4.5852194828691895,4.682056649539162,4.489712371374155,9766,0.012336444469617047,True,,,,,,0.014285714285714285,0.02,172650,0.1037079953650058,0.11898229046844876,0.09019379152196479,0.08677015755329008,0.09289387239716161,0.08101407461438358,200,0,0.5000313115060687,0.5060883526476891,0.49397427036444835,True,True,True,0.03134665508253692,0.03134665508253692,0.032173697737949404,0.030525506387809653,0.009883581660687923,125.0,0.03251003435447643,0.030248670086667928,0.032182500841635625,0.03055205411638919,,,,,,0.0,0.0,0.0,2.1942658557775845,2.252775058914494,2.138643788147243,3.1715886171877514,3.2561577327218343,3.091192563037639,5412,0.009883581657677915,True,True,,,,,,
50.0,70.0,R50_D20,first_hop_cred,70.0,0.5562760370150629,0.5483164843543994,0.561630155708293,0.5509219183218328,False,0.0352156546085446,215400,3.346142061281337,0.035078922934076134,0.11783658310120705,0.12212043648120706,0.1529155060352832,0.5379829134086301,0.05596841178798001,False,0.0,20.0,0.05637561540689256,0.05656530553142195,0.05783115568435985,0.05534074425895018,0.012336445041000843,82.0,0.05793304405712264,0.05468046928442966,0.057473737477846,0.05525469122137772,0.05611106475637295,0.05616489606520048,0.05730746112599689,0.05495303476684259,371531,-0.00018969012452939473,0.00015166820250006038,-0.000524829082336883,4.569843081265262,4.658857551654843,4.4789802570313,38933,0.012336444469617047,True,0.06505138657633347,0.05741516908767296,0.0677193974125702,0.06236724138936517,34834,0.014285714285714285,0.02,690600,0.10295395308427455,0.11034352715174102,0.09600584675473976,0.08467998841587025,0.08766286516202702,0.08178951000447811,200,0,0.4998024044545934,0.5028999476809559,0.49670486122823093,True,True,True,0.03162612221256878,0.03134665508253692,0.032135028654887286,0.030543662443104365,0.009883581660687923,125.0,0.032478164615722345,0.030939421273866688,0.03219786496768392,0.031073826357749478,0.031553221669255054,0.030944927879503998,0.032110217357574425,0.030992841067361228,371531,0.00027946713003185636,0.0007837870992375017,-0.0002125102969878968,2.213828554879815,2.2538505477378745,2.1751678450424636,3.1998645134884374,3.257712242673837,3.1439843807644605,21841,0.009883581657677915,True,True,0.10676350691852787,0.03258310845725441,0.10979626349304474,0.1036794323844745,34834,0.05044019693020562
50.0,70.0,R50_D20,first_hop_content,70.0,0.5562760370150629,0.5483164843543994,0.561630155708293,0.5509219183218328,False,0.0352156546085446,215400,3.346142061281337,0.035078922934076134,0.11783658310120705,0.12212043648120706,0.1529155060352832,0.5379829134086301,0.1107875251324923,False,0.0,20.0,0.05637561540689256,0.05656530553142195,0.05784718226038369,0.0553600763242529,0.012336445041000843,82.0,0.057984134366556486,0.054756966768590945,0.05747804065835946,0.0553305029509775,0.05611106475637295,0.05616489606520048,0.05733616611524171,0.05489470669106367,371531,-0.00018969012452939473,0.0001274932454947228,-0.000506450766237778,4.569843081265262,4.6592063701919875,4.485125603835762,38933,0.012336444469617047,True,0.06095913297400956,0.05709470748042363,0.06288855388318669,0.059064226921757765,68833,0.014285714285714285,0.02,690600,0.10295395308427455,0.11034352715174102,0.09600584675473976,0.08467998841587025,0.08766286516202702,0.08178951000447811,200,0,0.5019463382889894,0.5050679701076398,0.49882470647033894,True,True,True,0.03162612221256878,0.03134665508253692,0.03219460849048012,0.03050325646836516,0.009883581660687923,125.0,0.03245180471175246,0.030764399244443,0.032204054242314636,0.03107701267388535,0.031553221669255054,0.030944927879503998,0.0320933524898778,0.030991160287018326,371531,0.00027946713003185636,0.0007810894643023237,-0.00020334539099534514,2.213828554879815,2.2542837969620244,2.1753908871719747,3.1998645134884374,3.258338460460575,3.1443067655280243,21841,0.009883581657677915,True,True,0.09893510380195546,0.032702337541586156,0.10112871110684393,0.09679904805992666,68833,0.09967130031856357
50.0,70.0,R50_D20,cred_processor,70.0,0.5568176974431964,0.5481817015444093,0.5626268363543397,0.5510085585320531,False,0.0352156546085446,215400,3.346142061281337,0.035078922934076134,0.11783658310120705,0.12212043648120706,0.1529155060352832,0.5408094410657399,0.07597936184511744,False,0.0,20.0,0.056585577758470895,0.05656530553142195,0.05778030265332896,0.05536231923533433,0.012336445041000843,82.0,0.05826264817855101,0.05466017673012422,0.057819772352269254,0.05541434781553466,0.05636668871140052,0.05642559366825264,0.0576341430640885,0.05508978481354951,373483,2.027222704894295e-05,0.00017822051175618713,-0.00014186499430066937,4.586862762429915,4.686907357680841,4.491922121646356,39078,0.012336444469617047,True,0.05536995185221578,0.055173430283973666,0.05770311714429362,0.053058840521279384,40708,0.014285714285714285,0.02,690600,0.1035331595713872,0.11094020084164116,0.09656694203069449,0.08656240949898639,0.0895744731569789,0.0836423253840592,200,0,0.4987995997694394,0.5019246192231546,0.49567458031572414,True,True,True,0.03152620909354185,0.03134665508253692,0.032156134496979114,0.030500544505631808,0.009883581660687923,125.0,0.03246092524685204,0.03047852756426632,0.03226625983424418,0.030812048986695467,0.0312999520727851,0.031091107225763956,0.03202581529645473,0.030549112336579122,373483,0.00017955401100492325,0.0005097684571850968,-0.00016753271142144787,2.206834636547929,2.2586381883970925,2.1568434290686826,3.1897555142928553,3.264632291389894,3.117498297063148,21772,0.009883581657677915,True,True,0.031197798958435687,0.03085388621401199,0.03308708505819674,0.029309835693802376,40708,0.058945844193454965
50.0,70.0,R50_D20,content_server,70.0,0.5496418771659249,0.5433811603816495,0.5538532471004903,0.5454305072313596,False,0.0352156546085446,215400,3.346142061281337,0.035078922934076134,0.11783658310120705,0.12212043648120706,0.1529155060352832,,,False,0.0,20.0,0.0626498696785404,0.05656530553142195,0.05780246606986459,0.05535195572674544,0.012336445041000843,71.0,0.06414723743810145,0.06125358463211565,0.06375150266909553,0.06158482755416999,,,,,,0.006084564147118447,0.007017648015846949,0.0051728633397243986,4.319613441669673,4.395569364614213,4.24618040342106,21633,0.014503582444248568,True,,,,,,0.014285714285714285,0.02,345300,0.06313350709527947,0.07174082010800038,0.05549714092095194,0.08132059079061686,0.08549139594768723,0.07733605634700291,200,0,0.5007918948193558,0.5048102200482983,0.4967735695904133,True,True,True,0.0394323776426296,0.03134665508253692,0.03214530472373868,0.03050902683665155,0.009883581660687923,100.0,0.04048833481714672,0.03828690990325063,0.04016864124691308,0.038752812471401527,,,,,,0.008085722560092674,0.009153970016412251,0.007026506225409204,2.760266434984072,2.8118048872839156,2.712696872998107,3.10777602209974,3.1658030169737,3.054217589389014,13616,0.012688294575356007,True,True,,,,,,
50.0,70.0,R50_D20,validator,70.0,0.5652712849563173,0.5567162874690011,0.5710259390078878,0.5595166309047468,False,0.0352156546085446,215400,3.346142061281337,0.035078922934076134,0.11783658310120705,0.12212043648120706,0.1529155060352832,,,False,0.0,20.0,0.06457573124818998,0.05656530553142195,0.057737049791803934,0.05536775139535914,0.012336445041000843,69.0,0.06613724851324383,0.06299079136416154,0.06572449294285934,0.06344544934117224,,,,,,0.008010425716768028,0.009268172454654874,0.006807664017302052,4.416682606662384,4.495252615827993,4.339376529861429,11149,0.014620867515084771,True,,,,,,0.014285714285714285,0.02,172650,0.11877172653534183,0.1348874487175259,0.10434919155980175,0.10183039851714551,0.10838840189857232,0.09562662862530791,200,0,0.5064874030668416,0.5125250516981559,0.5004497544355273,True,True,True,0.03286417607877208,0.03134665508253692,0.032160164984092805,0.030513529095878837,0.009883581660687923,97.0,0.03401509471197249,0.03178622651909236,0.03361857513496093,0.032108382448812756,,,,,,0.0015175209962351578,0.002691912479097274,0.0003360643584809741,2.3004923255140457,2.353300259447265,2.247586771416893,3.146380092857952,3.2186054292477673,3.074021241508294,5674,0.010445075009650393,True,True,,,,,,
50.0,70.0,R50_D20,gatekeeper,70.0,0.5571818353872211,0.5491526764342006,0.5625827758513425,0.5517808949230997,False,0.0352156546085446,215400,3.346142061281337,0.035078922934076134,0.11783658310120705,0.12212043648120706,0.1529155060352832,,,False,0.0,20.0,0.05611352447147408,0.05656530553142195,0.05779538901688929,0.05540930735249712,0.012336444109678268,82.0,0.057695507160568364,0.05441155702199583,0.057344479160243905,0.0549492188315226,,,,,,-0.00045178105994787143,-4.622144237355025e-05,-0.0008482820725984164,4.548597824087314,4.648379790585157,4.454218471688088,29064,0.012336444469617047,True,,,,,,0.014285714285714285,0.02,517950,0.10096525096525097,0.10946784204942826,0.09305406514244975,0.08606842227199012,0.08954592038668088,0.0827137031583951,200,0,0.49825575549521756,0.5019122195426013,0.49459929144783377,True,True,True,0.031167101071532,0.03134665508253692,0.03216347858655867,0.03052939977307406,0.009883581660687923,125.0,0.03205155463632842,0.030236955888742974,0.031800142870089254,0.030540215801121404,,,,,,-0.00017955401100492325,0.00045046727418755425,-0.0008040184602355985,2.18169707500724,2.226010000906248,2.1378151060784982,3.1534217200826484,3.217471557528518,3.089994787203148,16143,0.009883581657677915,True,True,,,,,,
50.0,90.0,R50_D40,baseline,90.0,0.5496428174283435,0.5393668468386407,0.5565551111929563,0.5427305236637308,False,0.013340376902841865,215400,4.306220984215413,0.013769730733519035,0.05744661095636026,0.05824867958989616,0.0712163416898793,,,False,0.0,40.0,0.045936866492904724,0.045936866492904724,0.04705580793124942,0.044827853472636105,0.009576044045388699,105.0,0.047680895240194525,0.04429721602950011,0.047120332434669364,0.04478072764858284,,,,,,0.0,0.0,0.0,4.797060393010921,4.920646480377011,4.676327999133456,7931,0.009576045062895697,True,,,,,,0.011111111111111112,0.02,172650,0.07705677867902665,0.0905982379080679,0.06539377942088223,0.06835032437442076,0.07386801085625884,0.06321665709019962,200,0,0.50864610470157,0.5151470558783773,0.5021451535247627,True,True,True,0.0245583550535766,0.0245583550535766,0.025277656498666534,0.023838397766398036,0.007684620097279549,160.0,0.025587471784788176,0.023551828471097054,0.025306771869078638,0.023833435939207826,,,,,,0.0,0.0,0.0,2.210251954821894,2.2776094682170775,2.1450092345287044,3.1957799332281756,3.2931714496979896,3.10144617374554,4240,0.007684620207490099,True,True,,,,,,
50.0,90.0,R50_D40,first_hop_cred,90.0,0.5494457303337219,0.5401974911245327,0.5556667043683677,0.5432247562990761,False,0.013340376902841865,215400,4.306220984215413,0.013769730733519035,0.05744661095636026,0.05824867958989616,0.0712163416898793,0.6084998551983782,0.05436070723175404,False,0.0,40.0,0.045640023168259485,0.045936866492904724,0.047035059142036956,0.04487083822761884,0.009576044976711273,105.0,0.04711786896946571,0.04408307326378004,0.04659784247324506,0.044608325506177375,0.045356114508721415,0.04562739452204745,0.0465122766570459,0.04415290727774145,420230,-0.000296843324645236,-1.3745268519872582e-06,-0.000584587839314522,4.766061862542908,4.866084293378874,4.658324518440422,31519,0.009576045062895697,True,0.05408508928058793,0.046793362806453465,0.05644073955923329,0.051727429432561,34834,0.011111111111111112,0.02,690600,0.07761366927309586,0.08416155536240039,0.07153542628792947,0.06692730958586736,0.06961155754020634,0.06433940949416489,200,0,0.5022403948840303,0.5056175925232123,0.49886319724484823,True,True,True,0.02468288444830582,0.0245583550535766,0.025252376490480555,0.023841889152251126,0.007684620562940836,160.0,0.02538325503947917,0.023996902180607703,0.025157409110636138,0.02421443516325774,0.024686481212669253,0.02442234014706232,0.025154591003329903,0.024203169235602985,420230,0.00012452939472922098,0.0006556203084111342,-0.0004015732181492271,2.221459600347524,2.264166819957252,2.1792991646931967,3.2119849493990262,3.273734866703697,3.1510256212345076,17046,0.007684620207490099,True,True,0.09588333237641385,0.025176551644944593,0.09908742320354978,0.09267568371735609,34834,0.05044019693020562
50.0,90.0,R50_D40,first_hop_content,90.0,0.5494457303337219,0.5401974911245327,0.5556667043683677,0.5432247562990761,False,0.013340376902841865,215400,4.306220984215413,0.013769730733519035,0.05744661095636026,0.05824867958989616,0.0712163416898793,0.6084998551983782,0.1072484115841325,False,0.0,40.0,0.045640023168259485,0.045936866492904724,0.04700755595793646,0.044828946778549005,0.009576044976711273,105.0,0.047306702076598935,0.04415640145928528,0.04665635597654157,0.04459785163344748,0.045356114508721415,0.04562739452204745,0.0465054702851508,0.044233752661347235,420230,-0.000296843324645236,8.654004437338447e-06,-0.000597558642531529,4.766061862542908,4.87219469729951,4.657230760771039,31519,0.009576045062895697,True,0.04946755190097773,0.046634608400040675,0.051365783795799994,0.04775960919035895,68833,0.011111111111111112,0.02,690600,0.07761366927309586,0.08416155536240039,0.07153542628792947,0.06692730958586736,0.06961155754020634,0.06433940949416489,200,0,0.5001762649505148,0.503816293884269,0.4965362360167606,True,True,True,0.02468288444830582,0.0245583550535766,0.02530485400527263,0.023849164192154056,0.007684620562940836,160.0,0.02538199999575191,0.02398570090990203,0.02515329554597373,0.024218089968301243,0.024686481212669253,0.02442234014706232,0.025180976521273074,0.024208572163420913,420230,0.00012452939472922098,0.000662254586007312,-0.000396258400893263,2.221459600347524,2.2637965991376356,2.179628097147112,3.2119849493990262,3.2731995683348334,3.1515012211919315,17046,0.007684620207490099,True,True,0.08647015239783243,0.025351212354539247,0.08856240750139195,0.0843449037884287,68833,0.09967130031856357
50.0,90.0,R50_D40,cred_processor,90.0,0.5499363025457874,0.5397160528745149,0.5568111147553818,0.543061490336193,False,0.013340376902841865,215400,4.306220984215413,0.013769730733519035,0.05744661095636026,0.05824867958989616,0.0712163416898793,0.5429307848247901,0.07336483992446953,False,0.0,40.0,0.04589487402258905,0.045936866492904724,0.047044179429308705,0.04484646551064986,0.009576044976711273,105.0,0.04768979917020784,0.04422156493096727,0.0470612123798288,0.04485439682004402,0.04591836734693878,0.04603304991625506,0.047091136207345986,0.044701620985894926,374948,-4.1992470315667536e-05,9.551456876826917e-05,-0.00017770863716243902,4.7926752350422746,4.914472735949926,4.684021067720468,31695,0.009576045062895697,True,0.04564213422423111,0.04547017785201926,0.04764359589344674,0.043693604582538646,40708,0.011111111111111112,0.02,690600,0.07674485954242688,0.08326081381125688,0.07069951439029065,0.06843324645236026,0.07114465514075335,0.06581785059324424,200,0,0.5022691246730261,0.5055228516405572,0.49901539770549497,True,True,True,0.024596003475238923,0.0245583550535766,0.025264294408460692,0.023873329741755725,0.007684620562940836,160.0,0.025551494424482617,0.023556945803702854,0.025284515418176678,0.02389042797765356,0.024395382826418597,0.024331373950521137,0.025076807843103417,0.023714382563217448,374948,3.7648421662322615e-05,0.0002936127418079775,-0.0002312943676736586,2.213640312771503,2.275606387635901,2.1501385179888204,3.2006791241635493,3.2902752166635625,3.108862550470337,16986,0.007684620207490099,True,True,0.023115849464478727,0.02336150142478137,0.02455622142322325,0.02167231339006806,40708,0.058945844193454965
50.0,90.0,R50_D40,content_server,90.0,0.5437236224488443,0.5362272247425895,0.5487661926537383,0.5386810522439504,False,0.013340376902841865,215400,4.306220984215413,0.013769730733519035,0.05744661095636026,0.05824867958989616,0.0712163416898793,,,False,0.0,40.0,0.05109470026064292,0.045936866492904724,0.047127517534695726,0.04489192765558332,0.009576044976711273,91.0,0.052580160535037314,0.049702317758392234,0.05205089361724248,0.050140505958477466,,,,,,0.005157833767738199,0.005985276391688026,0.004373127767385339,4.5354204339690725,4.620296925390387,4.45072138858977,17643,0.011265703148038368,True,,,,,,0.011111111111111112,0.02,345300,0.04459889950767448,0.0520047399187764,0.038205199569475164,0.06226469736461048,0.06596732703859462,0.058756816382187126,200,0,0.49883312304592153,0.5032656227693469,0.4944006233224962,True,True,True,0.03062843903851723,0.0245583550535766,0.02530228265965166,0.023845783613554154,0.007684620562940836,128.0,0.031530715070260895,0.029669804632666785,0.031290114518503644,0.029944813871549947,,,,,,0.006070083984940631,0.007048277846629981,0.005130274516768672,2.756559513466551,2.816110306665328,2.695033248439495,3.104287879124964,3.171350753920932,3.035000335054809,10576,0.009866494420340542,True,True,,,,,,
50.0,90.0,R50_D40,validator,90.0,0.5624613273425648,0.552942520854037,0.5688643027270155,0.5560583519581141,False,0.013340376902841865,215400,4.306220984215413,0.013769730733519035,0.05744661095636026,0.05824867958989616,0.0712163416898793,,,False,0.0,40.0,0.05186794092093831,0.045936866492904724,0.04710819069593366,0.04480431865028532,0.009576044045388699,89.0,0.053536376733413764,0.05004856183886381,0.05299671493253577,0.0506870128288032,,,,,,0.005931074428033594,0.007109734797987489,0.00464206339074106,4.56743441493629,4.666833025633301,4.463443172681181,8955,0.011356034090237025,True,,,,,,0.011111111111111112,0.02,172650,0.10776361529548088,0.12327297357435853,0.09399633564714728,0.08723354958294717,0.09337136676534288,0.08146295204658183,200,0,0.5046969844181044,0.5109488139885625,0.4984451548476463,True,True,True,0.02551983782218361,0.0245583550535766,0.025250193279302908,0.02384312607508429,0.007684620097279549,124.0,0.02636151475885519,0.024599064273387625,0.02618360077549719,0.024886940875202466,,,,,,0.0009614827686070084,0.0018862811584632552,-2.32280690723967e-05,2.296785403996525,2.356524069794747,2.239824678768222,3.143877189058892,3.2256484456948153,3.0659084226230253,4406,0.00811731384132816,True,True,,,,,,
50.0,90.0,R50_D40,gatekeeper,90.0,0.5524194704932569,0.5428873188015584,0.558831422739198,0.5460075182473159,False,0.013340376902841865,215400,4.306220984215413,0.013769730733519035,0.05744661095636026,0.05824867958989616,0.0712163416898793,,,False,0.0,40.0,0.04560671879525051,0.045936866492904724,0.047008349747924165,0.044848458191075156,0.009576044976711273,105.0,0.047337402655919465,0.04402597101487225,0.04668770164815932,0.04462875349716507,,,,,,-0.00033014769765421373,2.4984616097950516e-05,-0.0007023120389375523,4.762583978636741,4.875468039416415,4.660457757251802,23622,0.009576045062895697,True,,,,,,0.011111111111111112,0.02,517950,0.07606177606177607,0.08359927345785756,0.06915259310884014,0.06761139856359565,0.07073387196381864,0.06461717882515158,200,0,0.4987614499303432,0.5026441076671454,0.4948787921935411,True,True,True,0.024129742253113234,0.0245583550535766,0.025265761433484808,0.02381009625643294,0.007684620097279549,160.0,0.024876569900615216,0.02338200904999933,0.02464851554663534,0.023622525987243043,,,,,,-0.00042861280046336517,0.0001389187193349234,-0.000977799892720578,2.171676802780191,2.2183663991971807,2.126027338851874,3.1400045287331557,3.2075125225591177,3.0740004514755945,12498,0.007684620207490099,True,True,,,,,,
50.0,110.0,R50_D60,baseline,110.0,0.5448936580041387,0.5334720472762542,0.5525765846850793,0.5372107313231981,False,0.005146071499780323,215400,5.262237697307335,0.005227483751160632,0.027079851439182914,0.027222154811129676,0.032307335190343546,,,False,0.0,60.0,0.03852881552273386,0.03852881552273386,0.039586750883543166,0.037554399076695576,0.007839705795049667,128.0,0.040022592667610865,0.037021175026653697,0.03953783621643717,0.037490487961641485,,,,,,0.0,0.0,0.0,4.91457449921935,5.043280957053043,4.782129780004709,6652,0.007839705254006003,True,,,,,,0.00909090909090909,0.02,172650,0.05040556199304751,0.06176207854128016,0.04104587412620657,0.0538693234476367,0.05883338966751718,0.049302159517080654,200,0,0.5024792371383648,0.5097424155375159,0.49521605873921387,True,True,True,0.020144801621778164,0.020144801621778164,0.020766253963976706,0.01946735153958448,0.0062919133342802525,195.0,0.02112157319012766,0.019089464612159254,0.020825749544235245,0.019488436803150898,,,,,,0.0,0.0,0.0,2.215928178395598,2.290832449865877,2.1437280483465986,3.2016973928705847,3.3099232880143976,3.097378593012113,3478,0.006291913054193012,True,True,,,,,,
50.0,110.0,R50_D60,first_hop_cred,110.0,0.5456156498558037,0.5353024785306386,0.552552967282126,0.5386783324294814,False,0.005146071499780323,215400,5.262237697307335,0.005227483751160632,0.027079851439182914,0.027222154811129676,0.032307335190343546,0.66748045178106,0.0533948568428634,False,0.0,60.0,0.03834781349551115,0.03852881552273386,0.03954390633123008,0.0375389594515062,0.007839705795049667,128.0,0.03978073598942476,0.03695393820670284,0.039303237190286756,0.03732371627049913,0.03839578967463696,0.038645267939656634,0.03940051803970289,0.03727767875539231,460962,-0.0001810020272227049,7.124253245073227e-05,-0.0004330718265915616,4.891486637959487,5.013356486865783,4.760857080873943,26483,0.007839705254006003,True,0.045128322902910946,0.038697823965091575,0.04729944375208289,0.042996943796704906,34834,0.00909090909090909,0.02,690600,0.0509701708659137,0.056411564983590096,0.04602804423741534,0.05357660005792065,0.05600173632169125,0.051250781856377006,200,0,0.500554451476146,0.5043066530873995,0.4968022498648924,True,True,True,0.02040834057341442,0.020144801621778164,0.02079572675446198,0.019512655455427765,0.0062919133342802525,195.0,0.02105327067878769,0.0197965135790023,0.020837740576731458,0.019978377844926305,0.020489758374876887,0.020047205626494157,0.0209152215170505,0.020048337245672346,460962,0.0002635389516362583,0.0007483915015272652,-0.00023672343355042488,2.2449174630755864,2.2921514634404603,2.1976215629418934,3.2435827382919795,3.3118290728516855,3.17524696747239,14094,0.006291913054193012,True,True,0.08681173566056152,0.020267554687948556,0.08963537145258067,0.08399630325141155,34834,0.05044019693020562
50.0,110.0,R50_D60,first_hop_content,110.0,0.5456156498558037,0.5353024785306386,0.552552967282126,0.5386783324294814,False,0.005146071499780323,215400,5.262237697307335,0.005227483751160632,0.027079851439182914,0.027222154811129676,0.032307335190343546,0.66748045178106,0.10528199721452093,False,0.0,60.0,0.03834781349551115,0.03852881552273386,0.03954366500176132,0.03751132924339343,0.007839705795049667,128.0,0.039721631684536185,0.03698654805396574,0.03936959398286814,0.03737307906220722,0.03839578967463696,0.038645267939656634,0.039477298341733004,0.03734186957993655,460962,-0.0001810020272227049,7.790820555815706e-05,-0.00043388274627816266,4.891486637959487,5.021820681683245,4.767153592044802,26483,0.007839705254006003,True,0.042668487498728806,0.039544985690003344,0.04436251560796691,0.04093705869099128,68833,0.00909090909090909,0.02,690600,0.0509701708659137,0.056411564983590096,0.04602804423741534,0.05357660005792065,0.05600173632169125,0.051250781856377006,200,0,0.5029254423947666,0.5068392069649795,0.4990116778245536,True,True,True,0.02040834057341442,0.020144801621778164,0.020792219893182706,0.019486092947824767,0.0062919133342802525,195.0,0.020979181346183803,0.019781337402325083,0.0208424254174025,0.01998642109211597,0.020489758374876887,0.020047205626494157,0.020912008054878663,0.020070271677727215,460962,0.0002635389516362583,0.0007725887778105293,-0.00025095763041809425,2.2449174630755864,2.292666795914275,2.1985063201327564,3.2435827382919795,3.3125736541309703,3.1765253143154544,14094,0.006291913054193012,True,True,0.0782618802028097,0.020963781906934174,0.08031453849892625,0.07616202212618702,68833,0.09967130031856357
50.0,110.0,R50_D60,cred_processor,110.0,0.5447093477041128,0.5335849149093791,0.5521923729590649,0.5372263224491608,False,0.005146071499780323,215400,5.262237697307335,0.005227483751160632,0.027079851439182914,0.027222154811129676,0.032307335190343546,0.544933391253982,0.07220505353000417,False,0.0,60.0,0.03857660005792065,0.03852881552273386,0.039596376653079246,0.03752365437424855,0.007839705795049667,128.0,0.04022234545476171,0.03709618506963569,0.03963411849846275,0.03750979685421413,0.03846613752255328,0.03846613752255328,0.03969563800442223,0.0373761928132369,376331,4.7784535186794094e-05,0.0001643745430527854,-6.949240158228406e-05,4.920669694591954,5.055562322092423,4.784592741550715,26641,0.007839705254006003,True,0.03743735875012283,0.037339097966001766,0.03931154268999698,0.03547066507505137,40708,0.00909090909090909,0.02,690600,0.04952215464813206,0.054894181559762896,0.04465100524660535,0.05412684622067767,0.056563388054577564,0.05178950003296955,200,0,0.5024025766623892,0.5062904790497196,0.4985146742750588,True,True,True,0.020143353605560382,0.020144801621778164,0.02079458317407835,0.01948323835098556,0.0062919133342802525,195.0,0.020989827042251993,0.019228316122808755,0.020739358661361115,0.01953615140054098,0.01994786504433597,0.019876119692504735,0.020603315336782932,0.01930920884714955,376331,-1.4480162177816393e-06,0.0002698053367003845,-0.0002707101827759458,2.215768896611642,2.2813294527497225,2.1489766540595077,3.2014672536100277,3.2961928244606207,3.104962073104592,13911,0.006291913054193012,True,True,0.019406504863908814,0.0192099832956667,0.02090923515537218,0.01807703327020017,40708,0.058945844193454965
50.0,110.0,R50_D60,content_server,110.0,0.5428830627945774,0.5349642157188021,0.5482098002338276,0.5375563253553273,False,0.005146071499780323,215400,5.262237697307335,0.005227483751160632,0.027079851439182914,0.027222154811129676,0.032307335190343546,,,False,0.0,60.0,0.04295974514914567,0.03852881552273386,0.039537833898842356,0.037496310912848205,0.007839705795049667,111.0,0.04438391138572628,0.04169204412217218,0.043831465670620115,0.04205758818657346,,,,,,0.004430929626411816,0.005245523474651769,0.0036873339077541758,4.659319245580623,4.753864131458613,4.561473290404354,14834,0.009220176357285047,True,,,,,,0.00909090909090909,0.02,345300,0.03706921517520996,0.0439027718696246,0.0312645338677173,0.05004344048653345,0.053397009142804944,0.04689005776613887,200,0,0.49994506360403573,0.5047243403052661,0.4951657869028054,True,True,True,0.02476107732406603,0.020144801621778164,0.020809248341334546,0.019468771442497108,0.0062919133342802525,157.0,0.025651238964688818,0.023951906036471196,0.02531484252874034,0.024205698043862686,,,,,,0.004616275702287865,0.005445257143436145,0.003739563408363009,2.7237185056472635,2.7846326781614374,2.6626267848248952,3.0648697266370544,3.133413521774017,2.996126144909198,8550,0.008078998304190652,True,True,,,,,,
50.0,110.0,R50_D60,validator,110.0,0.5576929413952358,0.5478408856374295,0.5643200821591012,0.5510658006313705,False,0.005146071499780323,215400,5.262237697307335,0.005227483751160632,0.027079851439182914,0.027222154811129676,0.032307335190343546,,,False,0.0,60.0,0.043927019982623806,0.03852881552273386,0.03958044486739735,0.0374626652630982,0.007839705795049667,108.0,0.045640382751939275,0.04224163862823875,0.044996491766030225,0.04282163402017805,,,,,,0.005398204459889951,0.006500753377395948,0.004312541064822488,4.725455627275314,4.840504211474951,4.6065435699899195,7584,0.009295827418011757,True,,,,,,0.00909090909090909,0.02,172650,0.07184241019698726,0.08499906690338156,0.06058737255702139,0.06684430027803522,0.07230800824486636,0.06176595135035859,200,0,0.5016939798208065,0.5084585471886559,0.49492941245295724,True,True,True,0.021482768607008398,0.020144801621778164,0.020807628442738178,0.019473272202911673,0.0062919133342802525,151.0,0.022429842389247893,0.020578192627179987,0.02210129616416473,0.020841763565630732,,,,,,0.0013379669852302345,0.0022736350154586634,0.00039918801809645844,2.363104546770924,2.4311425780581204,2.2925939922193805,3.2329726686309064,3.326055768098314,3.136506900314967,3709,0.006644896449466702,True,True,,,,,,
50.0,110.0,R50_D60,gatekeeper,110.0,0.544302509250076,0.5335664292294449,0.5515243028835995,0.5370807156165524,False,0.005146071499780323,215400,5.262237697307335,0.005227483751160632,0.027079851439182914,0.027222154811129676,0.032307335190343546,,,False,0.0,60.0,0.038416835601892074,0.03852881552273386,0.03958952774332484,0.03756287805699636,0.007839704863727093,128.0,0.03994118924519043,0.03698804716643423,0.03948512907565617,0.037445617869139934,,,,,,-0.0001119799208417801,0.00019728457869821025,-0.0004097250105889262,4.900290809053248,5.036557854707574,4.776406338746682,19898,0.007839705254006003,True,,,,,,0.00909090909090909,0.02,517950,0.05057915057915058,0.056886850989761165,0.04493753214651945,0.0528226117846938,0.055613747054531974,0.05016411677714012,200,0,0.5034331472271937,0.5076943997606208,0.4991718946937666,True,True,True,0.019899604208900475,0.020144801621778164,0.020802127834476436,0.01948738239471247,0.0062919133342802525,195.0,0.02061709995027526,0.019220940781794118,0.020366906980437607,0.01944939135688706,,,,,,-0.0002451974128776909,0.00026227476560370625,-0.0007875463980884755,2.188956462979052,2.240359767848137,2.1394330492575766,3.16272714474958,3.2369975244436726,3.0911729372874497,10307,0.006291913054193012,True,True,,,,,,
1.0,21.0,R1_D20_B,baseline,21.0,0.5913683559572538,0.5778941379604757,0.6004320013062869,0.5823047106082206,True,0.36495341388935043,2501697,1.0080713211871781,0.36492388966369627,0.36789907011120854,0.5792991802453221,0.7328229597749047,,,False,0.0,20.0,0.14311095540763727,0.14311095540763727,0.14725644550803768,0.13885086079923215,0.0408148355782032,25.0,0.14999233259144754,0.1361807686782881,0.14769293716715215,0.1388014760635135,,,,,,0.0,0.0,0.0,3.506346551813841,3.6186092077173426,3.400760449091373,5719,0.040814834841012976,True,,,,,,0.047619047619047616,1.0,39962,0.3,0.34663724577752153,0.25716767195619705,0.24674674674674674,0.26612452518933105,0.2283409353291159,200,0,0.5089424341321762,0.5170371459214954,0.500847722342857,True,True,True,0.10227215855062309,0.10227215855062309,0.10523845487645687,0.09926192334180796,0.032312799245119095,38.0,0.10677666582155554,0.0980127208102787,0.10530548738083685,0.09938689147979583,,,,,,0.0,0.0,0.0,2.147715329563085,2.211415234997574,2.0871247210757127,3.165066588283582,3.258940501456488,3.075774814905884,4087,0.032312798387627406,True,True,,,,,,
1.0,21.0,R1_D20_B,first_hop_cred,21.0,0.5909080403979408,0.5781538758833065,0.5994873304102821,0.5823287503855994,True,0.36495341388935043,2501697,1.0080713211871781,0.36492388966369627,0.36789907011120854,0.5792991802453221,0.7328229597749047,0.2876732896251439,0.07291666666666667,False,0.0,20.0,0.14340498473549873,0.14311095540763727,0.1475143474724555,0.13881675874992952,0.0408148318529129,25.0,0.14969192622325267,0.1368233677979717,0.14736217272301047,0.13908496074069177,0.1410490605427975,0.1398312456506611,0.1459495954513649,0.13637287775323598,45984,0.0002940293278614684,0.0010626894967915898,-0.00048459607421652833,3.513550533626013,3.610505182662969,3.4077060775199217,22923,0.040814834841012976,True,0.16718847839699436,0.14364433312460864,0.17578221956689077,0.15853627826129685,7985,0.047619047619047616,1.0,159848,0.2972465581977472,0.32012003876040124,0.2753455446581539,0.24224224224224225,0.2517577704948868,0.23297438418597166,200,0,0.5006112489494265,0.5048260111322017,0.49639648676665143,True,True,True,0.10161528452029428,0.10227215855062309,0.10511653002597883,0.099329348976553,0.032312799245119095,38.0,0.10531868507827434,0.0979984186610962,0.1040249353690131,0.09910995250372026,0.09775139178844816,0.0997955810716771,0.10072040856445777,0.09496387784107439,45984,-0.0006568740303288124,0.0005423960441715087,-0.001936876509604159,2.13392097492618,2.184523642749275,2.0813090025781253,3.1447379858998175,3.219310631073176,3.0672042487557976,16243,0.032312798387627406,True,True,0.19198497182216656,0.10306825297432687,0.20079264693481744,0.18368343347644717,7985,0.04995370602071968
1.0,21.0,R1_D20_B,first_hop_content,21.0,0.5909080403979408,0.5781538758833065,0.5994873304102821,0.5823287503855994,True,0.36495341388935043,2501697,1.0080713211871781,0.36492388966369627,0.36789907011120854,0.5792991802453221,0.7328229597749047,0.2876732896251439,0.13791753653444677,False,0.0,20.0,0.14340498473549873,0.14311095540763727,0.14729011650302973,0.13886571233501271,0.0408148318529129,25.0,0.14977945308607601,0.13734712845861952,0.14743529003145606,0.13924462109773,0.1410490605427975,0.1398312456506611,0.14587755829297008,0.1364185017007096,45984,0.0002940293278614684,0.0009774290750109624,-0.0004615708469441448,3.513550533626013,3.612296622190543,3.4116178992303405,22923,0.040814834841012976,True,0.14980666084570288,0.14057627541474366,0.1565575337236867,0.14298814407158925,16034,0.047619047619047616,1.0,159848,0.2972465581977472,0.32012003876040124,0.2753455446581539,0.24224224224224225,0.2517577704948868,0.23297438418597166,200,0,0.5013577227381909,0.5052899679787939,0.49742547749758786,True,True,True,0.10161528452029428,0.10227215855062309,0.1052343858771134,0.09943231008411067,0.032312799245119095,38.0,0.10511793119395779,0.09780018254458632,0.10412692341726874,0.09916837416041056,0.09775139178844816,0.0997955810716771,0.10062620370014967,0.09476649999677758,45984,-0.0006568740303288124,0.0005544443939717685,-0.001930102190108761,2.13392097492618,2.1866653917626437,2.082535857368622,3.1447379858998175,3.222466905160991,3.0690122523830126,16243,0.032312798387627406,True,True,0.16864163652238992,0.10197081202444805,0.17443247965682773,0.16289530995583967,16034,0.10030779240278265
1.0,21.0,R1_D20_B,cred_processor,21.0,0.5913257025975153,0.5783066477427693,0.6000831752769125,0.5825682299181181,True,0.36495341388935043,2501697,1.0080713211871781,0.36492388966369627,0.36789907011120854,0.5792991802453221,0.7328229597749047,0.423652469846354,0.1094211458948612,False,0.0,20.0,0.14317977078224314,0.14311095540763727,0.14742880972618866,0.13887102026346695,0.0408148318529129,25.0,0.14955086708360674,0.13699408616885345,0.14723264711005385,0.13919951690956284,0.13997341996455995,0.13988481984642645,0.1444513292814914,0.1354597297971732,67720,6.881537460587559e-05,0.0005838273629841272,-0.0005024682827686845,3.508032590110307,3.6073316891657843,3.4105128062330796,22887,0.040814834841012976,True,0.14365691348896165,0.1432343931551706,0.151276016710187,0.13635029892289757,9467,0.047619047619047616,1.0,159848,0.295369211514393,0.3182062918364016,0.2735136025397328,0.24712212212212212,0.25669879575668986,0.2377884297821523,200,0,0.5017029514228806,0.5062490704186351,0.497156832427126,True,True,True,0.10197187327961564,0.10227215855062309,0.10523950787376739,0.09937465639341839,0.032312799245119095,38.0,0.10555582495341038,0.09798543452188252,0.10451487163637045,0.09947183988324658,0.09763733018310691,0.09841996455995275,0.10033684156584308,0.09480806932646697,67720,-0.0003002852710074571,0.0006243617726544724,-0.001240551771445326,2.1414093388719286,2.1948123043637793,2.0889086375481782,3.155773512908147,3.2344729287324516,3.078403754759118,16300,0.032312798387627406,True,True,0.1032005915284673,0.10330622161191508,0.10889164671906423,0.09756478720520466,9467,0.05922501376307492
1.0,21.0,R1_D20_B,content_server,21.0,0.585420788185811,0.5754027758635414,0.5921595622514383,0.5786820141201837,True,0.36495341388935043,2501697,1.0080713211871781,0.36492388966369627,0.36789907011120854,0.5792991802453221,0.7328229597749047,,,False,0.0,20.0,0.16070266753415746,0.14311095540763727,0.14732976516800603,0.13892613211091778,0.0408148355782032,21.0,0.16651433752079484,0.15506826270083288,0.16451904218324542,0.15697862630546525,,,,,,0.017591712126520193,0.020195698335196993,0.014774561494148884,3.3312958961328736,3.410407670701955,3.254098152918467,12844,0.04824028622636276,True,,,,,,0.047619047619047616,1.0,79924,0.2390488110137672,0.2698260610107211,0.21076877447206832,0.24224224224224225,0.25576961712930063,0.2292099698847891,200,0,0.5007971396401792,0.5064708878149152,0.49512339146544326,True,True,True,0.12579450477954057,0.10227215855062309,0.10524759355907566,0.09926903311609934,0.03231280297040939,30.0,0.12921646441401652,0.12223660005160791,0.1281806702473041,0.1234073541215556,,,,,,0.02352234622891747,0.02671936243360865,0.020236406873421264,2.6416846003703522,2.691794075193386,2.5915544365526677,3.0074149946527218,3.0644619206694905,2.950344515334878,10054,0.04182811650643731,True,True,,,,,,
1.0,21.0,R1_D20_B,validator,21.0,0.601393066050479,0.5886688676610901,0.6099521988758302,0.5928339332251279,True,0.36495341388935043,2501697,1.0080713211871781,0.36492388966369627,0.36789907011120854,0.5792991802453221,0.7328229597749047,,,False,0.0015764976727891497,20.0,0.16180371352785147,0.14311095540763727,0.14713689168151434,0.13887692764999238,0.0408148355782032,21.0,0.1685477980688087,0.15506799131117813,0.16647340802085142,0.15711334271329505,,,,,,0.018692758120214203,0.022458399903556116,0.014700429214780573,3.2981911987467916,3.3933777982496376,3.2025831351113054,6466,0.049058318265275756,True,,,,,,0.047619047619047616,1.0,39962,0.35,0.3979680392925262,0.3048856490077627,0.2902902902902903,0.31058015211035966,0.27080527863515275,200,0,0.505386313768088,0.5133351484380821,0.49743747909809377,True,True,True,0.10810269756268455,0.10227215855062309,0.1052383508207565,0.0993402937140859,0.032312799245119095,29.0,0.11283004886783686,0.1038268582528617,0.11106353815428609,0.10529872464560976,,,,,,0.005830539012061459,0.009709833644752983,0.0018790913420508048,2.2701566488163754,2.332334301240008,2.211273217557805,3.0760906851895493,3.1603421827886296,2.99630289851812,4320,0.03514288381781672,True,True,,,,,,
1.0,21.0,R1_D20_B,gatekeeper,21.0,0.5862904080809291,0.574344606530777,0.5943259399898235,0.5782548761720347,True,0.36495341388935043,2501697,1.0080713211871781,0.36492388966369627,0.36789907011120854,0.5792991802453221,0.7328229597749047,,,False,0.0,20.0,0.14309427289258128,0.14311095540763727,0.1475088805219901,0.13864063158924594,0.0408148355782032,25.0,0.1488688859707985,0.13695017303973828,0.14710390005755247,0.13875201903228174,,,,,,-1.668251505596984e-05,0.0014440851780302777,-0.0014217944396364118,3.5059378152571217,3.6041772710968916,3.3995487075414093,17155,0.040814834841012976,True,,,,,,0.047619047619047616,1.0,119886,0.292743953294412,0.3191287631013347,0.26768295148050597,0.2425759092425759,0.2535898934116062,0.23189167171686342,200,0,0.5008505984852994,0.5060138477269394,0.4956873492436596,True,True,True,0.10112940626928915,0.10227215855062309,0.10514206770692557,0.09940637262321071,0.032312799245119095,38.0,0.10418462132865874,0.09822002708892115,0.10334477783981302,0.09895459935537457,,,,,,-0.001142752281333934,0.0013657532033041772,-0.0038516935286316166,2.123717531655072,2.1702403346360737,2.078046586462866,3.129701273660398,3.198261462844512,3.0623964587748103,12124,0.032312798387627406,True,True,,,,,,
1.0,41.0,R1_D40_B,baseline,41.0,0.5671036973142435,0.5495060691992811,0.5789410195437289,0.5552663750847581,True,0.13957661820771286,2501697,1.9674784756107555,0.14006092664299474,0.2746139920222153,0.3193412190821673,0.41467491866521006,,,False,0.0,40.0,0.08610680146138831,0.08610680146138831,0.08994054180959211,0.08228275843042566,0.020827312022447586,48.0,0.09147762087320158,0.08054074124803341,0.08978944714631132,0.08244385965588259,,,,,,0.0,0.0,0.0,4.134321569315279,4.311139674609206,3.958449523708758,3441,0.020827311087862285,True,,,,,,0.024390243902439025,1.0,39962,0.15,0.18831361073063213,0.11834499530337544,0.13363363363363365,0.1492585896060413,0.11941476434554602,200,0,0.5116050559295321,0.5222621033753879,0.5009480084836763,True,True,True,0.05267504128922476,0.05267504128922476,0.0548735991066025,0.05056046444215735,0.01658940128982067,74.0,0.05592232293699541,0.049580081997926816,0.05471864426118104,0.0504193961698565,,,,,,0.0,0.0,0.0,2.1596766928582154,2.2434644147084226,2.0671952429641167,3.175222507261209,3.29840977002637,3.0392534605150203,2105,0.016589401583279803,True,True,,,,,,
1.0,41.0,R1_D40_B,first_hop_cred,41.0,0.5689570822087342,0.5524078847387122,0.5800891610214165,0.5578250033960519,True,0.13957661820771286,2501697,1.9674784756107555,0.14006092664299474,0.2746139920222153,0.3193412190821673,0.41467491866521006,0.40948901456383563,0.061369469567342946,False,0.0,40.0,0.08597542665532255,0.08610680146138831,0.08992678331341361,0.08224407004862234,0.020827310159802437,48.0,0.09077075547530165,0.08140643132664525,0.0894655917031674,0.08237401290299472,0.08344536788071376,0.08391896846736739,0.08735599422821834,0.07940798914173006,65456,-0.00013137480606576247,0.0005742361536878876,-0.0008281962653293446,4.128013755238294,4.295590118462582,3.955095910148504,13743,0.020827311087862285,True,0.09981214777708203,0.08891671884783969,0.10676360736251618,0.09299323778964712,7985,0.024390243902439025,1.0,159848,0.14893617021276595,0.16723329075007612,0.13232285831723697,0.1348848848848849,0.14254981377377382,0.12757078203144226,200,0,0.5017290779737169,0.5069056761160012,0.4965524798314326,True,True,True,0.052162053951253694,0.05267504128922476,0.05478213997740537,0.05061940583947589,0.01658940128982067,74.0,0.054422697864010564,0.049924402231158675,0.05375616856039403,0.05059843713041775,0.05131691517966267,0.05287521388413591,0.05308695630860087,0.04966707484412998,65456,-0.0005129873379710725,0.0006125245568857975,-0.0016328808426758698,2.1386442120014015,2.2040029109761554,2.0745359223471276,3.144299912772442,3.2403922643342375,3.050045951109841,8338,0.016589401583279803,True,True,0.13750782717595492,0.05021916092673763,0.1455817517407858,0.1293636983854324,7985,0.04995370602071968
1.0,41.0,R1_D40_B,first_hop_content,41.0,0.5689570822087342,0.5524078847387122,0.5800891610214165,0.5578250033960519,True,0.13957661820771286,2501697,1.9674784756107555,0.14006092664299474,0.2746139920222153,0.3193412190821673,0.41467491866521006,0.40948901456383563,0.12058482033732584,False,0.0,40.0,0.08597542665532255,0.08610680146138831,0.0897422055621477,0.08229991942182893,0.020827310159802437,48.0,0.09133660395412423,0.08056021610997686,0.08943585316335916,0.082416728773485,0.08344536788071376,0.08391896846736739,0.0874702136182325,0.07950049358595812,65456,-0.00013137480606576247,0.0005853752333316771,-0.0008541833285644917,4.128013755238294,4.294162255802694,3.9571468647969508,13743,0.020827311087862285,True,0.09086940251964576,0.08606710739678183,0.09676513232017853,0.08523387844350899,16034,0.024390243902439025,1.0,159848,0.14893617021276595,0.16723329075007612,0.13232285831723697,0.1348848848848849,0.14254981377377382,0.12757078203144226,200,0,0.5017003768945563,0.5071147651409185,0.4962859886481941,True,True,True,0.052162053951253694,0.05267504128922476,0.05479331191708288,0.05056262663603269,0.01658940128982067,74.0,0.05425455065945545,0.049977440896430324,0.05380048625165961,0.05067149654995452,0.05131691517966267,0.05287521388413591,0.053057762019242595,0.04956758599121991,65456,-0.0005129873379710725,0.0006278823853204766,-0.0016630329908929732,2.1386442120014015,2.205819936318044,2.0775313585481356,3.144299912772442,3.2430637103802633,3.0544499327224393,8338,0.016589401583279803,True,True,0.12348758887364351,0.0538854933266808,0.12869679299337347,0.1185350613401434,16034,0.10030779240278265
1.0,41.0,R1_D40_B,cred_processor,41.0,0.5656254205635085,0.5480664594193361,0.577436732844955,0.553814108282062,True,0.13957661820771286,2501697,1.9674784756107555,0.14006092664299474,0.2746139920222153,0.3193412190821673,0.41467491866521006,0.5139757769881387,0.08591981304316074,False,0.0,40.0,0.08676367549171714,0.08610680146138831,0.08991015503027378,0.08213081115120763,0.020827310159802437,48.0,0.09184629730566661,0.08144407619827047,0.0905598281005146,0.08309572734447204,0.08733172667299594,0.08619976143528324,0.091186336951044,0.08328689935925933,82158,0.0006568740303288124,0.0011267001623277311,0.00022300042622205046,4.165860639700204,4.348128652732851,3.9897482202058465,13869,0.020827311087862285,True,0.08629977817682476,0.08598288792648147,0.09202899215019371,0.08094531281615235,9467,0.024390243902439025,1.0,159848,0.15143929912390489,0.16985001963904173,0.13470038148483243,0.1338838838838839,0.14152579136438762,0.1265937642648318,200,0,0.4990261734181889,0.5043809932421761,0.49367135359420167,True,True,True,0.052437315449677196,0.05267504128922476,0.05483866039137607,0.050595020422695675,0.01658940128982067,74.0,0.0553070906789658,0.049591896883756405,0.05439671751235943,0.0504072370530897,0.05158353416587551,0.05241120767302028,0.05374762283274159,0.0494287517280992,82158,-0.00023772583954757018,0.0006591746611161544,-0.0011335946127002511,2.149929933436765,2.2302654180067365,2.0666967191766776,3.1608925244493413,3.279004202730557,3.038520515646228,8382,0.016589401583279803,True,True,0.05302630189077849,0.05366008239146509,0.05785777256969292,0.048500169883267295,9467,0.05922501376307492
1.0,41.0,R1_D40_B,content_server,41.0,0.5669304763238553,0.553363989478036,0.5760561877701322,0.5578047648775784,True,0.13957661820771286,2501697,1.9674784756107555,0.14006092664299474,0.2746139920222153,0.3193412190821673,0.41467491866521006,,,False,1.2511886291977378e-05,40.0,0.09393924228016616,0.08610680146138831,0.08988194330392615,0.08246675647982395,0.020827308297157288,42.0,0.09857548978729416,0.08931302332391146,0.09715184816933707,0.09057594222959629,,,,,,0.007832440818777838,0.010329240416752703,0.005358668598913747,3.811150458097422,3.9414870896159546,3.6747001076653873,7508,0.024648526294882074,True,,,,,,0.024390243902439025,1.0,79924,0.1214017521902378,0.14587707412195994,0.10054948575115176,0.13863863863863865,0.14970062419227984,0.12827075799057988,200,0,0.503708467890547,0.5100861504066573,0.49733078537443676,True,True,True,0.06611280716680847,0.05267504128922476,0.0547728861672152,0.05052670940217682,0.01658940128982067,59.0,0.06876216139506089,0.06369369615014896,0.0679560271713989,0.06434574595001952,,,,,,0.013437765877583704,0.016282418987505428,0.010811003236891985,2.710625093839147,2.7861971140273547,2.6381755839508,3.0751588553210323,3.160894048883753,2.992966097494361,5284,0.02149898924812019,True,True,,,,,,
1.0,41.0,R1_D40_B,validator,41.0,0.5733979566655933,0.5563979228622568,0.5848332976517538,0.5619626156794328,True,0.13957661820771286,2501697,1.9674784756107555,0.14006092664299474,0.2746139920222153,0.3193412190821673,0.41467491866521006,,,False,0.0,40.0,0.0981182123016866,0.08610680146138831,0.08988938837606805,0.08210372756233283,0.020827312022447586,40.0,0.10365471378771363,0.09257188784010043,0.10176205196892261,0.09428482944590186,,,,,,0.012011410840298284,0.015289099836903451,0.008551947459083964,3.9169403556309708,4.062404712422969,3.763909316294056,3921,0.02504970803566933,True,,,,,,0.024390243902439025,1.0,39962,0.175,0.2152787897242474,0.1409042015930453,0.16066066066066065,0.17741133884968474,0.14521234144973627,200,0,0.5032208139839832,0.5126173813035831,0.49382424666438324,True,True,True,0.0549772283669486,0.05267504128922476,0.05486443273546978,0.0503710714711396,0.01658940128982067,56.0,0.0584138522789763,0.05188337946762658,0.057292323355860396,0.05265344720589578,,,,,,0.0023021870777238376,0.005788230765058047,-0.0007501932717370541,2.2540663630448927,2.348985257590276,2.1587913354417267,3.053458942253069,3.182040315051189,2.924395135713093,2197,0.018004901787342296,True,True,,,,,,
1.0,41.0,R1_D40_B,gatekeeper,41.0,0.5670509533519394,0.5509370476007137,0.5778902263213822,0.5562116803824967,True,0.13957661820771286,2501697,1.9674784756107555,0.14006092664299474,0.2746139920222153,0.3193412190821673,0.41467491866521006,,,False,0.0,40.0,0.08513921558814207,0.08610680146138831,0.08990627191377758,0.08205480649342738,0.020827312022447586,48.0,0.08991893023969946,0.0802159669493281,0.08851807152074011,0.08172019954374317,,,,,,-0.0009675858732462506,0.0002491439464578778,-0.002162293236324613,4.08786401801812,4.250095998821785,3.923703794455155,10207,0.020827311087862285,True,,,,,,0.024390243902439025,1.0,119886,0.15095913261050875,0.17233649038777044,0.13181120600056095,0.13229896563229895,0.14111230211644066,0.12395663472292871,200,0,0.49817439368496297,0.5036439547729602,0.4927048325969658,True,True,True,0.05320054051348781,0.05267504128922476,0.054823754461231715,0.050368329415092006,0.01658940128982067,74.0,0.055435138618628386,0.050894531235935896,0.05485331859091791,0.05162022482131758,,,,,,0.0005254992242630499,0.002449601748675941,-0.0014418242244210182,2.1812221610530003,2.248986062227634,2.1164292176740207,3.2068993113716533,3.3065278645254876,3.1116387509326917,6378,0.016589401583279803,True,True,,,,,,
1.0,61.0,R1_D60_B,baseline,61.0,0.5567368812730605,0.534632988767066,0.5716054133507953,0.5418683491953258,True,0.05351090319152409,2501697,2.927008746462901,0.05356843774445906,0.15662688167272057,0.16549203124571046,0.21019531941717962,,,False,0.0,60.0,0.06010710174665933,0.06010710174665933,0.06319152402564052,0.056913535983339134,0.014038140885531902,72.0,0.06466790195440814,0.05577626772131923,0.06337579293153368,0.056874976916797465,,,,,,0.0,0.0,0.0,4.281699416937626,4.514543003364642,4.0514606165739355,2402,0.014038141376502642,True,,,,,,0.01639344262295082,1.0,39962,0.12,0.15551395294023979,0.09171539075382554,0.08958958958958958,0.10291258813738854,0.07784171546958077,200,0,0.5008000687659113,0.5129663616730424,0.48863377585878026,True,True,True,0.034933186527200843,0.034933186527200843,0.036929830363759956,0.03301738802030044,0.011161142960190773,110.0,0.03758624391282252,0.03193760681863298,0.036825199637006104,0.03304730237389072,,,,,,0.0,0.0,0.0,2.1309243781592513,2.2463371778573724,2.0158854448073336,3.129893063106998,3.299410914078765,2.960924345504534,1396,0.01116114379081156,True,True,,,,,,
1.0,61.0,R1_D60_B,first_hop_cred,61.0,0.5580530896189096,0.5368813964682658,0.5722945630908303,0.543811616146989,True,0.05351090319152409,2501697,2.927008746462901,0.05356843774445906,0.15662688167272057,0.16549203124571046,0.21019531941717962,0.5083829638156249,0.056839436897026974,False,0.0,60.0,0.06030729192733096,0.06010710174665933,0.06339994273027759,0.056870488990509775,0.014038140885531902,72.0,0.06465519890501069,0.05570120337861192,0.06353539734839417,0.057215142337143636,0.05873449497932664,0.05853760582791888,0.06187652044246273,0.05545866771199164,81264,0.00020019018067163804,0.0008578133343811709,-0.00046848713598786974,4.2959598646210155,4.5259123444034515,4.075692130648551,9640,0.014038141376502642,True,0.0667501565435191,0.06086412022542267,0.07362484551222254,0.060137278795422015,7985,0.01639344262295082,1.0,159848,0.123279098873592,0.140307410931064,0.10805765455649838,0.08971471471471472,0.09617871122578617,0.08364494663758038,200,0,0.5003474552631416,0.5063986951213478,0.49429621540493535,True,True,True,0.03507707321955858,0.034933186527200843,0.03675387304449832,0.03306245324631194,0.011161142960190773,110.0,0.03712664839333223,0.03319792473739366,0.036348176745927004,0.033811744115367734,0.03488629651506202,0.034689407363654265,0.036127654442727,0.033645769990654946,81264,0.00014388669235773985,0.0014027860164406096,-0.0010375310759804216,2.1397014663930736,2.217238781501547,2.062516391037432,3.1427848146205113,3.2566713078144134,3.0294156897434954,5607,0.01116114379081156,True,True,0.11408891671884784,0.03669380087664371,0.12126497597521052,0.10715538294050567,7985,0.04995370602071968
1.0,61.0,R1_D60_B,first_hop_content,61.0,0.5580530896189096,0.5368813964682658,0.5722945630908303,0.543811616146989,True,0.05351090319152409,2501697,2.927008746462901,0.05356843774445906,0.15662688167272057,0.16549203124571046,0.21019531941717962,0.5083829638156249,0.11137773183697579,False,0.0,60.0,0.06030729192733096,0.06010710174665933,0.0632031569338023,0.05686550747768179,0.014038140885531902,72.0,0.06443007033397728,0.056158320717891466,0.0633360214402803,0.05728792024766642,0.05873449497932664,0.05853760582791888,0.06205725409364579,0.05561055887634283,81264,0.00020019018067163804,0.0008800299489643134,-0.00044824434190421136,4.2959598646210155,4.51170990101963,4.080876428809603,9640,0.014038141376502642,True,0.0629287763502557,0.05712860172134215,0.06724458455156383,0.05852179432762425,16034,0.01639344262295082,1.0,159848,0.123279098873592,0.140307410931064,0.10805765455649838,0.08971471471471472,0.09617871122578617,0.08364494663758038,200,0,0.4992071174444466,0.5053115057588785,0.49310272913001474,True,True,True,0.03507707321955858,0.034933186527200843,0.036843507232004795,0.033018211352398796,0.011161142960190773,110.0,0.036974166650048046,0.033292788385508205,0.03633552217621323,0.03380269687788649,0.03488629651506202,0.034689407363654265,0.0362362841677692,0.03364207570867249,81264,0.00014388669235773985,0.001357712818319126,-0.0010423000094052172,2.1397014663930736,2.216466852749007,2.061964509551076,3.1427848146205113,3.2555375020010526,3.0286050884600777,5607,0.01116114379081156,True,True,0.10290632406136958,0.034239740551328425,0.10745142643515997,0.09862331660124819,16034,0.10030779240278265
1.0,61.0,R1_D60_B,cred_processor,61.0,0.5569393689547787,0.5352501269064829,0.5715289798592554,0.5423497580503019,True,0.05351090319152409,2501697,2.927008746462901,0.05356843774445906,0.15662688167272057,0.16549203124571046,0.21019531941717962,0.5417959561583504,0.07956815426361065,False,0.0,60.0,0.060032030428907465,0.06010710174665933,0.06317255073745943,0.05685414809793383,0.014038140885531902,72.0,0.06449385520832292,0.05542834483363026,0.06294360299879825,0.05685214301047599,0.0600080826742105,0.0600080826742105,0.06340320225909042,0.05681928434190656,86605,-7.507131775186428e-05,0.0002631031671624797,-0.00039524203869607767,4.276351749056356,4.48375616904348,4.049834054644612,9596,0.014038141376502642,True,0.05904721664730115,0.05978662723143551,0.06400281050497157,0.05405656078405426,9467,0.01639344262295082,1.0,159848,0.1195244055068836,0.136349417486253,0.1045242699164678,0.09046546546546547,0.09695263775436637,0.08437180024099768,200,0,0.5032504562822162,0.5094501302489118,0.4970507823155206,True,True,True,0.03569641159101146,0.034933186527200843,0.03688726399920818,0.03297733667139293,0.011161142960190773,110.0,0.03805524991907858,0.03341715466775195,0.03727138517926325,0.033987756546062946,0.035979446914150455,0.034755499105132495,0.037831551078665794,0.034166130554902446,86605,0.0007632250638106201,0.0015691228755931163,1.2636340354075356e-05,2.177481107051699,2.273554495935058,2.07325314930984,3.1982753972221576,3.339387600215939,3.0451857966424063,5706,0.01116114379081156,True,True,0.0338016267032851,0.03295658603570297,0.03747103537808471,0.03004554976509779,9467,0.05922501376307492
1.0,61.0,R1_D60_B,content_server,61.0,0.5546877256003012,0.5392942992344197,0.5650423567425439,0.5443330944580586,True,0.05351090319152409,2501697,2.927008746462901,0.05356843774445906,0.15662688167272057,0.16549203124571046,0.21019531941717962,,,False,0.0,60.0,0.06710124618387468,0.06010710174665933,0.06328656944266008,0.056881251966479675,0.014038140885531902,62.0,0.0712033138717981,0.06315511493175772,0.06988768237022094,0.06436936276957887,,,,,,0.006994144437215355,0.008962681233523518,0.004895947159225085,4.041145660626943,4.208957663286487,3.8766190768021365,5363,0.016604510655887767,True,,,,,,0.01639344262295082,1.0,79924,0.07759699624530664,0.09823430935321974,0.061001935133309856,0.09009009009009009,0.09936537388918494,0.08160216351768775,200,0,0.4996225591884723,0.507841471738504,0.49140364663844066,True,True,True,0.044780041038987035,0.034933186527200843,0.03687472082000624,0.03312893320592984,0.011161142960190773,87.0,0.04674875269663666,0.042580112179764276,0.04614963020214847,0.04337630326929798,,,,,,0.009846854511786197,0.012186798555964592,0.00750865300398117,2.7315825033782093,2.8151274423310566,2.6459544994271766,3.0958443169834786,3.190530135240857,2.9987976529787854,3579,0.01446456489860566,True,True,,,,,,
1.0,61.0,R1_D60_B,validator,61.0,0.5681404240807084,0.5480084415473084,0.5816825198000517,0.5545983283613651,True,0.05351090319152409,2501697,2.927008746462901,0.05356843774445906,0.15662688167272057,0.16549203124571046,0.21019531941717962,,,False,0.0,60.0,0.07056703868675242,0.06010710174665933,0.06323962781134711,0.0568852279187107,0.014038140885531902,60.0,0.075733938754781,0.06615247433620733,0.07365843571570042,0.06745136710003194,,,,,,0.010459936940093088,0.013501454994650178,0.0075851378985329265,4.183787219924386,4.367070345050805,3.9990649018480036,2820,0.016866784799832096,True,,,,,,0.01639344262295082,1.0,39962,0.1275,0.1637654701224651,0.0983211891565858,0.11461461461461461,0.12932840262026102,0.10137990686433213,200,0,0.4962059067156868,0.5076962375318714,0.48471557589950215,True,True,True,0.03718532605975677,0.034933186527200843,0.036808544264518364,0.03308541257332787,0.011161142960190773,83.0,0.03994819230789541,0.03458044019355952,0.039100350391232074,0.03541510704207369,,,,,,0.002252139532555928,0.004884278437608841,-0.00047900612580005465,2.268304889645163,2.3851213738651564,2.1603215295664953,3.072853689183896,3.231104004708743,2.9265695331593005,1486,0.012101235470678278,True,True,,,,,,
1.0,61.0,R1_D60_B,gatekeeper,61.0,0.5561203823457066,0.5359098457074392,0.5697153187232165,0.5425254459681967,True,0.05351090319152409,2501697,2.927008746462901,0.05356843774445906,0.15662688167272057,0.16549203124571046,0.21019531941717962,,,False,0.0,60.0,0.0592396109637489,0.06010710174665933,0.06347976521121404,0.056825939108208524,0.014038141816854477,72.0,0.06375653023199476,0.055048556507813935,0.0622527198574276,0.05624785857182503,,,,,,-0.0008674907829104315,0.00012486374798295155,-0.0018726906626769285,4.21990414364294,4.434541453017962,4.006788154019731,7102,0.014038141376502642,True,,,,,,0.01639344262295082,1.0,119886,0.1134278565471226,0.13262584942779052,0.09669901861520015,0.09309309309309309,0.10071176517801482,0.08599564723179555,200,0,0.496358771852254,0.5031554147508998,0.4895621289536083,True,True,True,0.03486645646697696,0.034933186527200843,0.036709029465094016,0.03303971600052941,0.011161142960190773,110.0,0.036866809758697106,0.03297269723971501,0.03626039786344041,0.033535590974161485,,,,,,-6.673006022387936e-05,0.0016022169683532132,-0.0017573040330248943,2.1268538444855944,2.211884269669865,2.0456710494238504,3.1239142797963826,3.24880662260546,3.0046733204682607,4180,0.01116114379081156,True,True,,,,,,
15.0,35.0,R15_D20_B,baseline,35.0,0.5663046408238727,0.5526543567020733,0.5754867198300986,0.5571225618176467,True,0.18349612830492992,215400,1.6925208913649026,0.18423398328690807,0.31057103064066854,0.38071091989346445,0.4948050139275766,,,False,5.758378440631118e-05,20.0,0.0978732388959269,0.0978732388959269,0.10071942791157076,0.0949286964008669,0.024396711960434914,41.0,0.1020536222991427,0.09365564151857712,0.10083480891942305,0.09511537809681911,,,,,,0.0,0.0,0.0,4.0117388272480365,4.133131003361744,3.898696514837279,5099,0.02439671252554239,True,,,,,,0.02857142857142857,0.06666666666666667,52098,0.16698656429942418,0.20142503001897455,0.13742293222146945,0.15738963531669867,0.17187738447183956,0.1439108578666217,200,0,0.49525352821679836,0.5040874182956107,0.48641963813798605,True,True,True,0.06153787093554455,0.06153787093554455,0.06364860473495204,0.059392814566201824,0.019324906170368195,64.0,0.06438428928804048,0.058520192754744994,0.06358443209155965,0.059479208152069675,,,,,,0.0,0.0,0.0,2.1538254827440593,2.2254551232045876,2.0817722853224385,3.18438119360248,3.29028396140538,3.0778522066225253,3206,0.019324907162238,True,True,,,,,,
15.0,35.0,R15_D20_B,first_hop_cred,35.0,0.566951008043016,0.554337929732479,0.5754353941939322,0.5584666218920998,True,0.18349612830492992,215400,1.6925208913649026,0.18423398328690807,0.31057103064066854,0.38071091989346445,0.4948050139275766,0.37700103650811934,0.06240771854793544,False,4.318783830473339e-05,20.0,0.09797401051863795,0.0978732388959269,0.10082324138334287,0.09485752343416087,0.024396711960434914,41.0,0.10237031700591807,0.0937871563444092,0.10055138307682276,0.09515076513652926,0.09748739880861464,0.09760195509393615,0.10056130833286932,0.09432686855667512,78564,0.00010077162271104457,0.0007567131846404327,-0.0005560821919558041,4.015869368303744,4.121513624901284,3.9001469987774047,20417,0.02439671252554239,True,0.114407179971658,0.10042512990080302,0.12072269519378585,0.10852620142551016,10585,0.02857142857142857,0.06666666666666667,208392,0.17178502879078694,0.18857962521530025,0.1561982101799661,0.15844529750479847,0.1655822513767481,0.15156008735512877,200,0,0.49868897563471526,0.5032216930228858,0.49415625824654474,True,True,True,0.061595454719950864,0.06153787093554455,0.06358292838185461,0.05941109215955329,0.019324906170368195,64.0,0.0641130324687156,0.05918598441276857,0.06323621990034829,0.05989190971360977,0.05928924189196069,0.05965836770021893,0.06090627537710899,0.0576420568589519,78564,5.758378440631118e-05,0.0010923753595442592,-0.0009284736711138334,2.1558409151982802,2.2132676965121902,2.096216839976342,3.18736096390217,3.2722651327358285,3.099208146812838,12836,0.019324907162238,True,True,0.14161549362305148,0.06112423240434577,0.14821827299469575,0.1347054281815757,10585,0.05079369649506699
15.0,35.0,R15_D20_B,first_hop_content,35.0,0.566951008043016,0.554337929732479,0.5754353941939322,0.5584666218920998,True,0.18349612830492992,215400,1.6925208913649026,0.18423398328690807,0.31057103064066854,0.38071091989346445,0.4948050139275766,0.37700103650811934,0.12291889414999237,False,4.318783830473339e-05,20.0,0.09797401051863795,0.0978732388959269,0.10077149794986588,0.09479338538840107,0.024396711960434914,41.0,0.1023213250003754,0.09341086256563855,0.10080371478940692,0.09519824059863648,0.09748739880861464,0.09760195509393615,0.10046904743538228,0.09441880993507024,78564,0.00010077162271104457,0.0007802722858150737,-0.0005601809287909904,4.015869368303744,4.1318564820514005,3.902092976624113,20417,0.02439671252554239,True,0.10613297669086741,0.09901604891096676,0.11061784655752362,0.10126563122262047,20936,0.02857142857142857,0.06666666666666667,208392,0.17178502879078694,0.18857962521530025,0.1561982101799661,0.15844529750479847,0.1655822513767481,0.15156008735512877,200,0,0.49959898426622584,0.504073530152423,0.4951244383800287,True,True,True,0.061595454719950864,0.06153787093554455,0.06367258160822356,0.05938727159660408,0.019324906170368195,64.0,0.06426870314116455,0.05907991805661158,0.06324934972629294,0.05986274028183139,0.05928924189196069,0.05965836770021893,0.06092251417971937,0.057578428281884156,78564,5.758378440631118e-05,0.0010300535494130385,-0.0009490184613051275,2.1558409151982802,2.213727240420253,2.0951959098640986,3.18736096390217,3.2729445577821905,3.097698725239244,12836,0.019324907162238,True,True,0.13297669086740543,0.05989682842949943,0.1380430718983252,0.12840484520068984,20936,0.1004645091942109
15.0,35.0,R15_D20_B,cred_processor,35.0,0.5663716358091863,0.5531632754034262,0.5752564478545789,0.5574868237637937,True,0.18349612830492992,215400,1.6925208913649026,0.18423398328690807,0.31057103064066854,0.38071091989346445,0.4948050139275766,0.4987763445813659,0.08750156338692143,False,5.278513570578525e-05,20.0,0.09771968213751007,0.0978732388959269,0.10066862360216552,0.09495778521900622,0.024396711960434914,41.0,0.10184879280899493,0.09350955993880936,0.10056206850989358,0.09492609282211968,0.09656439710989889,0.09674719311917337,0.09962381657280818,0.09339787882675478,103941,-0.00015355675841682983,0.00023040877536644743,-0.0005280287975030492,4.005444669448863,4.121951611497209,3.890937876270659,20364,0.02439671252554239,True,0.09491274283832729,0.09622983207112282,0.10001696400378124,0.08957367722289009,12148,0.02857142857142857,0.06666666666666667,208392,0.16506717850287908,0.1816194681840076,0.1497473872339689,0.1571017274472169,0.16421497467369725,0.15024121422458772,200,0,0.5041993680582358,0.5083428421247919,0.5000558939916798,True,True,True,0.061365119582325614,0.06153787093554455,0.06362627546954194,0.05957547480354386,0.019324906170368195,64.0,0.06400113302790866,0.0582585830934857,0.06329277364751958,0.059504561542265674,0.060322683060582444,0.06049585822726354,0.06222694710851383,0.05833879353524376,103941,-0.00017275135321893355,0.0005770720130497059,-0.0009069581180159497,2.1477791853813963,2.215247077663185,2.0826596539792988,3.1754418827034083,3.2751916020169745,3.0791641606714197,12788,0.019324907162238,True,True,0.06231478432663813,0.06223246624958841,0.0666126799557032,0.05835039176716425,12148,0.058293984413989024
15.0,35.0,R15_D20_B,content_server,35.0,0.5648068567284925,0.5549838176614265,0.5714144789574689,0.5581992344995161,True,0.18349612830492992,215400,1.6925208913649026,0.18423398328690807,0.31057103064066854,0.38071091989346445,0.4948050139275766,,,False,0.0,20.0,0.11036892011209644,0.0978732388959269,0.10086391555547619,0.09487916305923251,0.024396713823080063,36.0,0.1142561605764797,0.10612048561316224,0.11314883937867222,0.10764128579936039,,,,,,0.012495681216169527,0.014368264439274614,0.010648663886710118,3.8241716596285524,3.9204930557652293,3.729661884358473,11500,0.02886086973481121,True,,,,,,0.02857142857142857,0.06666666666666667,104196,0.13915547024952016,0.1614989542417713,0.1194628075457505,0.15911708253358925,0.16930018232746483,0.14943629478754547,200,0,0.4956189751633202,0.5010166233068191,0.49022132701982135,True,True,True,0.0764616683941802,0.06153787093554455,0.0637006554549209,0.05944180263760513,0.019324906170368195,50.0,0.07893047029531268,0.07393411580330424,0.07813008238173416,0.07474447747181154,,,,,,0.014923797458635648,0.017368710066355306,0.012416567356550914,2.676158393796307,2.7345528833606956,2.6160567115134037,3.0511907834030567,3.117768579685002,2.9826665512523305,7967,0.02505961567860431,True,True,,,,,,
15.0,35.0,R15_D20_B,validator,35.0,0.5732841927647836,0.5614698278205789,0.581231311766712,0.5653370737628551,True,0.18349612830492992,215400,1.6925208913649026,0.18423398328690807,0.31057103064066854,0.38071091989346445,0.4948050139275766,,,False,0.0,20.0,0.11282582824676571,0.0978732388959269,0.1007874008082849,0.09505267397907957,0.024396711960434914,35.0,0.11716091681979075,0.10839861801595778,0.11553315714242621,0.10994249311859364,,,,,,0.014952589350838803,0.018020306958489038,0.011930871482406074,3.8518988899867597,3.944327701102735,3.753461186916016,5878,0.029290963098762317,True,,,,,,0.02857142857142857,0.06666666666666667,52098,0.21305182341650672,0.25024575209346545,0.1800583998082428,0.1781190019193858,0.1932825659604571,0.16390336255584517,200,0,0.5039791294324568,0.5126063232026891,0.4953519356622246,True,True,True,0.06482014664670428,0.06153787093554455,0.06356144952309241,0.05953544128131439,0.019324906170368195,49.0,0.0678423527707582,0.0618537835659958,0.06689226275038279,0.0629319949704093,,,,,,0.0032822757111597373,0.006058291223268546,0.00039994822167694125,2.2687051326346497,2.3412291962633978,2.2026198239643255,3.0963416755528397,3.195322930306452,3.006148070207543,3377,0.020934429542608827,True,True,,,,,,
15.0,35.0,R15_D20_B,gatekeeper,35.0,0.5632651859130375,0.5510117327690931,0.5715076645210179,0.5550227073050572,True,0.18349612830492992,215400,1.6925208913649026,0.18423398328690807,0.31057103064066854,0.38071091989346445,0.4948050139275766,,,False,1.919459480210373e-05,20.0,0.09828912178330582,0.0978732388959269,0.10092741101647912,0.09498283119177131,0.024396711960434914,41.0,0.10269178290101448,0.0945580490571174,0.1011101865390864,0.09548075921469969,,,,,,0.0004158828873789141,0.0014597869772895306,-0.0007094745100483979,4.028785504620798,4.144418492172995,3.9136731686588973,15362,0.02439671252554239,True,,,,,,0.02857142857142857,0.06666666666666667,156294,0.17530390275111965,0.19494366853441275,0.15725626574358725,0.15777351247600768,0.16602334489118323,0.14985995723593484,200,0,0.5028739166365662,0.5075100801696548,0.49823775310347757,True,True,True,0.061793798866239265,0.06153787093554455,0.06366160749361768,0.0594477270928799,0.019324908033013344,64.0,0.06379155605655759,0.059705308967052055,0.06320405665382875,0.06033060380535817,,,,,,0.00025592793069471637,0.0020680167551154665,-0.0016194255637426629,2.162782960318374,2.212141982884006,2.111571133187536,3.1976246171566594,3.2706007911558395,3.121909114432783,9658,0.019324907162238,True,True,,,,,,
15.0,55.0,R15_D40_B,baseline,55.0,0.556250267296094,0.5408935692765603,0.5665801925366188,0.545920342055569,True,0.07029760134366744,215400,2.6535283194057566,0.07110492107706592,0.18653667595171775,0.20081565742388197,0.25764159702878364,,,False,0.0,40.0,0.06858228722791662,0.06858228722791662,0.07131086202588853,0.06596430944788903,0.015492000617086887,65.0,0.07217218050480727,0.06414810479751205,0.07129541760604355,0.06600371243205319,,,,,,0.0,0.0,0.0,4.42694835365456,4.602079404924167,4.260502790102749,3573,0.015492000752911466,True,,,,,,0.01818181818181818,0.06666666666666667,52098,0.11516314779270634,0.14543479045694852,0.09052495841457327,0.10249520153550863,0.11473365729995294,0.0914273790490405,200,0,0.5026440763797057,0.5115038100214373,0.493784342737974,True,True,True,0.04005911935199048,0.04005911935199048,0.04170754386408725,0.038385731940999146,0.01233018096536398,100.0,0.04250093561355386,0.03776210883135161,0.04168991038078056,0.038359601682928714,,,,,,0.0,0.0,0.0,2.2032515643594763,2.2929450709429307,2.109778092561079,3.2488672623353234,3.381127373662083,3.1110332957855604,2087,0.01233018037283417,True,True,,,,,,
15.0,55.0,R15_D40_B,first_hop_cred,55.0,0.5584691928751967,0.5439524956268986,0.56823407834234,0.5487043074080534,True,0.07029760134366744,215400,2.6535283194057566,0.07110492107706592,0.18653667595171775,0.20081565742388197,0.25764159702878364,0.48489385389074435,0.05820995962314939,False,0.0,40.0,0.06832795884678874,0.06858228722791662,0.07130051401018633,0.0658426946100725,0.015491998754441738,65.0,0.07202523074128783,0.0647036532631116,0.07086083751462514,0.0658306708675357,0.06764112105138152,0.06845261657825984,0.07037561358363174,0.06489148803814888,101048,-0.0002543283811278744,0.0003753486120216424,-0.0008867681854987719,4.4105315986347104,4.574027502632803,4.249333053715732,14239,0.015492000752911466,True,0.07709022201228154,0.06820973075106282,0.08249186479590849,0.07165435412863738,10585,0.01818181818181818,0.06666666666666667,208392,0.12284069097888675,0.1376319518479731,0.10943731514132421,0.10220729366602688,0.10817091836905136,0.09653686304247709,200,0,0.5010453333017293,0.5062671788215176,0.49582348778194096,True,True,True,0.03978079772735998,0.04005911935199048,0.0416978622575257,0.038456119957522746,0.01233018096536398,100.0,0.04173082079675637,0.038078011952995774,0.04099549945074923,0.03855419460491538,0.03821946005858602,0.03881323727337503,0.039501242556325915,0.037003968519809353,101048,-0.00027832162463050405,0.0007537522175080463,-0.0012821319047242124,2.1879438750047986,2.2547524697912076,2.120480703270346,3.2262948735936545,3.3248093873038904,3.126815134826244,8290,0.01233018037283417,True,True,0.11365139348134153,0.03892300425129901,0.1194718500376303,0.10751060773094537,10585,0.05079369649506699
15.0,55.0,R15_D40_B,first_hop_content,55.0,0.5584691928751967,0.5439524956268986,0.56823407834234,0.5487043074080534,True,0.07029760134366744,215400,2.6535283194057566,0.07110492107706592,0.18653667595171775,0.20081565742388197,0.25764159702878364,0.48489385389074435,0.11247130076795187,False,0.0,40.0,0.06832795884678874,0.06858228722791662,0.07123031614002262,0.0660414051567655,0.015491998754441738,65.0,0.07190307740492763,0.06462616260803684,0.07080048170330028,0.06576360744825467,0.06764112105138152,0.06845261657825984,0.07030339876881204,0.06488136768944261,101048,-0.0002543283811278744,0.00035305339123858584,-0.0008407268397022495,4.4105315986347104,4.570131568706159,4.245004147440122,14239,0.015492000752911466,True,0.073079862437906,0.06892434084829958,0.0770556140839655,0.06935720639187283,20936,0.01818181818181818,0.06666666666666667,208392,0.12284069097888675,0.1376319518479731,0.10943731514132421,0.10220729366602688,0.10817091836905136,0.09653686304247709,200,0,0.5022336912465482,0.5078798000755815,0.4965875824175148,True,True,True,0.03978079772735998,0.04005911935199048,0.04170069272500527,0.0383560355295283,0.01233018096536398,100.0,0.04170850613880813,0.03803203842508111,0.04103433439583737,0.038626018024652486,0.03821946005858602,0.03881323727337503,0.03947548666873516,0.03701377978656026,101048,-0.00027832162463050405,0.0006977467013936338,-0.0012884985473784435,2.1879438750047986,2.256888391771055,2.1244309913558865,3.2262948735936545,3.327958971812297,3.1326401444826595,8290,0.01233018037283417,True,True,0.10828238440962934,0.03878486816965992,0.11292214880010984,0.10360589626070671,20936,0.1004645091942109
15.0,55.0,R15_D40_B,cred_processor,55.0,0.5552374171439395,0.5399673370621089,0.5655090774618995,0.5449657568259795,True,0.07029760134366744,215400,2.6535283194057566,0.07110492107706592,0.18653667595171775,0.20081565742388197,0.25764159702878364,0.5351740949748551,0.07836737621720495,False,0.0,40.0,0.06865426695842451,0.06858228722791662,0.07121234392190168,0.06592251497713975,0.015491998754441738,65.0,0.07223433154165099,0.06490168266286966,0.07141893376503601,0.06600315291407154,0.06734752434409913,0.06718612700177537,0.07002836377196778,0.06485719672302856,111526,7.197973050788899e-05,0.0004516671935510128,-0.00026148594904627,4.431594605075272,4.6100523040327115,4.260466673529391,14307,0.015492000752911466,True,0.06881791241356602,0.06815936779716826,0.07304424446755696,0.06454554420029354,12148,0.01818181818181818,0.06666666666666667,208392,0.118042226487524,0.1326030147601457,0.10488698081680174,0.10259117082533589,0.10856431203919335,0.09691094075336136,200,0,0.5005670313630609,0.5056039619143444,0.49553010081177745,True,True,True,0.0399151598909747,0.04005911935199048,0.04169818303166314,0.03845337887841416,0.01233018096536398,100.0,0.04192938891047012,0.03775244861400962,0.041302815655524065,0.03845227378516626,0.03863673044850528,0.03926438677976436,0.04006379373979117,0.03716379229480603,111526,-0.00014395946101577797,0.0005965514318031172,-0.0008651753949350189,2.195333794003609,2.2716548610538236,2.1148750581841442,3.237191888848253,3.3497332891027574,3.118549171420415,8318,0.01233018037283417,True,True,0.03910108659861706,0.039348040829766215,0.04243533893488302,0.03590190993769329,12148,0.058293984413989024
15.0,55.0,R15_D40_B,content_server,55.0,0.5509741405254338,0.538976627137097,0.5590444572182588,0.5429038238326088,True,0.07029760134366744,215400,2.6535283194057566,0.07110492107706592,0.18653667595171775,0.20081565742388197,0.25764159702878364,,,False,0.0,40.0,0.07718146569925909,0.06858228722791662,0.07131145201595546,0.06596598714481298,0.015491998754441738,56.0,0.08100538927552882,0.07383832957168045,0.0797176348331918,0.07462150752704814,,,,,,0.00859917847134247,0.01018570541792267,0.006977607964073009,4.209166593548702,4.347479053637699,4.069556775029077,8042,0.018336519589781365,True,,,,,,0.01818181818181818,0.06666666666666667,104196,0.08157389635316699,0.09977057252510421,0.06645104486680933,0.10786948176583493,0.1165837501585735,0.09973304192811905,200,0,0.5036724853948515,0.5102936789186405,0.49705129187106256,True,True,True,0.048543130254520325,0.04005911935199048,0.04161828871666605,0.03839280326399403,0.01233018096536398,79.0,0.05039552012500732,0.04669172441331605,0.049961531988138595,0.047254661122209836,,,,,,0.008484010902529848,0.010419369159068373,0.00640404606372453,2.669872163998618,2.747884259347623,2.599006361721541,3.03523323630667,3.1239209674385595,2.9546697391889736,5058,0.015993212539273764,True,True,,,,,,
15.0,55.0,R15_D40_B,validator,55.0,0.5604806755956915,0.5446295984302137,0.5711431527696842,0.5498181984216988,True,0.07029760134366744,215400,2.6535283194057566,0.07110492107706592,0.18653667595171775,0.20081565742388197,0.25764159702878364,,,False,5.758378440631118e-05,40.0,0.07975354140274099,0.06858228722791662,0.07128377659199137,0.06604512925139913,0.015492000617086887,54.0,0.08357248490957873,0.07616435717505778,0.08225766642952716,0.0773026664470597,,,,,,0.011171254174824369,0.014070963603961907,0.008425213574691622,4.285141919973744,4.419688059698744,4.153456895980028,4155,0.018611645283204453,True,,,,,,0.01818181818181818,0.06666666666666667,52098,0.1401151631477927,0.17256177222008603,0.11293674605128715,0.12130518234165068,0.13440324029868744,0.10932236313760617,200,0,0.5035619012378644,0.5124822188920055,0.49464158358372323,True,True,True,0.04032784367921993,0.04005911935199048,0.04164889384337682,0.03839204164537764,0.01233018096536398,76.0,0.04258884397399593,0.03786617137011868,0.042054816399648746,0.03867071841032065,,,,,,0.00026872432722945216,0.0026013327598651773,-0.001976644280566642,2.2180314023570964,2.313014901980681,2.1268895125676357,3.021547267419384,3.1509399953278265,2.897387831377078,2101,0.013346752544322358,True,True,,,,,,
15.0,55.0,R15_D40_B,gatekeeper,55.0,0.5588070552390921,0.5446862753409558,0.5683056206533571,0.5493084898248272,True,0.07029760134366744,215400,2.6535283194057566,0.07110492107706592,0.18653667595171775,0.20081565742388197,0.25764159702878364,,,False,0.0,40.0,0.06801924578038825,0.06858228722791662,0.07122507257751448,0.06589676170976208,0.015491999685764313,65.0,0.07154651100035377,0.06454429083790482,0.07045942833648589,0.06554642311198566,,,,,,-0.000563041447528376,0.00035638631012025536,-0.0014126461806852164,4.390604342541434,4.548116764275537,4.230985019779792,10631,0.015492000752911466,True,,,,,,0.01818181818181818,0.06666666666666667,156294,0.13563659628918745,0.1535074327644863,0.11955239496225457,0.09878438899552143,0.10559800793615394,0.09236501087842026,200,0,0.5002569692344933,0.5065056389425204,0.494008299526466,True,True,True,0.03980958961956313,0.04005911935199048,0.04173904468298065,0.03840184390418613,0.012330180034041405,100.0,0.0414347527187553,0.03809613274080159,0.040898424745887,0.038709487937510834,,,,,,-0.00024952973242734844,0.0013946279171722215,-0.001775202248119182,2.189527429075972,2.249413361023785,2.129021836563096,3.228629948291068,3.3169364526081333,3.1394097058624952,6222,0.01233018037283417,True,True,,,,,,
15.0,75.0,R15_D60_B,baseline,75.0,0.5621842436102515,0.5401970460463518,0.5769742789938237,0.5473942082266794,True,0.02690763722445668,215400,3.616346332404828,0.026796657381615598,0.09730733519034354,0.09998664300570534,0.12410399257195914,,,False,0.0,60.0,0.05236285462013897,0.05236285462013897,0.05472538225182622,0.04987004129236017,0.011373492889106274,88.0,0.05606767981820586,0.04876186662467865,0.05472004839240743,0.05002281371676043,,,,,,0.0,0.0,0.0,4.603937709056356,4.811190987633833,4.398192574763099,2728,0.011373493285353658,True,,,,,,0.013333333333333334,0.06666666666666667,52098,0.09404990403071017,0.12216999476868402,0.07187233384142498,0.07600767754318619,0.08682035154130482,0.06644364135822511,200,0,0.5073943937008061,0.5183662311009254,0.4964225563006867,True,True,True,0.029156589504395564,0.029156589504395564,0.030635348351433788,0.02759518546966191,0.009050155989825726,136.0,0.03140022342297339,0.027060834969022937,0.030655127708579106,0.027745642330730885,,,,,,0.0,0.0,0.0,2.1867442128296672,2.299134578143433,2.0809231748048163,3.221667123971621,3.3872486048133967,3.065764043387697,1519,0.00905015583002001,True,True,,,,,,
15.0,75.0,R15_D60_B,first_hop_cred,75.0,0.5609816590780697,0.540807791262522,0.5745519295933695,0.5474113885627699,True,0.02690763722445668,215400,3.616346332404828,0.026796657381615598,0.09730733519034354,0.09998664300570534,0.12410399257195914,0.5677425237053246,0.055437694927860846,False,0.0,60.0,0.05231966678183424,0.05236285462013897,0.05484356373173606,0.04988331463287661,0.011373492889106274,88.0,0.05573439880697313,0.04886904467076777,0.05461047084026063,0.049917717663337004,0.0517525546643226,0.05185398054313558,0.05416839797242115,0.04924951142596846,118313,-4.318783830473339e-05,0.00047913047876815514,-0.0005931408339533635,4.600140473042655,4.801556520069861,4.388952137301483,10903,0.011373493285353658,True,0.06159659896079358,0.0538497874350496,0.06634765776223069,0.056766389410120556,10585,0.013333333333333334,0.06666666666666667,208392,0.09117082533589252,0.1042931274535013,0.07955294821428663,0.07783109404990403,0.08313202080143009,0.07284132791493025,200,0,0.5018044300480341,0.5074182520855862,0.496190608010482,True,True,True,0.028643134093439288,0.029156589504395564,0.030666763671327774,0.027688182752152013,0.009050155058503151,136.0,0.029976568401075154,0.027180756853081866,0.02958751416173171,0.027657167666894158,0.028162585683737206,0.028881018991995806,0.029128301942081578,0.027159908611174552,118313,-0.0005134554109562747,0.0004868078062380241,-0.0015394591138480295,2.1482350570079465,2.2190635621298784,2.074287575017062,3.164932696344076,3.2692822883322985,3.055988005770394,5969,0.00905015583002001,True,True,0.09825224374114312,0.03079829948039679,0.1035878437998976,0.09289408078908351,10585,0.05079369649506699
15.0,75.0,R15_D60_B,first_hop_content,75.0,0.5609816590780697,0.540807791262522,0.5745519295933695,0.5474113885627699,True,0.02690763722445668,215400,3.616346332404828,0.026796657381615598,0.09730733519034354,0.09998664300570534,0.12410399257195914,0.5677425237053246,0.10896520247141057,False,0.0,60.0,0.05231966678183424,0.05236285462013897,0.05480290875480774,0.04995813681727059,0.011373492889106274,88.0,0.05558464577766958,0.048874571924825104,0.05462706601761054,0.050036195862209365,0.0517525546643226,0.05185398054313558,0.05420512073573189,0.04931888862819179,118313,-4.318783830473339e-05,0.0005213803861306048,-0.0006047490060187432,4.600140473042655,4.8030156300313775,4.399369182961935,10903,0.011373493285353658,True,0.056362246847535345,0.0534486052732136,0.05978084638352691,0.052955736767669036,20936,0.013333333333333334,0.06666666666666667,208392,0.09117082533589252,0.1042931274535013,0.07955294821428663,0.07783109404990403,0.08313202080143009,0.07284132791493025,200,0,0.4964988226876595,0.5021337328494487,0.49086391252587025,True,True,True,0.028643134093439288,0.029156589504395564,0.03056895416307585,0.02766882888748223,0.009050155058503151,136.0,0.029974495380177435,0.027330930788632194,0.02966056800288266,0.027679918359231268,0.028162585683737206,0.028881018991995806,0.029177663818864094,0.027160610987119353,118313,-0.0005134554109562747,0.0005233506624814738,-0.0015344443152341802,2.1482350570079465,2.2245426002161994,2.075993876942345,3.164932696344076,3.2773543969813703,3.0585018511410613,5969,0.00905015583002001,True,True,0.09275888421857088,0.02803782957585021,0.09683244344651981,0.08867530262951992,20936,0.1004645091942109
15.0,75.0,R15_D60_B,cred_processor,75.0,0.5611035998778252,0.5396501012817579,0.5755346342292977,0.5466725655263527,True,0.02690763722445668,215400,3.616346332404828,0.026796657381615598,0.09730733519034354,0.09998664300570534,0.12410399257195914,0.5476985680832278,0.07511214691245531,False,0.0,60.0,0.052487619486352645,0.05236285462013897,0.05478832052165226,0.05006123604307841,0.011373492889106274,88.0,0.05619139975079126,0.04900855619278592,0.054873711268692914,0.05003839705747004,0.052200883156935586,0.0522271675895423,0.05482187938139225,0.04962805217482352,114136,0.00012476486621367422,0.0003933087695647846,-0.00016419568321700517,4.614907501984827,4.824701601517376,4.39956272026885,10938,0.011373493285353658,True,0.052271978926572274,0.052271978926572274,0.056356271323059086,0.048465702549318465,12148,0.013333333333333334,0.06666666666666667,208392,0.0916506717850288,0.10480116504962403,0.0800028377593989,0.07696737044145874,0.08224241522047951,0.07200412288857172,200,0,0.5003209468251447,0.5062747566294246,0.4943671370208649,True,True,True,0.028959844907674,0.029156589504395564,0.0306273411987718,0.02765891490217417,0.009050155058503151,136.0,0.030910912656658362,0.02703421356204578,0.03034776740284051,0.02759301017814227,0.02877269222681713,0.029018013597813135,0.030251285634643896,0.027423716124162147,114136,-0.00019674459672156322,0.0004646246217485167,-0.0008679967414529047,2.17198836807555,2.276082555213038,2.0694757633606704,3.199927763852655,3.353286724873268,3.048898902559699,6035,0.00905015583002001,True,True,0.029552189660849524,0.029222917352650642,0.03271949253328706,0.026334794848468686,12148,0.058293984413989024
15.0,75.0,R15_D60_B,content_server,75.0,0.5479839287119084,0.5339980257003359,0.5573917670601657,0.5385760903636511,True,0.02690763722445668,215400,3.616346332404828,0.026796657381615598,0.09730733519034354,0.09998664300570534,0.12410399257195914,,,False,0.0,60.0,0.05962800875273523,0.05236285462013897,0.05488283236955451,0.049928693917345494,0.011373492889106274,76.0,0.06289477773301266,0.05611636953751175,0.061862942798465784,0.057327579634150506,,,,,,0.007265154132596261,0.008838567877831997,0.00558482847414173,4.430162765465341,4.596210933092809,4.2592485317197974,6213,0.013459552596477107,True,,,,,,0.013333333333333334,0.06666666666666667,104196,0.04798464491362764,0.0627044359644935,0.036585430529981915,0.072552783109405,0.07991586273704034,0.06581957337508125,200,0,0.5010492652411567,0.5083427342013936,0.49375579628091965,True,True,True,0.035529194978694,0.029156589504395564,0.030612803225565272,0.027675550261910906,0.009050155989825726,108.0,0.03736794682045466,0.03394662102362505,0.03666232105146976,0.034383050095558455,,,,,,0.006372605474298437,0.008162296295388952,0.004652114579723718,2.66468962340205,2.749674078860232,2.578728757166884,3.026500169533288,3.1230237821120403,2.928867569492685,3702,0.011739366591270638,True,True,,,,,,
15.0,75.0,R15_D60_B,validator,75.0,0.5575612763928537,0.5416371631389136,0.5682728824442076,0.5468496703414998,True,0.02690763722445668,215400,3.616346332404828,0.026796657381615598,0.09730733519034354,0.09998664300570534,0.12410399257195914,,,False,0.0,60.0,0.06259357364966026,0.05236285462013897,0.05478120580169206,0.05005114892520101,0.011373492889106274,74.0,0.06623210030056967,0.05899063157369259,0.06505338495468574,0.06010581311492992,,,,,,0.010230719029521287,0.012805947057588573,0.007649522882662825,4.580736192655563,4.760750625688254,4.398676373162237,3261,0.013664522691793182,True,,,,,,0.013333333333333334,0.06666666666666667,52098,0.10748560460652591,0.13701203585268057,0.08370501474196382,0.09136276391554703,0.10303698931810458,0.08089195630575204,200,0,0.5000239266661153,0.5098476595126269,0.4902001938196037,True,True,True,0.030001151675688127,0.029156589504395564,0.030603436967058806,0.02770745386798179,0.009050155989825726,103.0,0.03225388246296901,0.027970168029685917,0.03143779238182079,0.028536523589323078,,,,,,0.000844562171292564,0.0028535272234713987,-0.0013307823445977373,2.2500863756766094,2.357834428636559,2.1402392691992307,3.0644293223873023,3.2111731525308547,2.91482675703358,1563,0.009790126813013307,True,True,,,,,,
15.0,75.0,R15_D60_B,gatekeeper,75.0,0.5597970434758088,0.5397998673824325,0.5732484595161214,0.5463456274354963,True,0.02690763722445668,215400,3.616346332404828,0.026796657381615598,0.09730733519034354,0.09998664300570534,0.12410399257195914,,,False,0.0,60.0,0.05222849245652424,0.05236285462013897,0.0548817300935875,0.049937554697319586,0.011373492889106274,88.0,0.05586855832629998,0.04860468049743416,0.054500550685503454,0.049995622039676266,,,,,,-0.00013436216361472608,0.0005958443080286413,-0.0008700313576900045,4.592124085902619,4.791891929605053,4.395801780976007,8163,0.011373493285353658,True,,,,,,0.013333333333333334,0.06666666666666667,156294,0.08765195137555983,0.10270157380874431,0.07462425405760251,0.0801023672424824,0.08632905370053831,0.07428827885887018,200,0,0.5037722999292736,0.5106206392205586,0.49692396063798866,True,True,True,0.028811086797957696,0.029156589504395564,0.030661466387930682,0.02764654779264225,0.009050155989825726,136.0,0.030199953545611027,0.027294616442260337,0.02979657113952277,0.027856890803820627,,,,,,-0.0003455027064378671,0.0010885388385655367,-0.0018078373826509785,2.1608315098468274,2.234742835464208,2.089266810286547,3.1834906866895345,3.292382109121859,3.078056480687033,4503,0.00905015583002001,True,True,,,,,,
50.0,70.0,R50_D20_B,baseline,70.0,0.5549440293695497,0.5463636248758874,0.5607157738448432,0.5491722848942562,True,0.0352156546085446,215400,3.346142061281337,0.035078922934076134,0.11783658310120705,0.12212043648120706,0.1529155060352832,,,False,0.0,20.0,0.05611352447147408,0.05611352447147408,0.05725573231229735,0.05490359911913297,0.0122703080996871,82.0,0.05765151632910872,0.05452342755468081,0.05735058746119124,0.05496181206545157,,,,,,0.0,0.0,0.0,4.573114133337654,4.673931722241384,4.479252406933365,9688,0.012270309210612252,True,,,,,,0.014285714285714285,0.02,172650,0.10139049826187717,0.11652744706760261,0.08802393364790105,0.08526413345690455,0.09134166388697611,0.0795555747733356,200,0,0.5007346847214518,0.5069621640660401,0.49450720537686343,True,True,True,0.03125977410947003,0.03125977410947003,0.03207883490487092,0.030474865897315136,0.009794803336262703,126.0,0.03242052022580499,0.030097613083343744,0.032055961470691556,0.030483408241865767,,,,,,0.0,0.0,0.0,2.188184187662902,2.2439173029484087,2.1338385769306036,3.1914653134405846,3.2727520283554092,3.112202273076912,5397,0.009794803026002554,True,True,,,,,,
50.0,70.0,R50_D20_B,first_hop_cred,70.0,0.5551702026685957,0.5472945125559525,0.5604679098956091,0.5498724954415823,True,0.0352156546085446,215400,3.346142061281337,0.035078922934076134,0.11783658310120705,0.12212043648120706,0.1529155060352832,0.545650159281784,0.05625673387717408,False,0.0,20.0,0.05587749782797567,0.05611352447147408,0.05729909723170092,0.05492929306010439,0.0122703080996871,82.0,0.057397861335901156,0.054201478683451994,0.05700675720622476,0.05479281471983736,0.05516339106112635,0.05556676025539639,0.05627787714650025,0.05403960734158455,376826,-0.0002360266434984072,8.390448447657929e-05,-0.0005393547189369711,4.553878542820157,4.6459104027240965,4.465479539215569,38589,0.012270309210612252,True,0.06499397140724579,0.05790319802491818,0.06745164995480414,0.06232855926439646,34834,0.014285714285714285,0.02,690600,0.10136113524471474,0.10870231032434946,0.09446319892603039,0.08334781349551115,0.0863097741240482,0.08047854757740286,200,0,0.5022015762254766,0.5054468203364334,0.4989563321145198,True,True,True,0.03125977410947003,0.03125977410947003,0.03205061598766426,0.030499939775408526,0.009794803336262703,126.0,0.032019133808667076,0.030471228318201298,0.03180777667876489,0.030725027663716868,0.031048812979996072,0.031062081703491798,0.03156410546404067,0.030536378326286705,376826,0.0,0.0005148321149827175,-0.0005244469591497985,2.188184187662902,2.226544367513542,2.1507519364601806,3.1914653134405846,3.247413612537571,3.1368703977150156,21588,0.009794803026002554,True,True,0.10926106677384165,0.03209507952000919,0.1124447096350932,0.10590688907730116,34834,0.05044019693020562
50.0,70.0,R50_D20_B,first_hop_content,70.0,0.5551702026685957,0.5472945125559525,0.5604679098956091,0.5498724954415823,True,0.0352156546085446,215400,3.346142061281337,0.035078922934076134,0.11783658310120705,0.12212043648120706,0.1529155060352832,0.545650159281784,0.11007467637583394,False,0.0,20.0,0.05587749782797567,0.05611352447147408,0.057269832337640436,0.054935464183442306,0.0122703080996871,82.0,0.05747624190189211,0.0542387955114289,0.05691639872073393,0.05475067675606738,0.05516339106112635,0.05556676025539639,0.05633743766586017,0.05400408675060168,376826,-0.0002360266434984072,4.941847568991037e-05,-0.0005494579662365204,4.553878542820157,4.638546408554115,4.462045398881638,38589,0.012270309210612252,True,0.05956445309662516,0.056353783795563175,0.061466578515642384,0.05773589982537513,68833,0.014285714285714285,0.02,690600,0.10136113524471474,0.10870231032434946,0.09446319892603039,0.08334781349551115,0.0863097741240482,0.08047854757740286,200,0,0.49896611553302905,0.501849722435214,0.4960825086308442,True,True,True,0.03125977410947003,0.03125977410947003,0.03200306998617738,0.030457963036651953,0.009794803336262703,126.0,0.032011918455689535,0.030525031789760862,0.03179102708960776,0.030730187399043155,0.031048812979996072,0.031062081703491798,0.03160435198064257,0.030529985098597584,376826,0.0,0.0005472968439301273,-0.0005052901444295794,2.188184187662902,2.2253718962725433,2.1511131179330207,3.1914653134405846,3.245703563942141,3.1373971806745695,21588,0.009794803026002554,True,True,0.09652346984731161,0.0315401043104325,0.09848809934556586,0.09453415501493286,68833,0.09967130031856357
50.0,70.0,R50_D20_B,cred_processor,70.0,0.5550669283958692,0.5467387663026645,0.5606689980402908,0.5494648587514477,True,0.0352156546085446,215400,3.346142061281337,0.035078922934076134,0.11783658310120705,0.12212043648120706,0.1529155060352832,0.5463003185635679,0.07645351534026903,False,0.0,20.0,0.05603243556327831,0.05611352447147408,0.05727097679349321,0.054932817998691236,0.0122703080996871,82.0,0.05772676073012021,0.054369182785156095,0.057181560698388804,0.05491137925582153,0.05603869856205686,0.05617652905705387,0.05721752089150973,0.05476260664974441,377275,-8.10889081957718e-05,6.798413974785411e-05,-0.00023275678018547894,4.5665055869021955,4.660156457095153,4.475142257077775,38696,0.012270309210612252,True,0.05448560479512626,0.05448560479512626,0.05686783831143837,0.052203840285640665,40708,0.014285714285714285,0.02,690600,0.10266434984071822,0.1100451639696476,0.09572532545390573,0.08534607587604981,0.08833932910758996,0.08244507279144223,200,0,0.5029974638921646,0.5062391496432731,0.4997557781410561,True,True,True,0.03121054155806545,0.03125977410947003,0.03203335700303153,0.030503599623215766,0.009794803336262703,126.0,0.032304900910542195,0.0302370447259544,0.03194299036751664,0.03052834990103759,0.031051620170962826,0.031059571930289576,0.03177951556674997,0.030347752540053386,377275,-4.923255140457573e-05,0.0002914817264747227,-0.00038247754180271043,2.1847379090645815,2.236009325726165,2.1369844930726316,3.1864389181905852,3.2612182483625896,3.1167905898661847,21554,0.009794803026002554,True,True,0.03276997150437261,0.032671710720251546,0.034575302142997096,0.031040008538583377,40708,0.058945844193454965
50.0,70.0,R50_D20_B,content_server,70.0,0.5521558033013894,0.545734823375606,0.5564749767669276,0.5478366298358511,True,0.0352156546085446,215400,3.346142061281337,0.035078922934076134,0.11783658310120705,0.12212043648120706,0.1529155060352832,,,False,0.0,20.0,0.062400810889081955,0.05611352447147408,0.057250074378962505,0.054958778966024496,0.0122703080996871,71.0,0.06396835149960108,0.060916831194723985,0.06340467402920737,0.06144815377483625,,,,,,0.0062872864176078775,0.007192942236681496,0.005420576281243557,4.302211111986433,4.371422250348688,4.23653036257909,21547,0.014504358169506473,True,,,,,,0.014285714285714285,0.02,345300,0.06313350709527947,0.07174082010800038,0.05549714092095194,0.08027801911381408,0.08442514907399236,0.07631762370783958,200,0,0.49890571330530004,0.5029295159489363,0.4948819106616637,True,True,True,0.03856935997683174,0.03125977410947003,0.032071250488696065,0.03041923823957947,0.009794803336262703,100.0,0.0396516111166645,0.037539446643578556,0.03929254341149662,0.03789178376863447,,,,,,0.007309585867361714,0.008294465184180986,0.006331444668793086,2.6998551983782217,2.7504780388047636,2.652424863804413,3.0398070761883837,3.0968040842641478,2.9864045578792338,13318,0.012688094675137701,True,True,,,,,,
50.0,70.0,R50_D20_B,validator,70.0,0.5661641714222679,0.5583998043388743,0.571386995457059,0.5609413473874769,True,0.0352156546085446,215400,3.346142061281337,0.035078922934076134,0.11783658310120705,0.12212043648120706,0.1529155060352832,,,False,5.792064871126557e-06,20.0,0.06513756154068925,0.05611352447147408,0.05734538469272221,0.054899755508383045,0.0122703080996871,68.0,0.06681804859915308,0.06342247157635165,0.06629706118049329,0.06398573683933995,,,,,,0.009024037069215176,0.010390683075523564,0.007677690902936659,4.418821042964349,4.49747952029275,4.340683220366413,11246,0.014740936758324111,True,,,,,,0.014285714285714285,0.02,172650,0.12282734646581692,0.13915562505205975,0.10817424245636016,0.10379981464318813,0.11041121753849979,0.09754089313699348,200,0,0.49852740632613407,0.5038908651924544,0.4931639474598137,True,True,True,0.032151752099623516,0.03125977410947003,0.032023098127794726,0.03048547128003777,0.009794803336262703,95.0,0.03328725384796473,0.031132469415869942,0.03290697606353779,0.03134928397206324,,,,,,0.0008919779901534898,0.002072340627760401,-0.00017927106219744557,2.250622646973646,2.3034883244476454,2.194449878044427,3.0419042568406836,3.1133566300606748,2.9659820736376985,5551,0.010569613434518899,True,True,,,,,,
50.0,70.0,R50_D20_B,gatekeeper,70.0,0.5549583743074447,0.5469573504899611,0.5603403892286949,0.5495763593861944,True,0.0352156546085446,215400,3.346142061281337,0.035078922934076134,0.11783658310120705,0.12212043648120706,0.1529155060352832,,,False,0.0,20.0,0.05585095086398301,0.05611352447147408,0.057307151546891984,0.05489510075180028,0.0122703080996871,82.0,0.05757900690453706,0.054298584247083954,0.056947287702241806,0.05477937081662316,,,,,,-0.00026257360749107057,0.0001888981941357253,-0.0007186836436018804,4.551715030594263,4.641063784520578,4.464383894192821,28928,0.012270309210612252,True,,,,,,0.014285714285714285,0.02,517950,0.0971042471042471,0.10546880455034813,0.08933681727328485,0.08413777125646768,0.08758060622295064,0.08081828795433185,200,0,0.5026813272498589,0.5063137094510199,0.49904894504869785,True,True,True,0.031062843903851722,0.03125977410947003,0.032043356176231545,0.030483273322595126,0.009794803336262703,126.0,0.031941766750847284,0.03017923299464176,0.03161309349796246,0.030531398334156384,,,,,,-0.00019693020561830293,0.0005578261453575529,-0.0009575140682547641,2.174399073269621,2.212916544857372,2.137197883390947,3.171359732440588,3.22753744144096,3.1171018195163063,16089,0.009794803026002554,True,True,,,,,,
50.0,90.0,R50_D40_B,baseline,90.0,0.5497872265407011,0.53952467815606,0.5566904916472862,0.542883961434116,True,0.013340376902841865,215400,4.306220984215413,0.013769730733519035,0.05744661095636026,0.05824867958989616,0.0712163416898793,,,False,0.0,40.0,0.045386620330147696,0.045386620330147696,0.0464739842305371,0.04437202175990263,0.009524441324174404,105.0,0.047055649977240585,0.04383315976000029,0.04646736321996716,0.044280570128526896,,,,,,0.0,0.0,0.0,4.765278662864664,4.87874913049229,4.6491511039607065,7836,0.00952444201927603,True,,,,,,0.011111111111111112,0.02,172650,0.07821552723059096,0.09184017184004331,0.06646419612636173,0.0669601482854495,0.07242803533197208,0.06187751721334776,200,0,0.5053534836736743,0.5117930951080378,0.4989138722393108,True,True,True,0.024396177237185058,0.024396177237185058,0.025245356589206062,0.02360751858888369,0.007615452632308006,161.0,0.02551327654278613,0.023323647999947263,0.025194874179702863,0.02364475082378018,,,,,,0.0,0.0,0.0,2.195655951346655,2.2675386761732574,2.128027574140216,3.2035097371167693,3.3083881944047935,3.1048384654390015,4212,0.007615452812433829,True,True,,,,,,
50.0,90.0,R50_D40_B,first_hop_cred,90.0,0.5492807614037948,0.5399075262119302,0.5555858159585342,0.5429757068490554,True,0.013340376902841865,215400,4.306220984215413,0.013769730733519035,0.05744661095636026,0.05824867958989616,0.0712163416898793,0.6177787431219229,0.05464585901865281,False,0.0,40.0,0.04519982623805387,0.045386620330147696,0.04654021621150846,0.04426711695410608,0.009524442255496979,105.0,0.04666889812798375,0.04375531087101553,0.04618493232739505,0.04421160620570533,0.04496083330598775,0.045176472794265864,0.046007107435321465,0.0438730775610349,426638,-0.00018679409209383145,0.00011368403003687814,-0.00046881792476374513,4.745666585672552,4.849095856106188,4.641910372936045,31215,0.00952444201927603,True,0.053252569328816675,0.047051731067347995,0.055541164685312325,0.05105572424769801,34834,0.011111111111111112,0.02,690600,0.07761366927309586,0.08416155536240039,0.07153542628792947,0.06623226180133218,0.06890384558579413,0.06365718051028804,200,0,0.5013661277047713,0.504828067956024,0.49790418745351855,True,True,True,0.02449609035621199,0.024396177237185058,0.025234183027048388,0.023646690203213493,0.007615453097969294,161.0,0.02512138435788914,0.02378597048025705,0.025002237792781882,0.024039171603803092,0.024357886545502277,0.024214908189143958,0.024802065960154624,0.02390316206763268,426638,9.99131190269331e-05,0.0006784787032994772,-0.0005055694191878412,2.204648132059079,2.2502014013503695,2.1635254443422784,3.216629524145559,3.283092733758453,3.156630629311245,16917,0.007615452812433829,True,True,0.09714646609634266,0.024860768214962393,0.10016396844998585,0.09409048047725792,34834,0.05044019693020562
50.0,90.0,R50_D40_B,first_hop_content,90.0,0.5492807614037948,0.5399075262119302,0.5555858159585342,0.5429757068490554,True,0.013340376902841865,215400,4.306220984215413,0.013769730733519035,0.05744661095636026,0.05824867958989616,0.0712163416898793,0.6177787431219229,0.10734393092035871,False,0.0,40.0,0.04519982623805387,0.045386620330147696,0.046496249563642476,0.04422362394743772,0.009524442255496979,105.0,0.04671406342811055,0.04369862400233102,0.046232519306363275,0.04417990712339679,0.04496083330598775,0.045176472794265864,0.04605874965463695,0.043879494919525995,426638,-0.00018679409209383145,0.00011267989220906716,-0.00047639514587572763,4.745666585672552,4.854092157083391,4.638582190324992,31215,0.00952444201927603,True,0.04911888193163163,0.046344050092252266,0.05092875365852436,0.04735106796323595,68833,0.011111111111111112,0.02,690600,0.07761366927309586,0.08416155536240039,0.07153542628792947,0.06623226180133218,0.06890384558579413,0.06365718051028804,200,0,0.5003342557862885,0.5036931677432693,0.49697534382930775,True,True,True,0.02449609035621199,0.024396177237185058,0.025236911756519726,0.023598007389407965,0.007615453097969294,161.0,0.025243076747259233,0.023842919214117738,0.02496110239277925,0.024030247633372897,0.024357886545502277,0.024214908189143958,0.02480364659674404,0.023916263108426903,426638,9.99131190269331e-05,0.000670253863731453,-0.0004527923325677278,2.204648132059079,2.2464992153501324,2.1627222870035605,3.216629524145559,3.277691163948255,3.1554588053041916,16917,0.007615452812433829,True,True,0.08503188877427978,0.024828207400520098,0.08701566628839495,0.08309912239213169,68833,0.09967130031856357
50.0,90.0,R50_D40_B,cred_processor,90.0,0.5490939320326405,0.5390140397200774,0.5558743306501603,0.5423135334151206,True,0.013340376902841865,215400,4.306220984215413,0.013769730733519035,0.05744661095636026,0.05824867958989616,0.0712163416898793,0.5489892846799884,0.0740823776415602,False,0.0,40.0,0.04541268462206777,0.045386620330147696,0.04648600705950033,0.044290002735665905,0.009524442255496979,105.0,0.04705453767526922,0.04383657351206991,0.04654244564916747,0.04432800589396735,0.04575978814766361,0.045738687317345934,0.04693751408552026,0.04456503122468991,379132,2.6064291920069504e-05,0.000167134837070912,-0.00011892499955237203,4.768015231775191,4.8866322620236025,4.654131528571876,31362,0.00952444201927603,True,0.0446840915790508,0.04463496118699027,0.046638891502863475,0.042756187313625564,40708,0.011111111111111112,0.02,690600,0.07660005792064871,0.0831106674427042,0.07056021851737959,0.06686938893715609,0.06955258467604006,0.0642825539468071,200,0,0.4979496689686643,0.5014412073012816,0.494458130636047,True,True,True,0.024359976831740515,0.024396177237185058,0.025223313648464408,0.02361778450921295,0.007615453097969294,161.0,0.025354142480975835,0.023403112465853537,0.02502895184280999,0.02375646065218768,0.024218477997109186,0.024197377166791514,0.024898470915658884,0.023556803425665736,379132,-3.620040544454098e-05,0.0002959209994263529,-0.00038015173406046434,2.192397914856646,2.252605665852899,2.1380814586968913,3.198756191091845,3.2866006079040972,3.119507301443751,16823,0.007615452812433829,True,True,0.024712587206445907,0.025203891127051195,0.026386916151944897,0.023104915368655485,40708,0.058945844193454965
50.0,90.0,R50_D40_B,content_server,90.0,0.544900372213601,0.5374465694902372,0.549914290231135,0.539886454196067,True,0.013340376902841865,215400,4.306220984215413,0.013769730733519035,0.05744661095636026,0.05824867958989616,0.0712163416898793,,,False,0.0,40.0,0.050544454097885896,0.045386620330147696,0.046460377952625094,0.04428192579473111,0.009524442255496979,91.0,0.052034557611354386,0.04895784106919999,0.051525108715317555,0.049516375072905884,,,,,,0.005157833767738199,0.005961753350757852,0.004360684540614103,4.48637756273894,4.573421471926709,4.395124214518769,17453,0.011266206062921827,True,,,,,,0.011111111111111112,0.02,345300,0.04923255140457573,0.05696311214150327,0.04250383273192349,0.06226469736461048,0.06596732703859462,0.058756816382187126,200,0,0.5001974925804591,0.5049912302883798,0.49540375487253846,True,True,True,0.030066608746017954,0.024396177237185058,0.025133120538479926,0.02363065104876408,0.007615452632308006,129.0,0.030944257595069902,0.029209890954201487,0.03067442810270837,0.02944305155196605,,,,,,0.005670431508832899,0.006532220202498731,0.004801273281392663,2.705994787141616,2.7606985292437534,2.6498746396769444,3.047429791006994,3.109035901319465,2.9842285571863636,10382,0.009866218685249097,True,True,,,,,,
50.0,90.0,R50_D40_B,validator,90.0,0.5674667839586699,0.558346723719507,0.5736015363865553,0.5613320315307845,True,0.013340376902841865,215400,4.306220984215413,0.013769730733519035,0.05744661095636026,0.05824867958989616,0.0712163416898793,,,False,1.737619461337967e-05,40.0,0.05228496959165942,0.045386620330147696,0.04649243182149969,0.04431457079588977,0.009524441324174404,88.0,0.05406686592631459,0.05057147901546717,0.05343723721936613,0.051188326997158515,,,,,,0.006898349261511729,0.00805229523136206,0.005687922822859557,4.566589860805665,4.667229369764267,4.47080866418096,9027,0.011449455980361458,True,,,,,,0.011111111111111112,0.02,172650,0.10950173812282735,0.12510984396951869,0.0956279912081695,0.08862372567191844,0.09480354951031594,0.08280988470274739,200,0,0.5015174267677387,0.5073368242819098,0.49569802925356754,True,True,True,0.024483058210251953,0.024396177237185058,0.0251730414646578,0.023632435881467566,0.007615452632308006,123.0,0.02552074217981287,0.023484635618943456,0.025166067115284043,0.023799279567396425,,,,,,8.688097306689835e-05,0.001082090734680413,-0.000971437987807231,2.203475238922676,2.264946040375564,2.1419351610656783,2.980505888869435,3.0636536740078935,2.897264397785585,4227,0.008214396858494,True,True,,,,,,
50.0,90.0,R50_D40_B,gatekeeper,90.0,0.5486355350180121,0.5398499525271492,0.5545452957106843,0.5427257743253399,True,0.013340376902841865,215400,4.306220984215413,0.013769730733519035,0.05744661095636026,0.05824867958989616,0.0712163416898793,,,False,0.0,40.0,0.04518196737136789,0.045386620330147696,0.04644136441290796,0.04431235732308007,0.009524441324174404,105.0,0.0466141811708452,0.04381851966522582,0.04616680101199537,0.04418072142851929,,,,,,-0.000204652958779805,0.00024723062545343804,-0.0006538889632311471,4.7437915291968205,4.847192194415247,4.638667686684867,23402,0.00952444201927603,True,,,,,,0.011111111111111112,0.02,517950,0.07837837837837838,0.08601387463317371,0.07136776315447098,0.06718665534018071,0.07030026973132723,0.06420142059672844,200,0,0.5026949788620924,0.5064771600363231,0.4989127976878616,True,True,True,0.024174148083791872,0.024396177237185058,0.02518665727655621,0.023631053673481117,0.007615453097969294,161.0,0.024896491867894822,0.02343955363134326,0.024682923159648287,0.023693460998352737,,,,,,-0.00022202915339318468,0.0005001776871821729,-0.0009285654441230637,2.1756733275412685,2.2214630843683456,2.132411489851746,3.1743546548305686,3.241162904896242,3.1112346937096342,12521,0.007615452812433829,True,True,,,,,,
50.0,110.0,R50_D60_B,baseline,110.0,0.5437198377408223,0.5330288534691543,0.5509112970072273,0.5365283784744174,True,0.005146071499780323,215400,5.262237697307335,0.005227483751160632,0.027079851439182914,0.027222154811129676,0.032307335190343546,,,False,0.0,60.0,0.038308717057631045,0.038308717057631045,0.039332266204545704,0.037199331371706945,0.007797655183821917,129.0,0.03986225202615366,0.03665642825106561,0.03942509199532205,0.03725811997373088,,,,,,0.0,0.0,0.0,4.912851210007119,5.056019250722395,4.778118763939973,6614,0.007797654644944057,True,,,,,,0.00909090909090909,0.02,172650,0.051564310544611816,0.0630289620085063,0.04209134129643536,0.054564411492122336,0.05955699100498943,0.049968115880177716,200,0,0.49790585607386795,0.505695397612704,0.49011631453503196,True,True,True,0.020144801621778164,0.020144801621778164,0.02081843388056522,0.019457122467581123,0.006235382054001093,197.0,0.02114524528954816,0.019124240997620966,0.020823148386622328,0.019508529940517452,,,,,,0.0,0.0,0.0,2.215928178395598,2.290546322528456,2.1459382934569198,3.2307244039717045,3.33951432847352,3.1286822748507706,3478,0.006235382255760679,True,True,,,,,,
50.0,110.0,R50_D60_B,first_hop_cred,110.0,0.5445953439476383,0.5343491519931511,0.5514876066433877,0.5377030812518889,True,0.005146071499780323,215400,5.262237697307335,0.005227483751160632,0.027079851439182914,0.027222154811129676,0.032307335190343546,0.6786258326093252,0.053655216265984434,False,0.0,60.0,0.03788010425716768,0.038308717057631045,0.039370433677099824,0.03716803219332378,0.007797655183821917,129.0,0.03933566084339896,0.036396136800226804,0.03881022499926162,0.03690007988831957,0.03766917951004888,0.038025515353380605,0.03873863998375732,0.0366681696678865,468659,-0.00042861280046336517,-0.00014754583421247813,-0.0006987972804282894,4.857884323170028,4.9771664386837005,4.732202382449102,26160,0.007797654644944057,True,0.04449675604294655,0.038927484641442266,0.04672641453864455,0.042335959606559934,34834,0.00909090909090909,0.02,690600,0.05140457573124819,0.05686655222347853,0.04644138372191807,0.05285259194902983,0.055262614274723995,0.050542048759293134,200,0,0.5010610642815352,0.5049638171243539,0.49715831143871647,True,True,True,0.019869678540399654,0.020144801621778164,0.020798014247400076,0.019442012340814788,0.006235382054001093,197.0,0.020481184278766697,0.019243864168234003,0.02028410476525237,0.01948035030198678,0.019850253595898083,0.02023219441000813,0.02026152460466612,0.019468905489222737,468659,-0.00027512308137851146,0.00020695400829442566,-0.0007907153039342414,2.185664639443962,2.2312515241777606,2.1428385332185456,3.1866015146132645,3.2530651583569723,3.1241629627420964,13722,0.006235382255760679,True,True,0.08612275363150944,0.02072687604064994,0.08932116436343376,0.08318307217498959,34834,0.05044019693020562
50.0,110.0,R50_D60_B,first_hop_content,110.0,0.5445953439476383,0.5343491519931511,0.5514876066433877,0.5377030812518889,True,0.005146071499780323,215400,5.262237697307335,0.005227483751160632,0.027079851439182914,0.027222154811129676,0.032307335190343546,0.6786258326093252,0.10528550609291618,False,0.0,60.0,0.03788010425716768,0.038308717057631045,0.03934828284058632,0.03721791731531591,0.007797655183821917,129.0,0.03917324175708774,0.036355551646075186,0.03888541132626492,0.03690208500116228,0.03766917951004888,0.038025515353380605,0.0386838750520936,0.03663904112978948,468659,-0.00042861280046336517,-0.00016063344799524965,-0.0007023645563324454,4.857884323170028,4.9868086106478104,4.732459525517628,26160,0.007797654644944057,True,0.04137550302907036,0.03913820405909956,0.04292050114633725,0.0396845237392355,68833,0.00909090909090909,0.02,690600,0.05140457573124819,0.05686655222347853,0.04644138372191807,0.05285259194902983,0.055262614274723995,0.050542048759293134,200,0,0.5030000276036641,0.5066721376539721,0.49932791755335615,True,True,True,0.019869678540399654,0.020144801621778164,0.020835197811791665,0.019496209451119007,0.006235382054001093,197.0,0.020504477654860243,0.019339888681565442,0.020272485839853402,0.01943512663231738,0.019850253595898083,0.02023219441000813,0.020240284352710563,0.019459557319322685,468659,-0.00027512308137851146,0.00021740101329817857,-0.0007662445348750489,2.185664639443962,2.229973442383874,2.1378639295549116,3.1866015146132645,3.251201772132618,3.1169102125794867,13722,0.006235382255760679,True,True,0.07571949500966106,0.02067322359914576,0.07772248629738238,0.07366691817283362,68833,0.09967130031856357
50.0,110.0,R50_D60_B,cred_processor,110.0,0.542838338283848,0.5322524902990156,0.5499590759679378,0.5357176005997581,True,0.005146071499780323,215400,5.262237697307335,0.005227483751160632,0.027079851439182914,0.027222154811129676,0.032307335190343546,0.5503634520706632,0.07220829244292663,False,0.0,60.0,0.03829423689545323,0.038308717057631045,0.039329506626800737,0.03725203184792023,0.007797655183821917,129.0,0.03982670700910122,0.03661337972096564,0.039307774392568474,0.03726747720005218,0.03832604102809664,0.038352351209347484,0.03950207097870985,0.037121386761588444,380081,-1.4480162177816392e-05,0.00010112972422748683,-0.0001333027633961679,4.9109942205869475,5.040974008518748,4.779318769165566,26446,0.007797654644944057,True,0.036626707281124105,0.03650388130097278,0.038614321991299556,0.0346807010466482,40708,0.00909090909090909,0.02,690600,0.05111497248769186,0.05656323890585169,0.04616581255661746,0.05421372719374457,0.05665206358669088,0.05187456711814238,200,0,0.5035517487413389,0.5072608020398404,0.49984269544283744,True,True,True,0.0199840718216044,0.020144801621778164,0.020827006195508226,0.01950661075596879,0.006235382054001093,197.0,0.020816205459447006,0.019135986965080908,0.02056361927677894,0.019408158952901614,0.020058882185639376,0.020158860874392562,0.020705884481961576,0.01941043385859219,380081,-0.00016072980017376194,0.00012492576238777714,-0.0004636907619739427,2.1982479003764843,2.2619981204456834,2.1348974848191773,3.2049473475570367,3.2978923237273605,3.1125852685247977,13801,0.006235382255760679,True,True,0.020020634764665424,0.020536503881300974,0.021428919718674208,0.01863672625658927,40708,0.058945844193454965
50.0,110.0,R50_D60_B,content_server,110.0,0.5402486080839813,0.5317133236576748,0.5459900018340058,0.5345072143339569,True,0.005146071499780323,215400,5.262237697307335,0.005227483751160632,0.027079851439182914,0.027222154811129676,0.032307335190343546,,,False,0.0,60.0,0.04271068635968723,0.038308717057631045,0.039402368079343796,0.037272766702028406,0.007797654252499342,111.0,0.04406695467248957,0.041412884582331506,0.043630862807180024,0.04181227782566501,,,,,,0.004401969302056183,0.0051863394081109165,0.0036098394764248255,4.63204414963707,4.731838798085189,4.534610267190043,14748,0.009220699324084312,True,,,,,,0.00909090909090909,0.02,345300,0.04257167680278019,0.049829274787328626,0.036330724844908804,0.04888502751230814,0.05220297963815148,0.0457677767009499,200,0,0.5004265814665462,0.5055440680316764,0.4953090949014159,True,True,True,0.02481320590790617,0.020144801621778164,0.020817359292843264,0.01948984138991628,0.006235382054001093,157.0,0.02563205852018949,0.023977018231664284,0.025347353165980503,0.024281821951927515,,,,,,0.004668404286128004,0.005417661195869523,0.003877236944085911,2.7294526498696787,2.7882088482578555,2.6710004147120268,3.071348088655987,3.1374641788636097,3.005574036580859,8568,0.008078929900376208,True,True,,,,,,
50.0,110.0,R50_D60_B,validator,110.0,0.5595015579448901,0.5497950544078317,0.5660307907107597,0.5529723251790205,True,0.005146071499780323,215400,5.262237697307335,0.005227483751160632,0.027079851439182914,0.027222154811129676,0.032307335190343546,,,False,0.0,60.0,0.04441355343179844,0.038308717057631045,0.03931429940105027,0.03724087883039471,0.007797655183821917,107.0,0.04609332149848637,0.042957807826062,0.04555553610894926,0.04329423891154952,,,,,,0.00610483637416739,0.007254003287158591,0.005025352295385081,4.7388516185044525,4.860699253736576,4.6194226375731615,7668,0.009372218631697744,True,,,,,,0.00909090909090909,0.02,172650,0.06952491309385864,0.08250474512010955,0.05845699306538354,0.06997219647822057,0.07554718387722285,0.06477978537056399,200,0,0.5055696999353977,0.5127138069997716,0.49842559287102367,True,True,True,0.02041702867072111,0.020144801621778164,0.02080477009141656,0.019475059666127132,0.006235382054001093,149.0,0.021320682129433128,0.019338975768241784,0.021022790614498535,0.01977433577961344,,,,,,0.00027222704894294816,0.0012786000342949943,-0.0006741145017187698,2.245873153779322,2.312506967594839,2.1751769357574786,3.0361806408546927,3.126262440529149,2.940606904564929,3525,0.006724576395748859,True,True,,,,,,
50.0,110.0,R50_D60_B,gatekeeper,110.0,0.5442175546946775,0.5337595045165722,0.5512523271675145,0.5371827822218405,True,0.005146071499780323,215400,5.262237697307335,0.005227483751160632,0.027079851439182914,0.027222154811129676,0.032307335190343546,,,False,0.0,60.0,0.037966985230234576,0.038308717057631045,0.03942434991239106,0.037273514532951996,0.007797654718160629,129.0,0.03942476710963829,0.03657359834682391,0.03894918685314831,0.036984796758316514,,,,,,-0.00034173182739646684,5.579796865780485e-05,-0.0007477403027429117,4.86902625969106,4.994987419506029,4.743066786408294,19665,0.007797654644944057,True,,,,,,0.00909090909090909,0.02,517950,0.054247104247104244,0.060752209705836814,0.04840264453027656,0.053054289906556494,0.055851021588408295,0.05039012976739901,200,0,0.5018635227245419,0.505895197279353,0.49783184816973086,True,True,True,0.019718119509605173,0.020144801621778164,0.020828486433597464,0.01950284725106694,0.006235382054001093,197.0,0.020320405968751825,0.01906326710088167,0.020156492351897717,0.01930165028084028,,,,,,-0.00042668211217298965,0.0002156081338164291,-0.0010541918415750203,2.168993146056569,2.217214158708749,2.123181530892431,3.1622952211772106,3.2325993058846954,3.095503930494089,10213,0.006235382255760679,True,True,,,,,,
40.0,40.0,R40_control,baseline,40.0,0.996282184073958,0.9958443361858886,0.9965767093647936,0.9959876587831223,False,0.1484171823154874,215400,1.9154456824512536,0.14642525533890435,0.28428505106778085,0.33305232241923205,0.43071030640668523,,,True,1.0,0.0,0.9943729786956332,0.9943729786956332,0.9947622096925345,0.9939546669386817,0.986058235168457,1.0,0.9949450932596345,0.9937902571733211,0.9947693460960547,0.9939357590144343,,,,,,0.0,0.0,0.0,1.0084324059258376,1.0088343775600244,1.0079890044009812,137130,0.9860581362245133,True,,,,,,0.025,0.025,137906,1.0,1.0,0.9972220540567462,1.0,1.0,0.9994431733438689,200,0,0.4990774237103628,0.5044487873163311,0.49370606010439444,True,True,True,0.994271460270039,0.994271460270039,0.9947244240808406,0.9938088068704639,0.9858611822128296,1.0,0.9948811496886246,0.9936263079083985,0.994715931476407,0.9938256917721231,,,,,,0.0,0.0,0.0,39.77085841080156,39.78863725905628,39.753027670884926,1.0085309358218024,1.0089817814707185,1.0080787742760602,137116,0.9858611421372573,True,True,,,,,,
40.0,40.0,R40_control,first_hop_cred,40.0,0.9962821840739579,0.9958443361858885,0.9965767093647935,0.9959876587831222,False,0.1484171823154874,215400,1.9154456824512536,0.14642525533890435,0.28428505106778085,0.33305232241923205,0.43071030640668523,0.15050106594346874,0.3309804866297278,True,1.0,0.0,0.9943729786956332,0.9943729786956332,0.9947861985393545,0.9939738898582315,0.986058235168457,1.0,0.9949141094488757,0.9937670246240988,0.9947939812993103,0.9939352544725144,0.9942062153697904,0.9942062153697904,0.9948522675008751,0.9935413184053775,83020,0.0,0.0,0.0,1.0084324059258376,1.0088593610801138,1.0079884927253493,548520,0.9860581362245133,True,0.9948173383589446,0.9948173383589446,0.9956319621460135,0.9939336976765984,27592,0.025,0.025,551624,1.0,1.0,0.9993040635588265,1.0,0.9999999999999999,0.9998607402247922,200,0,0.5026745843054902,0.5054882651716834,0.49986090343929684,True,True,True,0.994271460270039,0.994271460270039,0.994700432687205,0.9938304359829835,0.9858611822128296,1.0,0.9949216317161,0.9936297318885073,0.9947108238896923,0.9938259834088462,0.9942664418212479,0.9942664418212479,0.9948739325832211,0.9936546354490902,83020,0.0,0.0,0.0,39.77085841080156,39.788432955587695,39.75303933635385,1.0085309358218024,1.008976600632874,1.00807907009533,548464,0.9858611421372573,True,True,0.9949623079153378,0.9949623079153378,0.9957911770686646,0.9941238117993711,27592,0.050019578553507464
40.0,40.0,R40_control,first_hop_content,40.0,0.9962821840739579,0.9958443361858885,0.9965767093647935,0.9959876587831222,False,0.1484171823154874,215400,1.9154456824512536,0.14642525533890435,0.28428505106778085,0.33305232241923205,0.43071030640668523,0.15050106594346874,0.6641291255119248,True,1.0,0.0,0.9943729786956332,0.9943729786956332,0.9947850217700698,0.9939795989130914,0.986058235168457,1.0,0.9950112546003732,0.9937682120727706,0.9947597297997739,0.9939662112265801,0.9942062153697904,0.9942062153697904,0.9948254430280414,0.9935915034654527,83020,0.0,0.0,0.0,1.0084324059258376,1.0088246252990496,1.0080198871765773,548520,0.9860581362245133,True,0.9940092747974522,0.9940092747974522,0.9947158986118848,0.9932881057742065,55419,0.025,0.025,551624,1.0,1.0,0.9993040635588265,1.0,0.9999999999999999,0.9998607402247922,200,0,0.5031644498180108,0.5063830071152466,0.4999458925207749,True,True,True,0.994271460270039,0.994271460270039,0.9947157887989019,0.9938443272101584,0.9858611822128296,1.0,0.9948568998959126,0.9936649014430242,0.9946937211311242,0.9938174806652982,0.9942664418212479,0.9942664418212479,0.9948676546642073,0.99361993951022,83020,0.0,0.0,0.0,39.77085841080156,39.78774884524497,39.752699226611924,1.0085309358218024,1.0089592525928335,1.0080704454085616,548464,0.9858611421372573,True,True,0.994081452209531,0.994081452209531,0.9948076585990296,0.9933341494850426,55419,0.10046517192870506
40.0,40.0,R40_control,cred_processor,40.0,0.9962821840739579,0.9958443361858885,0.9965767093647935,0.9959876587831222,False,0.1484171823154874,215400,1.9154456824512536,0.14642525533890435,0.28428505106778085,0.33305232241923205,0.43071030640668523,0.03914079155366699,0.952758093650132,True,1.0,0.0,0.9943729786956332,0.9943729786956332,0.9947831763923373,0.9939582947773802,0.986058235168457,1.0,0.9949548840565113,0.9937189461297774,0.9947750552869868,0.9939780921979768,0.9909221434857116,0.9909221434857116,0.9922592314051855,0.9894831576018615,21591,0.0,0.0,0.0,1.0084324059258376,1.0088401674731364,1.0080319361328816,548520,0.9860581362245133,True,0.9934995247294024,0.9934995247294024,0.9943898516820177,0.9925707643803434,32613,0.025,0.025,551624,1.0,1.0,0.9993040635588265,1.0,0.9999999999999999,0.9998607402247922,200,0,0.5016097584357269,0.5046794100870949,0.4985401067843588,True,True,True,0.994271460270039,0.994271460270039,0.9947056973149186,0.9938291838993658,0.9858611822128296,1.0,0.9949591065909329,0.9936354558637908,0.9947032202346067,0.9938336232349394,0.9912000370524756,0.9912000370524756,0.9925818843318843,0.9897411885513644,21591,0.0,0.0,0.0,39.77085841080156,39.78812880938427,39.75334492939758,1.0085309358218024,1.0089688879289638,1.0080868194889987,548464,0.9858611421372573,True,True,0.9935608499678042,0.9935608499678042,0.9943997357215446,0.9926962050847382,32613,0.05912179310544864
40.0,40.0,R40_control,content_server,40.0,0.9967036867655009,0.9963308940019098,0.996954451700333,0.9964529218306688,False,0.1484171823154874,215400,1.9154456824512536,0.14642525533890435,0.28428505106778085,0.33305232241923205,0.43071030640668523,,,True,1.0,0.0,0.9949204530622308,0.9943729786956332,0.9947819651252992,0.9939467532774957,0.986058235168457,1.0,0.9954404081933946,0.9943965972458279,0.9953118823557602,0.9945393583465358,,,,,,0.0005474743665975374,0.0006469421638516774,0.000453401489344865,1.0067554594557104,1.0071515449689177,1.0063698314545826,274411,0.9882444080314419,True,,,,,,0.025,0.025,275812,1.0,1.0,0.9986090950990596,1.0,1.0000000000000002,0.9997215293244102,200,0,0.5029610666137121,0.5073072688308781,0.49861486439654606,True,True,True,0.9948189346366365,0.994271460270039,0.9946996255778364,0.9938216469878067,0.9858611822128296,1.0,0.9953886984360829,0.9942244446142912,0.9952328261935315,0.9944018806535381,,,,,,0.0005474743665975374,0.0006445774573938569,0.0004449904470518898,39.792757385465464,39.809313047741256,39.77607522614152,1.0068177231393807,1.0072366067577265,1.0063956389519273,274383,0.9880824619720335,True,True,,,,,,
40.0,40.0,R40_control,validator,40.0,0.9984016889120397,0.9981261331393838,0.9985870458505893,0.9982163319734901,False,0.1484171823154874,215400,1.9154456824512536,0.14642525533890435,0.28428505106778085,0.33305232241923205,0.43071030640668523,,,True,1.0,0.0,0.9977448406885849,0.9943729786956332,0.9947977930144194,0.9939429316839705,0.986058235168457,1.0,0.9981127281980643,0.9973696778592359,0.9980127773197328,0.9974793401256449,,,,,,0.0033718619929517207,0.0037200053155128612,0.0030253161292466903,1.003677610341907,1.003947140172287,1.0034105310650328,137595,0.9940889688160913,True,,,,,,0.025,0.025,137906,1.0,1.0,0.9972220540567462,1.0,1.0,0.9994431733438689,200,0,0.5005518432222625,0.5067872784057895,0.4943164080387355,True,True,True,0.9977448406885849,0.994271460270039,0.9946926674171005,0.9938270210481259,0.9858611822128296,1.0,0.9980853912941509,0.9973904166102294,0.9979779698879195,0.9974924276234666,,,,,,0.003473380418545966,0.0038686190882180594,0.00310609473970649,39.909793627543394,39.91911879551678,39.89969710493866,1.0037569302579565,1.0039914642188799,1.0035029962328752,137595,0.9940104128916684,True,True,,,,,,
40.0,40.0,R40_control,gatekeeper,40.0,0.9962854360646296,0.9958470581456905,0.9965803178890933,0.9959905542401659,False,0.1484171823154874,215400,1.9154456824512536,0.14642525533890435,0.28428505106778085,0.33305232241923205,0.43071030640668523,,,True,1.0,0.0,0.9943705615902619,0.9943729786956332,0.9948081761244074,0.993948010769555,0.9860581159591675,1.0,0.994904180832411,0.9937555281655039,0.9947698096640868,0.9939571253914903,,,,,,-2.417105371291556e-06,0.0,-7.267135542850593e-06,1.0084299546450433,1.0088348476824391,1.0080106728769778,411389,0.9860581362245133,True,,,,,,0.025,0.025,413718,1.0,1.0000000000000002,0.9990722999518588,1.0,1.0,0.9998143311620662,200,0,0.5025493996591661,0.5059790766968355,0.4991197226214968,True,True,True,0.994271460270039,0.994271460270039,0.9947111367708305,0.9938166040937568,0.9858611226081848,1.0,0.9948572822917047,0.9936241730908215,0.9946908913583412,0.9938245006476143,,,,,,0.0,0.0,0.0,39.77085841080156,39.78763565433365,39.75298002590457,1.0085309358218024,1.00895638223649,1.0080775660688819,411348,0.9858611421372573,True,True,,,,,,
